username,naziv_firme,paket,grad,kanton,oglasa_snimak,oglasa_api,oglasa_vozila,udio_vozila,shop_category_id,klasifikacija,prolaz,obrazlozenje,link
AirMax_ACTIOOON,AirMax_ACTIOOON,Platinum,,Nepoznato,587,587,0,0,18,nije_auto,prvi,shop_category_id nije 17 i histogram nema dominantnu kategoriju 928 (auto dijelovi); nema veze sa automobilima,https://olx.ba/shops/AirMax_ACTIOOON/aktivni
Alex_prnjat,Banja Luka,Platinum,,Regija Banja Luka,0,0,0,0,18,neaktivan,prvi,,https://olx.ba/shops/Alex_prnjat/aktivni
Allservice,All service d.o.o.,Platinum,,Nepoznato,5,5,0,0,2,nije_auto,prvi,shop_category_id nije 17 i histogram nema dominantnu kategoriju 928 (auto dijelovi); nema veze sa automobilima,https://olx.ba/shops/Allservice/aktivni
AlphaAgency,AlphaAgency,Platinum,,Nepoznato,0,0,0,0,,neaktivan,prvi,,https://olx.ba/shops/AlphaAgency/aktivni
Amadej_G,Amadej_G,Platinum,,Nepoznato,0,0,0,0,18,neaktivan,prvi,,https://olx.ba/shops/Amadej_G/aktivni
AMKGradnja,AMK Gradnja d.o.o.,Platinum,,Nepoznato,1,1,0,0,18,nije_auto,prvi,shop_category_id nije 17 i histogram nema dominantnu kategoriju 928 (auto dijelovi); nema veze sa automobilima,https://olx.ba/shops/AMKGradnja/aktivni
Andela_nails,Andela_nails,Platinum,,Nepoznato,0,0,0,0,18,neaktivan,prvi,,https://olx.ba/shops/Andela_nails/aktivni
antonioveliki,Fis,Platinum,,Nepoznato,0,0,0,0,18,neaktivan,prvi,,https://olx.ba/shops/antonioveliki/aktivni
Auto_Exclusive,AUTO EXCLUSIVE d.o.o.,Platinum,,Nepoznato,3,0,0,0,17,neaktivan,prvi,,https://olx.ba/shops/Auto_Exclusive/aktivni
BalkanMediaTV,BalkanMediaTV,Platinum,,Nepoznato,0,0,0,0,18,neaktivan,prvi,,https://olx.ba/shops/BalkanMediaTV/aktivni
Bambivolani,Autmakans,Platinum,,Nepoznato,52,0,0,0,17,neaktivan,prvi,,https://olx.ba/shops/Bambivolani/aktivni
Besimagrilec22,Kingsley,Platinum,,Nepoznato,0,0,0,0,18,neaktivan,prvi,,https://olx.ba/shops/Besimagrilec22/aktivni
BFLAPTOPS,BFLAPTOPS,Platinum,,Nepoznato,0,0,0,0,18,neaktivan,prvi,,https://olx.ba/shops/BFLAPTOPS/aktivni
BHPosteExpress,Olx,Platinum,,Nepoznato,0,0,0,0,,neaktivan,prvi,,https://olx.ba/shops/BHPosteExpress/aktivni
BlueAngel77,Car Detailing 77,Platinum,,Nepoznato,0,0,0,0,18,neaktivan,prvi,,https://olx.ba/shops/BlueAngel77/aktivni
CapitolEstateTr,Capitol Estate Nekretnine u Turskoj,Platinum,,Nepoznato,0,0,0,0,,neaktivan,prvi,,https://olx.ba/shops/CapitolEstateTr/aktivni
Daniiii_123,Daniiii_123,Platinum,,Nepoznato,0,0,0,0,18,neaktivan,prvi,,https://olx.ba/shops/Daniiii_123/aktivni
David_jurk013,Technika,Platinum,,Nepoznato,0,0,0,0,18,neaktivan,prvi,,https://olx.ba/shops/David_jurk013/aktivni
daviddddmmmk,Nmmnl,Platinum,,Nepoznato,0,0,0,0,18,neaktivan,prvi,,https://olx.ba/shops/daviddddmmmk/aktivni
domuturskoj,domuturskoj,Platinum,,Nepoznato,0,0,0,0,,neaktivan,prvi,,https://olx.ba/shops/domuturskoj/aktivni
Edvin123455,Balkawom Fashion,Platinum,,Nepoznato,0,0,0,0,18,neaktivan,prvi,,https://olx.ba/shops/Edvin123455/aktivni
ELVISbiba,EM-T PROJEKTI,Platinum,,Nepoznato,21,0,0,0,18,neaktivan,prvi,,https://olx.ba/shops/ELVISbiba/aktivni
Emrah_0,Nzm,Platinum,,Nepoznato,0,0,0,0,18,neaktivan,prvi,,https://olx.ba/shops/Emrah_0/aktivni
EuromixBeton,EuromixBeton,Platinum,,Nepoznato,0,0,0,0,18,neaktivan,prvi,,https://olx.ba/shops/EuromixBeton/aktivni
EVERPRINT,EVERPRINT,Platinum,,Nepoznato,0,0,0,0,,neaktivan,prvi,,https://olx.ba/shops/EVERPRINT/aktivni
EXYUMedia,XOTT,Platinum,,Nepoznato,0,1,0,0,,nije_auto,prvi,shop_category_id nije 17 i histogram nema dominantnu kategoriju 928 (auto dijelovi); nema veze sa automobilima,https://olx.ba/shops/EXYUMedia/aktivni
Felizardo,Felizardo,Platinum,,Nepoznato,0,0,0,0,,neaktivan,prvi,,https://olx.ba/shops/Felizardo/aktivni
filip323161,Filip Novak,Platinum,,Nepoznato,0,0,0,0,18,neaktivan,prvi,,https://olx.ba/shops/filip323161/aktivni
Ginat67,Ginat67,Platinum,,Nepoznato,0,0,0,0,,neaktivan,prvi,,https://olx.ba/shops/Ginat67/aktivni
GlacierTrucks,Glacier doo Šimanovci,Platinum,,Nepoznato,62,64,64,1,1,salon,prvi,,https://olx.ba/shops/GlacierTrucks/aktivni
golf5343,golf 5,Platinum,,Nepoznato,0,0,0,0,,neaktivan,prvi,,https://olx.ba/shops/golf5343/aktivni
Goran_Aleksic,Goci,Platinum,,Nepoznato,0,0,0,0,18,neaktivan,prvi,,https://olx.ba/shops/Goran_Aleksic/aktivni
Hisense_ba,Hisense_ba,Platinum,,Nepoznato,0,0,0,0,18,neaktivan,prvi,,https://olx.ba/shops/Hisense_ba/aktivni
IC_Putnik,IC Putnik,Platinum,,Nepoznato,0,0,0,0,18,neaktivan,prvi,,https://olx.ba/shops/IC_Putnik/aktivni
Ivan8790,Ivan8790,Platinum,,Nepoznato,0,0,0,0,18,neaktivan,prvi,,https://olx.ba/shops/Ivan8790/aktivni
Ivicasanda,Ivicasanda,Platinum,,Nepoznato,0,0,0,0,18,neaktivan,prvi,,https://olx.ba/shops/Ivicasanda/aktivni
Laser_solutions,Fiber laseri - Laser solutions,Platinum,,Nepoznato,8,8,0,0,18,nije_auto,prvi,shop_category_id nije 17 i histogram nema dominantnu kategoriju 928 (auto dijelovi); nema veze sa automobilima,https://olx.ba/shops/Laser_solutions/aktivni
marting650,Audi,Platinum,,Nepoznato,0,0,0,0,18,neaktivan,prvi,,https://olx.ba/shops/marting650/aktivni
meridian365,meridian365,Platinum,,Nepoznato,0,0,0,0,,neaktivan,prvi,,https://olx.ba/shops/meridian365/aktivni
mihajlok276,Mihajlo,Platinum,,Nepoznato,0,0,0,0,1,neaktivan,prvi,,https://olx.ba/shops/mihajlok276/aktivni
mirels927,Xkdkdkj,Platinum,,Nepoznato,0,0,0,0,,neaktivan,prvi,,https://olx.ba/shops/mirels927/aktivni
Mr123dr,Mr123dr,Platinum,,Nepoznato,0,0,0,0,,neaktivan,prvi,,https://olx.ba/shops/Mr123dr/aktivni
nedeljko593,Nedeljko,Platinum,,Nepoznato,0,0,0,0,1,neaktivan,prvi,,https://olx.ba/shops/nedeljko593/aktivni
NINACO,NINACO,Platinum,,Nepoznato,20,19,19,1,1,salon,prvi,,https://olx.ba/shops/NINACO/aktivni
noklaa,Huso prom,Platinum,,Nepoznato,1,0,0,0,18,neaktivan,prvi,,https://olx.ba/shops/noklaa/aktivni
novkovic_81,Mitar.n1234,Platinum,,Nepoznato,0,0,0,0,18,neaktivan,prvi,,https://olx.ba/shops/novkovic_81/aktivni
Nurtruck,Trgovija,Platinum,,Nepoznato,0,0,0,0,,neaktivan,prvi,,https://olx.ba/shops/Nurtruck/aktivni
Opereta,Opereta,Platinum,,Nepoznato,0,0,0,0,2,neaktivan,prvi,,https://olx.ba/shops/Opereta/aktivni
Opusnekretnine,OPUS NEKRETNINE d.o.o.,Platinum,,Nepoznato,152,148,0,0,2,nije_auto,prvi,shop_category_id nije 17 i histogram nema dominantnu kategoriju 928 (auto dijelovi); nema veze sa automobilima,https://olx.ba/shops/Opusnekretnine/aktivni
PASHA_911,PASHA PRODUCTS,Platinum,,Nepoznato,3,0,0,0,18,neaktivan,prvi,,https://olx.ba/shops/PASHA_911/aktivni
pb1962WAR,pb1962WAR,Platinum,,Nepoznato,0,0,0,0,18,neaktivan,prvi,,https://olx.ba/shops/pb1962WAR/aktivni
PBM1962,PBM1962,Platinum,,Nepoznato,0,0,0,0,,neaktivan,prvi,,https://olx.ba/shops/PBM1962/aktivni
prcac89,Hugobosss,Platinum,,Nepoznato,0,0,0,0,,neaktivan,prvi,,https://olx.ba/shops/prcac89/aktivni
ProsService,ProsService,Platinum,,Nepoznato,0,0,0,0,18,neaktivan,prvi,,https://olx.ba/shops/ProsService/aktivni
Sakalas1,Sakalas1,Platinum,,Nepoznato,0,0,0,0,18,neaktivan,prvi,,https://olx.ba/shops/Sakalas1/aktivni
shoptrenerke,Sportshop,Platinum,,Nepoznato,0,0,0,0,,neaktivan,prvi,,https://olx.ba/shops/shoptrenerke/aktivni
STARAUTO,STARAUTO,Platinum,,Nepoznato,0,0,0,0,,neaktivan,prvi,,https://olx.ba/shops/STARAUTO/aktivni
stefan12e4567_,Delta Kabel,Platinum,,Nepoznato,0,0,0,0,18,neaktivan,prvi,,https://olx.ba/shops/stefan12e4567_/aktivni
stefkara123,stefkara123,Platinum,,Nepoznato,0,0,0,0,18,neaktivan,prvi,,https://olx.ba/shops/stefkara123/aktivni
Susic_sa_2_c,Susic_sa_2_c,Platinum,,Nepoznato,0,0,0,0,,neaktivan,prvi,,https://olx.ba/shops/Susic_sa_2_c/aktivni
thisepr,Olx,Platinum,,Nepoznato,0,0,0,0,18,neaktivan,prvi,,https://olx.ba/shops/thisepr/aktivni
Top_Sales,Top_Sales,Platinum,,Nepoznato,0,0,0,0,18,neaktivan,prvi,,https://olx.ba/shops/Top_Sales/aktivni
TopKeyShop,Top Key Shop,Platinum,,Nepoznato,13,2,0,0,18,nije_auto,prvi,shop_category_id nije 17 i histogram nema dominantnu kategoriju 928 (auto dijelovi); nema veze sa automobilima,https://olx.ba/shops/TopKeyShop/aktivni
tpb1992war,tpb1992war,Platinum,,Nepoznato,0,0,0,0,18,neaktivan,prvi,,https://olx.ba/shops/tpb1992war/aktivni
TrustUnitedBa,Trust United Gayrimenkul Turizm ticaret ltd.şti,Platinum,,Nepoznato,0,0,0,0,,neaktivan,prvi,,https://olx.ba/shops/TrustUnitedBa/aktivni
UNIQREALESTATE,UNIQREALESTATE,Platinum,,Nepoznato,0,1,0,0,2,nije_auto,prvi,shop_category_id nije 17 i histogram nema dominantnu kategoriju 928 (auto dijelovi); nema veze sa automobilima,https://olx.ba/shops/UNIQREALESTATE/aktivni
Vidaxlhr,VidaXL Marketplace Europe BV,Platinum,,Nepoznato,59418,59191,0,0,18,nije_auto,prvi,shop_category_id nije 17 i histogram nema dominantnu kategoriju 928 (auto dijelovi); nema veze sa automobilima,https://olx.ba/shops/Vidaxlhr/aktivni
XResidence,XResidence,Platinum,,Nepoznato,0,0,0,0,2,neaktivan,prvi,,https://olx.ba/shops/XResidence/aktivni
ZeraHomes,Zera Homes,Platinum,,Nepoznato,0,0,0,0,2,neaktivan,prvi,,https://olx.ba/shops/ZeraHomes/aktivni
Aamazon,Amazon-shop,Gold,,Nepoznato,0,0,0,0,,neaktivan,prvi,,https://olx.ba/shops/Aamazon/aktivni
adriaINgroup,adriaINgroup,Gold,,Nepoznato,0,0,0,0,,neaktivan,prvi,,https://olx.ba/shops/adriaINgroup/aktivni
AILI56862,1233513132,Gold,,Nepoznato,0,0,0,0,,neaktivan,prvi,,https://olx.ba/shops/AILI56862/aktivni
aladdinestates,Aladdin Estates d.o.o.,Gold,,Nepoznato,16,17,0,0,2,nije_auto,prvi,shop_category_id nije 17 i histogram nema dominantnu kategoriju 928 (auto dijelovi); nema veze sa automobilima,https://olx.ba/shops/aladdinestates/aktivni
AlmaDom,ALMA DOM d.o.o.,Gold,,Nepoznato,12,0,0,0,,neaktivan,prvi,,https://olx.ba/shops/AlmaDom/aktivni
Atransdoo,Atransdoo,Gold,,Nepoznato,0,0,0,0,18,neaktivan,prvi,,https://olx.ba/shops/Atransdoo/aktivni
Autolimarstuk,Autolimarstuk,Gold,,Nepoznato,0,0,0,0,18,neaktivan,prvi,,https://olx.ba/shops/Autolimarstuk/aktivni
Azramis,Azramis,Gold,,Nepoznato,0,0,0,0,2,neaktivan,prvi,,https://olx.ba/shops/Azramis/aktivni
balcanac,Prasci,Gold,,Nepoznato,0,0,0,0,18,neaktivan,prvi,,https://olx.ba/shops/balcanac/aktivni
Benprom,Benprom d.o.o.,Gold,,Nepoznato,76,74,0,0,18,nije_auto,prvi,shop_category_id nije 17 i histogram nema dominantnu kategoriju 928 (auto dijelovi); nema veze sa automobilima,https://olx.ba/shops/Benprom/aktivni
Bjorks_Auto,Bjorks_Auto,Gold,,Nepoznato,0,0,0,0,18,neaktivan,prvi,,https://olx.ba/shops/Bjorks_Auto/aktivni
blkk,blkk,Gold,,Nepoznato,0,0,0,0,,neaktivan,prvi,,https://olx.ba/shops/blkk/aktivni
cep1234,Kantarevic123,Gold,,Nepoznato,0,0,0,0,18,neaktivan,prvi,,https://olx.ba/shops/cep1234/aktivni
CiaoSlovenija,"PRODAJA VOZIL, NOVA TOMAZ LUSTEK s.p.",Gold,,Nepoznato,1,0,0,0,18,neaktivan,prvi,,https://olx.ba/shops/CiaoSlovenija/aktivni
COMBATARENA,Combat Arena,Gold,,Nepoznato,0,0,0,0,,neaktivan,prvi,,https://olx.ba/shops/COMBATARENA/aktivni
CroProService,CroProService,Gold,,Nepoznato,0,0,0,0,2,neaktivan,prvi,,https://olx.ba/shops/CroProService/aktivni
CTA,CTA,Gold,,Nepoznato,0,0,0,0,18,neaktivan,prvi,,https://olx.ba/shops/CTA/aktivni
denis2k,miri,Gold,,Nepoznato,0,0,0,0,18,neaktivan,prvi,,https://olx.ba/shops/denis2k/aktivni
dinko7193,dinko7193,Gold,,Nepoznato,0,0,0,0,18,neaktivan,prvi,,https://olx.ba/shops/dinko7193/aktivni
domacitv,DomaciTV,Gold,,Nepoznato,2,0,0,0,18,neaktivan,prvi,,https://olx.ba/shops/domacitv/aktivni
dsale3,test,Gold,,Nepoznato,0,0,0,0,,neaktivan,prvi,,https://olx.ba/shops/dsale3/aktivni
dzenanz929,Dženan,Gold,,Nepoznato,0,0,0,0,18,neaktivan,prvi,,https://olx.ba/shops/dzenanz929/aktivni
ELEKTROKONEKT,ELEKTRO KONEKT,Gold,,Nepoznato,1952,1877,0,0,18,nije_auto,prvi,shop_category_id nije 17 i histogram nema dominantnu kategoriju 928 (auto dijelovi); nema veze sa automobilima,https://olx.ba/shops/ELEKTROKONEKT/aktivni
EuropeJobsdoo,EuropeJobsdoo,Gold,,Nepoznato,0,0,0,0,,neaktivan,prvi,,https://olx.ba/shops/EuropeJobsdoo/aktivni
FOTODISKONT,Fotodiskont,Gold,,Nepoznato,437,438,0,0,18,nije_auto,prvi,shop_category_id nije 17 i histogram nema dominantnu kategoriju 928 (auto dijelovi); nema veze sa automobilima,https://olx.ba/shops/FOTODISKONT/aktivni
FRIGOTERMIKA,FRIGOTERMIKA 022 RUMA,Gold,,Nepoznato,0,0,0,0,,neaktivan,prvi,,https://olx.ba/shops/FRIGOTERMIKA/aktivni
GreenTechAgro,GreenTechAgro,Gold,,Nepoznato,1,1,0,0,18,nije_auto,prvi,shop_category_id nije 17 i histogram nema dominantnu kategoriju 928 (auto dijelovi); nema veze sa automobilima,https://olx.ba/shops/GreenTechAgro/aktivni
hgm234532,hgm234532,Gold,,Nepoznato,0,0,0,0,,neaktivan,prvi,,https://olx.ba/shops/hgm234532/aktivni
HoticGroup,HoticGroup,Gold,,Nepoznato,0,0,0,0,2,neaktivan,prvi,,https://olx.ba/shops/HoticGroup/aktivni
hs753,Sajim,Gold,,Nepoznato,0,0,0,0,18,neaktivan,prvi,,https://olx.ba/shops/hs753/aktivni
HUGO0205,HUGO0205,Gold,,Nepoznato,0,0,0,0,,neaktivan,prvi,,https://olx.ba/shops/HUGO0205/aktivni
HUGO0205765,HUGO0205765,Gold,,Nepoznato,0,0,0,0,,neaktivan,prvi,,https://olx.ba/shops/HUGO0205765/aktivni
Hugo0421,Hugo0421,Gold,,Nepoznato,0,0,0,0,,neaktivan,prvi,,https://olx.ba/shops/Hugo0421/aktivni
Hugo2345665432,Hugo2345665432,Gold,,Nepoznato,0,0,0,0,,neaktivan,prvi,,https://olx.ba/shops/Hugo2345665432/aktivni
HugoMartin,HugoMartin,Gold,,Nepoznato,0,0,0,0,,neaktivan,prvi,,https://olx.ba/shops/HugoMartin/aktivni
HugoMartin2,HugoMartin2,Gold,,Nepoznato,0,0,0,0,,neaktivan,prvi,,https://olx.ba/shops/HugoMartin2/aktivni
HugoMartin2314,HugoMartin2314,Gold,,Nepoznato,0,0,0,0,,neaktivan,prvi,,https://olx.ba/shops/HugoMartin2314/aktivni
HugoMartinbo,HugoMartinbo,Gold,,Nepoznato,0,0,0,0,,neaktivan,prvi,,https://olx.ba/shops/HugoMartinbo/aktivni
HugoMartinboo5,HugoMartinboo5,Gold,,Nepoznato,0,0,0,0,,neaktivan,prvi,,https://olx.ba/shops/HugoMartinboo5/aktivni
HugoMartinboo54,HugoMartinboo54,Gold,,Nepoznato,0,0,0,0,,neaktivan,prvi,,https://olx.ba/shops/HugoMartinboo54/aktivni
InMyScope,InMyScope,Gold,,Nepoznato,367,367,0,0,18,nije_auto,prvi,shop_category_id nije 17 i histogram nema dominantnu kategoriju 928 (auto dijelovi); nema veze sa automobilima,https://olx.ba/shops/InMyScope/aktivni
Irl,Irl,Gold,,Nepoznato,0,0,0,0,18,neaktivan,prvi,,https://olx.ba/shops/Irl/aktivni
jobs_europe,Jobs Europe,Gold,,Nepoznato,45,0,0,0,18,neaktivan,prvi,,https://olx.ba/shops/jobs_europe/aktivni
johox,johox,Gold,,Nepoznato,529,529,0,0,18,nije_auto,prvi,shop_category_id nije 17 i histogram nema dominantnu kategoriju 928 (auto dijelovi); nema veze sa automobilima,https://olx.ba/shops/johox/aktivni
jovicanesic,Jovicanesic,Gold,,Nepoznato,0,0,0,0,18,neaktivan,prvi,,https://olx.ba/shops/jovicanesic/aktivni
jurval,jurval,Gold,,Nepoznato,2,0,0,0,18,neaktivan,prvi,,https://olx.ba/shops/jurval/aktivni
Kovan_doo,Kovan_doo,Gold,,Nepoznato,8,8,0,0,18,nije_auto,prvi,shop_category_id nije 17 i histogram nema dominantnu kategoriju 928 (auto dijelovi); nema veze sa automobilima,https://olx.ba/shops/Kovan_doo/aktivni
kucl,kucl,Gold,,Nepoznato,7,7,0,0,18,nije_auto,prvi,shop_category_id nije 17 i histogram nema dominantnu kategoriju 928 (auto dijelovi); nema veze sa automobilima,https://olx.ba/shops/kucl/aktivni
Loxhopf,Loxhopf,Gold,,Nepoznato,10,0,0,0,18,neaktivan,prvi,,https://olx.ba/shops/Loxhopf/aktivni
martinklkjg,martinklkjg,Gold,,Nepoznato,0,0,0,0,,neaktivan,prvi,,https://olx.ba/shops/martinklkjg/aktivni
martinklkjghugp,martinklkjghugp,Gold,,Nepoznato,0,0,0,0,,neaktivan,prvi,,https://olx.ba/shops/martinklkjghugp/aktivni
Maschinenhandel,Smart-UG,Gold,,Nepoznato,5,0,0,0,17,neaktivan,prvi,,https://olx.ba/shops/Maschinenhandel/aktivni
MatejLavrac_SP,"MATEJ LAVRAC S.P. Spodnji Prhovec 1, 1411 Izlake",Gold,,Nepoznato,17,17,0,0,18,nije_auto,prvi,shop_category_id nije 17 i histogram nema dominantnu kategoriju 928 (auto dijelovi); nema veze sa automobilima,https://olx.ba/shops/MatejLavrac_SP/aktivni
matejrijavec,matejrijavec,Gold,,Nepoznato,0,0,0,0,18,neaktivan,prvi,,https://olx.ba/shops/matejrijavec/aktivni
MEGIVEP,Moj šop,Gold,,Nepoznato,0,0,0,0,,neaktivan,prvi,,https://olx.ba/shops/MEGIVEP/aktivni
MEGIVEPimmyny,Moj šop,Gold,,Nepoznato,0,0,0,0,,neaktivan,prvi,,https://olx.ba/shops/MEGIVEPimmyny/aktivni
MEGIVEPvi,Moj šop,Gold,,Nepoznato,0,0,0,0,,neaktivan,prvi,,https://olx.ba/shops/MEGIVEPvi/aktivni
metal_kovis,Metal Kovis,Gold,,Nepoznato,791,806,0,0,18,nije_auto,prvi,shop_category_id nije 17 i histogram nema dominantnu kategoriju 928 (auto dijelovi); nema veze sa automobilima,https://olx.ba/shops/metal_kovis/aktivni
METALIKAMACHINES,METALIKAMACHINES,Gold,,Nepoznato,39,39,0,0,18,nije_auto,prvi,shop_category_id nije 17 i histogram nema dominantnu kategoriju 928 (auto dijelovi); nema veze sa automobilima,https://olx.ba/shops/METALIKAMACHINES/aktivni
Mhamed292,Mhamed292,Gold,,Nepoznato,0,0,0,0,18,neaktivan,prvi,,https://olx.ba/shops/Mhamed292/aktivni
miki_4321,miki_4321,Gold,,Nepoznato,0,0,0,0,18,neaktivan,prvi,,https://olx.ba/shops/miki_4321/aktivni
mirsadk437,mirkec,Gold,,Nepoznato,0,0,0,0,18,neaktivan,prvi,,https://olx.ba/shops/mirsadk437/aktivni
MobilijaSM,Mobilija,Gold,,Nepoznato,0,0,0,0,,neaktivan,prvi,,https://olx.ba/shops/MobilijaSM/aktivni
Nafkamojamajka,Nafkamojamajka,Gold,,Nepoznato,0,0,0,0,18,neaktivan,prvi,,https://olx.ba/shops/Nafkamojamajka/aktivni
NMKOMERC2,NM-KOMERC d.o.o.,Gold,,Nepoznato,16,16,16,1,1,salon,prvi,,https://olx.ba/shops/NMKOMERC2/aktivni
Oplate_Situm,Oplate Šitum,Gold,,Nepoznato,20,1,0,0,18,nije_auto,prvi,shop_category_id nije 17 i histogram nema dominantnu kategoriju 928 (auto dijelovi); nema veze sa automobilima,https://olx.ba/shops/Oplate_Situm/aktivni
PELLO,PELLO REAL ESTATE,Gold,,Nepoznato,0,0,0,0,2,neaktivan,prvi,,https://olx.ba/shops/PELLO/aktivni
PlasticBikes,Negozio online di ricambi usati per motociclette,Gold,,Nepoznato,4747,4722,0,0,17,dijelovi,prvi,,https://olx.ba/shops/PlasticBikes/aktivni
Prikolice_hr,Prikolice_hr,Gold,,Nepoznato,6,6,6,1,1,salon,prvi,,https://olx.ba/shops/Prikolice_hr/aktivni
Privatna_osoba,Privatna_osoba,Gold,,Nepoznato,0,0,0,0,18,neaktivan,prvi,,https://olx.ba/shops/Privatna_osoba/aktivni
pujagas,Senchip,Gold,,Nepoznato,2,1,1,1,1,salon,prvi,,https://olx.ba/shops/pujagas/aktivni
Pulapromet,Pulapromet d.o.o. za prijevoz putnika,Gold,,Nepoznato,4,4,4,1,1,salon,prvi,,https://olx.ba/shops/Pulapromet/aktivni
selmir2611800,Selmir26,Gold,,Nepoznato,0,0,0,0,18,neaktivan,prvi,,https://olx.ba/shops/selmir2611800/aktivni
Sind,"Sind d.o.o. Mala Vranjska, Cerovac, Srbija",Gold,,Nepoznato,1397,1397,0,0,18,nije_auto,prvi,shop_category_id nije 17 i histogram nema dominantnu kategoriju 928 (auto dijelovi); nema veze sa automobilima,https://olx.ba/shops/Sind/aktivni
Smirenje,Smirenje,Gold,,Nepoznato,4,4,0,0,18,nije_auto,prvi,shop_category_id nije 17 i histogram nema dominantnu kategoriju 928 (auto dijelovi); nema veze sa automobilima,https://olx.ba/shops/Smirenje/aktivni
SolisNSJovan,solis-nekretnine,Gold,,Nepoznato,0,0,0,0,,neaktivan,prvi,,https://olx.ba/shops/SolisNSJovan/aktivni
starent1,Starent Truck and Trailer GmbH,Gold,,Nepoznato,33,31,31,1,1,salon,prvi,,https://olx.ba/shops/starent1/aktivni
Swiss_Kaution,Swiss_Kaution,Gold,,Nepoznato,0,0,0,0,18,neaktivan,prvi,,https://olx.ba/shops/Swiss_Kaution/aktivni
Tea_marcetic_32,Rosule,Gold,,Nepoznato,0,0,0,0,18,neaktivan,prvi,,https://olx.ba/shops/Tea_marcetic_32/aktivni
TELEREX,TELEREX,Gold,,Nepoznato,548,547,0,0,18,nije_auto,prvi,shop_category_id nije 17 i histogram nema dominantnu kategoriju 928 (auto dijelovi); nema veze sa automobilima,https://olx.ba/shops/TELEREX/aktivni
tonija15,tonija15,Gold,,Nepoznato,0,0,0,0,,neaktivan,prvi,,https://olx.ba/shops/tonija15/aktivni
Trgovina_Jozic,Trgovina_Jozic,Gold,,Nepoznato,0,0,0,0,17,neaktivan,prvi,,https://olx.ba/shops/Trgovina_Jozic/aktivni
TRUCKON,TRUCK ON d.o.o.,Gold,,Nepoznato,0,0,0,0,18,neaktivan,prvi,,https://olx.ba/shops/TRUCKON/aktivni
uroi978,Uroš,Gold,,Nepoznato,0,0,0,0,18,neaktivan,prvi,,https://olx.ba/shops/uroi978/aktivni
uttuf9icguffh,Markosz,Gold,,Nepoznato,0,0,0,0,18,neaktivan,prvi,,https://olx.ba/shops/uttuf9icguffh/aktivni
VIS_PROMOTEX,Viskon doo,Gold,,Nepoznato,1,1,0,0,2,nije_auto,prvi,shop_category_id nije 17 i histogram nema dominantnu kategoriju 928 (auto dijelovi); nema veze sa automobilima,https://olx.ba/shops/VIS_PROMOTEX/aktivni
vujaaa91,vujaaa91,Gold,,Nepoznato,1,1,0,0,17,dijelovi,prvi,,https://olx.ba/shops/vujaaa91/aktivni
Wienas,Wienas ORIGINALNI AUTO DIJELOVI,Gold,,Nepoznato,0,0,0,0,,neaktivan,prvi,,https://olx.ba/shops/Wienas/aktivni
Zevssy,ZevssyBalkann,Gold,,Nepoznato,0,0,0,0,18,neaktivan,prvi,,https://olx.ba/shops/Zevssy/aktivni
zgbauer1,BAUER GRUPA D.O.O.,Gold,,Nepoznato,6,1,0,0,1,nije_auto,prvi,shop_category_id nije 17 i histogram nema dominantnu kategoriju 928 (auto dijelovi); nema veze sa automobilima,https://olx.ba/shops/zgbauer1/aktivni
Zuta0505,Zuta0505,Gold,,Nepoznato,0,0,0,0,,neaktivan,prvi,,https://olx.ba/shops/Zuta0505/aktivni
AB_nekretnine,AB nekretnine d.o.o. Banja Luka,Platinum,Banja Luka,Regija Banja Luka,23,21,0,0,2,nije_auto,prvi,shop_category_id nije 17 i histogram nema dominantnu kategoriju 928 (auto dijelovi); nema veze sa automobilima,https://olx.ba/shops/AB_nekretnine/aktivni
ABPodnoGrijanje,AB Smart Systems,Platinum,Banja Luka,Regija Banja Luka,82,75,0,0,18,nije_auto,prvi,shop_category_id nije 17 i histogram nema dominantnu kategoriju 928 (auto dijelovi); nema veze sa automobilima,https://olx.ba/shops/ABPodnoGrijanje/aktivni
adCERTISANAdoo,AD CERTISANA d.o.o. & SPA SHOP,Platinum,Banja Luka,Regija Banja Luka,181,173,0,0,18,nije_auto,prvi,shop_category_id nije 17 i histogram nema dominantnu kategoriju 928 (auto dijelovi); nema veze sa automobilima,https://olx.ba/shops/adCERTISANAdoo/aktivni
Agromehanika,AgromehanikaVerno,Platinum,Banja Luka,Regija Banja Luka,19563,12643,0,0,18,nije_auto,prvi,shop_category_id nije 17 i histogram nema dominantnu kategoriju 928 (auto dijelovi); nema veze sa automobilima,https://olx.ba/shops/Agromehanika/aktivni
AKJ,Autokuća Jajčević doo,Platinum,Banja Luka,Regija Banja Luka,30,27,27,1,1,salon,prvi,,https://olx.ba/shops/AKJ/aktivni
Aleksejleka,ElektroLeka.ba,Platinum,Banja Luka,Regija Banja Luka,1415,1307,0,0,18,nije_auto,prvi,shop_category_id nije 17 i histogram nema dominantnu kategoriju 928 (auto dijelovi); nema veze sa automobilima,https://olx.ba/shops/Aleksejleka/aktivni
alobonabracala,alobonabracala,Platinum,Banja Luka,Regija Banja Luka,3,3,0,0,2,nije_auto,prvi,shop_category_id nije 17 i histogram nema dominantnu kategoriju 928 (auto dijelovi); nema veze sa automobilima,https://olx.ba/shops/alobonabracala/aktivni
AMBusiness,AMBusiness,Platinum,Banja Luka,Regija Banja Luka,3,3,0,0,2,nije_auto,prvi,shop_category_id nije 17 i histogram nema dominantnu kategoriju 928 (auto dijelovi); nema veze sa automobilima,https://olx.ba/shops/AMBusiness/aktivni
ARMSSISTEMI,ARMS SISTEMI,Platinum,Banja Luka,Regija Banja Luka,72,31,0,0,18,nije_auto,prvi,shop_category_id nije 17 i histogram nema dominantnu kategoriju 928 (auto dijelovi); nema veze sa automobilima,https://olx.ba/shops/ARMSSISTEMI/aktivni
Artemida_Group,Artemida_Group,Platinum,Banja Luka,Regija Banja Luka,0,0,0,0,2,neaktivan,prvi,,https://olx.ba/shops/Artemida_Group/aktivni
ashome,MARKET AS D.o.o.,Platinum,Banja Luka,Regija Banja Luka,1097,948,0,0,18,nije_auto,prvi,shop_category_id nije 17 i histogram nema dominantnu kategoriju 928 (auto dijelovi); nema veze sa automobilima,https://olx.ba/shops/ashome/aktivni
AudiCentar,AUDI CENTAR DOO,Platinum,Banja Luka,Regija Banja Luka,10,11,11,1,1,salon,prvi,,https://olx.ba/shops/AudiCentar/aktivni
AUTO_MACCHINE,MACCHINE - Auto Prodaja,Platinum,Banja Luka,Regija Banja Luka,4,4,4,1,1,salon,prvi,,https://olx.ba/shops/AUTO_MACCHINE/aktivni
AUTO_STIL,AUTO-STIL d.o.o.,Platinum,Banja Luka,Regija Banja Luka,9605,9607,0,0,17,dijelovi,prvi,,https://olx.ba/shops/AUTO_STIL/aktivni
autoBoomerang,KNEZEVO-STAN,Platinum,Banja Luka,Regija Banja Luka,9,10,10,1,1,salon,prvi,,https://olx.ba/shops/autoBoomerang/aktivni
AutoDas,Das Auto,Platinum,Banja Luka,Regija Banja Luka,76,71,68,0.96,1,salon,prvi,,https://olx.ba/shops/AutoDas/aktivni
autodioBL,autodioBL,Platinum,Banja Luka,Regija Banja Luka,10030,10300,0,0,17,dijelovi,prvi,,https://olx.ba/shops/autodioBL/aktivni
AutoExpressBL,AutoExpress,Platinum,Banja Luka,Regija Banja Luka,7,7,7,1,1,salon,prvi,,https://olx.ba/shops/AutoExpressBL/aktivni
AutoklinikaBL,AUTOKLINIKA s.p. Banja Luka,Platinum,Banja Luka,Regija Banja Luka,17,17,17,1,1,salon,prvi,,https://olx.ba/shops/AutoklinikaBL/aktivni
AutokomercVS,Autokomerc V.S. DOO,Platinum,Banja Luka,Regija Banja Luka,16,16,15,0.9375,1,salon,prvi,,https://olx.ba/shops/AutokomercVS/aktivni
AutoOtpadDuos,AUTO OTPAD AUTOOTPAD DUOS DIO DIJELOVI,Platinum,Banja Luka,Regija Banja Luka,8933,8933,0,0,17,dijelovi,prvi,,https://olx.ba/shops/AutoOtpadDuos/aktivni
AutoOtpadTesa,Autootpad,Platinum,Banja Luka,Regija Banja Luka,2754,2772,0,0,17,dijelovi,prvi,,https://olx.ba/shops/AutoOtpadTesa/aktivni
autostar_doo,AS STAR d.o.o.,Platinum,Banja Luka,Regija Banja Luka,68,45,45,1,1,salon,prvi,,https://olx.ba/shops/autostar_doo/aktivni
autovizija,AutoVizija,Platinum,Banja Luka,Regija Banja Luka,25,25,25,1,1,salon,prvi,,https://olx.ba/shops/autovizija/aktivni
Banja_Luka_Tech,Banja_Luka_Tech,Platinum,Banja Luka,Regija Banja Luka,5287,0,0,0,,neaktivan,prvi,,https://olx.ba/shops/Banja_Luka_Tech/aktivni
baterishop,Baterijski Ulosci S.P.,Platinum,Banja Luka,Regija Banja Luka,1707,1708,0,0,18,nije_auto,prvi,shop_category_id nije 17 i histogram nema dominantnu kategoriju 928 (auto dijelovi); nema veze sa automobilima,https://olx.ba/shops/baterishop/aktivni
BobanS,Boban S.,Platinum,Banja Luka,Regija Banja Luka,45,45,0,0,2,nije_auto,prvi,shop_category_id nije 17 i histogram nema dominantnu kategoriju 928 (auto dijelovi); nema veze sa automobilima,https://olx.ba/shops/BobanS/aktivni
BossBlAuto,BossBlAuto,Platinum,Banja Luka,Regija Banja Luka,43,41,41,1,1,salon,prvi,,https://olx.ba/shops/BossBlAuto/aktivni
brasscom,BRASS KOMERC doo Banja Luka,Platinum,Banja Luka,Regija Banja Luka,98,98,0,0,18,nije_auto,prvi,shop_category_id nije 17 i histogram nema dominantnu kategoriju 928 (auto dijelovi); nema veze sa automobilima,https://olx.ba/shops/brasscom/aktivni
BUKA_SHOP,BUKA_SHOP,Platinum,Banja Luka,Regija Banja Luka,1,0,0,0,18,neaktivan,prvi,,https://olx.ba/shops/BUKA_SHOP/aktivni
CAUTOdoo,C-Auto d.o.o.,Platinum,Banja Luka,Regija Banja Luka,12,20,20,1,1,salon,prvi,,https://olx.ba/shops/CAUTOdoo/aktivni
Centar2bl,Centar2bl,Platinum,Banja Luka,Regija Banja Luka,103,0,0,0,18,neaktivan,prvi,,https://olx.ba/shops/Centar2bl/aktivni
Cenway,CENWAY MILAN MAJSTOROVIC,Platinum,Banja Luka,Regija Banja Luka,9842,9842,0,0,17,dijelovi,prvi,,https://olx.ba/shops/Cenway/aktivni
dakisale,dakisale,Platinum,Banja Luka,Regija Banja Luka,0,0,0,0,18,neaktivan,prvi,,https://olx.ba/shops/dakisale/aktivni
Davidmilak,David Milakovic,Platinum,Banja Luka,Regija Banja Luka,2,0,0,0,18,neaktivan,prvi,,https://olx.ba/shops/Davidmilak/aktivni
daxx94,Daxx Shop,Platinum,Banja Luka,Regija Banja Luka,2,0,0,0,18,neaktivan,prvi,,https://olx.ba/shops/daxx94/aktivni
dbiptv,dbiptv,Platinum,Banja Luka,Regija Banja Luka,0,0,0,0,18,neaktivan,prvi,,https://olx.ba/shops/dbiptv/aktivni
deltapc,DELTA PC,Platinum,Banja Luka,Regija Banja Luka,3885,3728,0,0,18,nije_auto,prvi,shop_category_id nije 17 i histogram nema dominantnu kategoriju 928 (auto dijelovi); nema veze sa automobilima,https://olx.ba/shops/deltapc/aktivni
DigitalTech,https://digitaltech.olx.ba,Platinum,Banja Luka,Regija Banja Luka,32641,31203,0,0,18,nije_auto,prvi,shop_category_id nije 17 i histogram nema dominantnu kategoriju 928 (auto dijelovi); nema veze sa automobilima,https://olx.ba/shops/DigitalTech/aktivni
Dj0rdjeb,dbiptv,Platinum,Banja Luka,Regija Banja Luka,0,0,0,0,,neaktivan,prvi,,https://olx.ba/shops/Dj0rdjeb/aktivni
DMTOPICAUTO,DM Topic auto doo.,Platinum,Banja Luka,Regija Banja Luka,36,37,37,1,1,salon,prvi,,https://olx.ba/shops/DMTOPICAUTO/aktivni
Do6i8,BEMA,Platinum,Banja Luka,Regija Banja Luka,0,0,0,0,18,neaktivan,prvi,,https://olx.ba/shops/Do6i8/aktivni
Dobrica,Objekti1,Platinum,Banja Luka,Regija Banja Luka,17,17,0,0,18,nije_auto,prvi,shop_category_id nije 17 i histogram nema dominantnu kategoriju 928 (auto dijelovi); nema veze sa automobilima,https://olx.ba/shops/Dobrica/aktivni
DRAUTODOO,Dr AUTO d.o.o,Platinum,Banja Luka,Regija Banja Luka,62,60,57,0.95,1,salon,prvi,,https://olx.ba/shops/DRAUTODOO/aktivni
ELEKTRO_VUCKO,"""ELEKTRO-VUKOJEVIC""-  BANJA LUKA",Platinum,Banja Luka,Regija Banja Luka,8365,8213,0,0,18,nije_auto,prvi,shop_category_id nije 17 i histogram nema dominantnu kategoriju 928 (auto dijelovi); nema veze sa automobilima,https://olx.ba/shops/ELEKTRO_VUCKO/aktivni
EuroExpress,EURO-EXPRESS Cars,Platinum,Banja Luka,Regija Banja Luka,16,17,17,1,1,salon,prvi,,https://olx.ba/shops/EuroExpress/aktivni
Everestagencija,Agencija za nekretnine Everest,Platinum,Banja Luka,Regija Banja Luka,86,68,0,0,2,nije_auto,prvi,shop_category_id nije 17 i histogram nema dominantnu kategoriju 928 (auto dijelovi); nema veze sa automobilima,https://olx.ba/shops/Everestagencija/aktivni
EXCLUSIVE_AUTO,EXCLUSIVE AUTO,Platinum,Banja Luka,Regija Banja Luka,49,48,48,1,1,salon,prvi,,https://olx.ba/shops/EXCLUSIVE_AUTO/aktivni
exodoo,EXO doo Banja Luka,Platinum,Banja Luka,Regija Banja Luka,57,57,0,0,17,dijelovi,prvi,,https://olx.ba/shops/exodoo/aktivni
FakomNekretnine,FAKOM NEKRETNINE,Platinum,Banja Luka,Regija Banja Luka,36,36,0,0,2,nije_auto,prvi,shop_category_id nije 17 i histogram nema dominantnu kategoriju 928 (auto dijelovi); nema veze sa automobilima,https://olx.ba/shops/FakomNekretnine/aktivni
Feromerkur,Feromerkur d.o.o.,Platinum,Banja Luka,Regija Banja Luka,2013,2001,0,0,18,nije_auto,prvi,shop_category_id nije 17 i histogram nema dominantnu kategoriju 928 (auto dijelovi); nema veze sa automobilima,https://olx.ba/shops/Feromerkur/aktivni
FOKUSAUTOBL,FOKUSAUTO,Platinum,Banja Luka,Regija Banja Luka,0,0,0,0,,neaktivan,prvi,,https://olx.ba/shops/FOKUSAUTOBL/aktivni
ForzaLuxury,ForzaLuxuryCars,Platinum,Banja Luka,Regija Banja Luka,12,12,12,1,1,salon,prvi,,https://olx.ba/shops/ForzaLuxury/aktivni
ForzaRentaCar,ForzaRentacar,Platinum,Banja Luka,Regija Banja Luka,8,8,0,0,18,nije_auto,prvi,shop_category_id nije 17 i histogram nema dominantnu kategoriju 928 (auto dijelovi); nema veze sa automobilima,https://olx.ba/shops/ForzaRentaCar/aktivni
GalaPremium,GalaPremium,Platinum,Banja Luka,Regija Banja Luka,41,41,41,1,1,salon,prvi,,https://olx.ba/shops/GalaPremium/aktivni
gekon,gekon,Platinum,Banja Luka,Regija Banja Luka,350,81,0,0,18,nije_auto,prvi,shop_category_id nije 17 i histogram nema dominantnu kategoriju 928 (auto dijelovi); nema veze sa automobilima,https://olx.ba/shops/gekon/aktivni
GSMARTDOO,GMASRTDOO,Platinum,Banja Luka,Regija Banja Luka,4,0,0,0,18,neaktivan,prvi,,https://olx.ba/shops/GSMARTDOO/aktivni
GTauto,GTauto,Platinum,Banja Luka,Regija Banja Luka,48,47,47,1,1,salon,prvi,,https://olx.ba/shops/GTauto/aktivni
GtMotors,GT MOTORS DOO,Platinum,Banja Luka,Regija Banja Luka,17,15,15,1,1,salon,prvi,,https://olx.ba/shops/GtMotors/aktivni
Harmony_Complex,"""Business HR Solutions"" d.o.o",Platinum,Banja Luka,Regija Banja Luka,0,0,0,0,2,neaktivan,prvi,,https://olx.ba/shops/Harmony_Complex/aktivni
HaubaBa,hauba.ba,Platinum,Banja Luka,Regija Banja Luka,114023,114396,0,0,17,dijelovi,prvi,,https://olx.ba/shops/HaubaBa/aktivni
haubaba03,haubaba03,Platinum,Banja Luka,Regija Banja Luka,120209,120660,0,0,17,dijelovi,prvi,,https://olx.ba/shops/haubaba03/aktivni
haubaba2,haubaba2,Platinum,Banja Luka,Regija Banja Luka,113049,113410,0,0,17,dijelovi,prvi,,https://olx.ba/shops/haubaba2/aktivni
HitAutodoo,HIT AUTO DOO,Platinum,Banja Luka,Regija Banja Luka,34,34,34,1,1,salon,prvi,,https://olx.ba/shops/HitAutodoo/aktivni
Igxii,Igxii,Platinum,Banja Luka,Regija Banja Luka,2,2,0,0,2,nije_auto,prvi,shop_category_id nije 17 i histogram nema dominantnu kategoriju 928 (auto dijelovi); nema veze sa automobilima,https://olx.ba/shops/Igxii/aktivni
IMauto,rogi2,Platinum,Banja Luka,Regija Banja Luka,19,19,15,0.7895,1,salon,drugi,"Dublji uzorak (19) pokazuje udio vozila 0.7895, naslovi su modeli automobila.",https://olx.ba/shops/IMauto/aktivni
IntermetaldooBL,INTER-METAL D.O.O.,Platinum,Banja Luka,Regija Banja Luka,456,452,0,0,18,nije_auto,prvi,shop_category_id nije 17 i histogram nema dominantnu kategoriju 928 (auto dijelovi); nema veze sa automobilima,https://olx.ba/shops/IntermetaldooBL/aktivni
jjuricorlic,Marsonija Logistika d.o.o,Platinum,Banja Luka,Regija Banja Luka,1,0,0,0,1,neaktivan,prvi,,https://olx.ba/shops/jjuricorlic/aktivni
kazablanka44,Kazablanka44,Platinum,Banja Luka,Regija Banja Luka,5,0,0,0,18,neaktivan,prvi,,https://olx.ba/shops/kazablanka44/aktivni
Ldautoo,Ldautoo,Platinum,Banja Luka,Regija Banja Luka,31,31,31,1,1,salon,prvi,,https://olx.ba/shops/Ldautoo/aktivni
LookDijelovi,look-auto,Platinum,Banja Luka,Regija Banja Luka,4199,4549,0,0,17,dijelovi,prvi,,https://olx.ba/shops/LookDijelovi/aktivni
MGMTransport,MGM TRANSPORT,Platinum,Banja Luka,Regija Banja Luka,24,27,26,0.95,1,salon,prvi,,https://olx.ba/shops/MGMTransport/aktivni
mickey84,MComputers SP,Platinum,Banja Luka,Regija Banja Luka,1816,1809,0,0,18,nije_auto,prvi,shop_category_id nije 17 i histogram nema dominantnu kategoriju 928 (auto dijelovi); nema veze sa automobilima,https://olx.ba/shops/mickey84/aktivni
MINTICT,MINT ICT SP,Platinum,Banja Luka,Regija Banja Luka,1615,1594,0,0,18,nije_auto,prvi,shop_category_id nije 17 i histogram nema dominantnu kategoriju 928 (auto dijelovi); nema veze sa automobilima,https://olx.ba/shops/MINTICT/aktivni
mirkoduc7,mirkoduc7,Platinum,Banja Luka,Regija Banja Luka,0,0,0,0,18,neaktivan,prvi,,https://olx.ba/shops/mirkoduc7/aktivni
mladen901,Alu Dvizac,Platinum,Banja Luka,Regija Banja Luka,74,76,0,0,18,nije_auto,prvi,shop_category_id nije 17 i histogram nema dominantnu kategoriju 928 (auto dijelovi); nema veze sa automobilima,https://olx.ba/shops/mladen901/aktivni
MOTOSHOP_MS,MotoShop_Ms,Platinum,Banja Luka,Regija Banja Luka,4457,4456,0,0,17,dijelovi,prvi,,https://olx.ba/shops/MOTOSHOP_MS/aktivni
MozzartBetPosao,MozzartBetPosao,Platinum,Banja Luka,Regija Banja Luka,0,0,0,0,,neaktivan,prvi,,https://olx.ba/shops/MozzartBetPosao/aktivni
Mrdja_,Mrdja_,Platinum,Banja Luka,Regija Banja Luka,0,0,0,0,,neaktivan,prvi,,https://olx.ba/shops/Mrdja_/aktivni
n35nakic,Nikica Nakic,Platinum,Banja Luka,Regija Banja Luka,1,0,0,0,17,neaktivan,prvi,,https://olx.ba/shops/n35nakic/aktivni
nakic32,Nikica,Platinum,Banja Luka,Regija Banja Luka,1,0,0,0,18,neaktivan,prvi,,https://olx.ba/shops/nakic32/aktivni
nea_vasiljevic,nea_vasiljevic,Platinum,Banja Luka,Regija Banja Luka,0,0,0,0,18,neaktivan,prvi,,https://olx.ba/shops/nea_vasiljevic/aktivni
NedaGnekretnine,NedaGnekretnine,Platinum,Banja Luka,Regija Banja Luka,44,42,0,0,2,nije_auto,prvi,shop_category_id nije 17 i histogram nema dominantnu kategoriju 928 (auto dijelovi); nema veze sa automobilima,https://olx.ba/shops/NedaGnekretnine/aktivni
Nekretnine_AGN,"""AGN"" d.o.o.",Platinum,Banja Luka,Regija Banja Luka,44,43,0,0,2,nije_auto,prvi,shop_category_id nije 17 i histogram nema dominantnu kategoriju 928 (auto dijelovi); nema veze sa automobilima,https://olx.ba/shops/Nekretnine_AGN/aktivni
NEKRETNINE_FS,Dragana Vuković,Platinum,Banja Luka,Regija Banja Luka,2,0,0,0,2,neaktivan,prvi,,https://olx.ba/shops/NEKRETNINE_FS/aktivni
NekretnineMB,MB NEKRETNINE I SAVJETOVANJE,Platinum,Banja Luka,Regija Banja Luka,105,104,0,0,2,nije_auto,prvi,shop_category_id nije 17 i histogram nema dominantnu kategoriju 928 (auto dijelovi); nema veze sa automobilima,https://olx.ba/shops/NekretnineMB/aktivni
Neptun2023,Neptun 2023,Platinum,Banja Luka,Regija Banja Luka,0,0,0,0,,neaktivan,prvi,,https://olx.ba/shops/Neptun2023/aktivni
nikola121,AUTO DIJELOVI NIKOLA121,Platinum,Banja Luka,Regija Banja Luka,10549,10477,0,0,17,dijelovi,prvi,,https://olx.ba/shops/nikola121/aktivni
NovakovicAuto,NovakovicAuto,Platinum,Banja Luka,Regija Banja Luka,44,43,43,1,1,salon,prvi,,https://olx.ba/shops/NovakovicAuto/aktivni
Ograde_Alu,prile1,Platinum,Banja Luka,Regija Banja Luka,33,27,0,0,18,nije_auto,prvi,shop_category_id nije 17 i histogram nema dominantnu kategoriju 928 (auto dijelovi); nema veze sa automobilima,https://olx.ba/shops/Ograde_Alu/aktivni
OpremaUredjaji,M CENTAR,Platinum,Banja Luka,Regija Banja Luka,427,427,0,0,18,nije_auto,prvi,shop_category_id nije 17 i histogram nema dominantnu kategoriju 928 (auto dijelovi); nema veze sa automobilima,https://olx.ba/shops/OpremaUredjaji/aktivni
ParfemiDrago,Parfemi Drago,Platinum,Banja Luka,Regija Banja Luka,5174,5174,0,0,18,nije_auto,prvi,shop_category_id nije 17 i histogram nema dominantnu kategoriju 928 (auto dijelovi); nema veze sa automobilima,https://olx.ba/shops/ParfemiDrago/aktivni
ParfemiZaVas,ParfemiZaVas,Platinum,Banja Luka,Regija Banja Luka,5185,5177,0,0,18,nije_auto,prvi,shop_category_id nije 17 i histogram nema dominantnu kategoriju 928 (auto dijelovi); nema veze sa automobilima,https://olx.ba/shops/ParfemiZaVas/aktivni
PCSTORE,Bajtechs S.P.,Platinum,Banja Luka,Regija Banja Luka,823,822,0,0,18,nije_auto,prvi,shop_category_id nije 17 i histogram nema dominantnu kategoriju 928 (auto dijelovi); nema veze sa automobilima,https://olx.ba/shops/PCSTORE/aktivni
PromobileShopBL,PromobileShopBL,Platinum,Banja Luka,Regija Banja Luka,1607,1081,0,0,18,nije_auto,prvi,shop_category_id nije 17 i histogram nema dominantnu kategoriju 928 (auto dijelovi); nema veze sa automobilima,https://olx.ba/shops/PromobileShopBL/aktivni
PulsAuto,PulsAuto,Platinum,Banja Luka,Regija Banja Luka,8905,8905,0,0,17,dijelovi,prvi,,https://olx.ba/shops/PulsAuto/aktivni
QUADMOTO,4x4 Centar d.o.o. Siroki Brijeg - Podruznica Banja Luka,Platinum,Banja Luka,Regija Banja Luka,57,54,54,1,1,salon,prvi,,https://olx.ba/shops/QUADMOTO/aktivni
RankoIlbasic,RankoIlbasic,Platinum,Banja Luka,Regija Banja Luka,0,0,0,0,18,neaktivan,prvi,,https://olx.ba/shops/RankoIlbasic/aktivni
reka95,reka95,Platinum,Banja Luka,Regija Banja Luka,3,4,4,1,1,salon,prvi,,https://olx.ba/shops/reka95/aktivni
RemaxDirekt,Remax Direkt,Platinum,Banja Luka,Regija Banja Luka,435,429,0,0,2,nije_auto,prvi,shop_category_id nije 17 i histogram nema dominantnu kategoriju 928 (auto dijelovi); nema veze sa automobilima,https://olx.ba/shops/RemaxDirekt/aktivni
RETAIL,RETAIL s.p,Platinum,Banja Luka,Regija Banja Luka,1274,1190,0,0,18,nije_auto,prvi,shop_category_id nije 17 i histogram nema dominantnu kategoriju 928 (auto dijelovi); nema veze sa automobilima,https://olx.ba/shops/RETAIL/aktivni
RPauto,Rolo-Prof doo Banja Luka,Platinum,Banja Luka,Regija Banja Luka,4,4,4,1,1,salon,prvi,,https://olx.ba/shops/RPauto/aktivni
sam81,sam81,Platinum,Banja Luka,Regija Banja Luka,35,36,36,1,1,salon,prvi,,https://olx.ba/shops/sam81/aktivni
sesauto,Ses-auto,Platinum,Banja Luka,Regija Banja Luka,31,25,24,0.95,1,salon,prvi,,https://olx.ba/shops/sesauto/aktivni
SFS_oplate,SFS_oplate,Platinum,Banja Luka,Regija Banja Luka,39,38,0,0,18,nije_auto,prvi,shop_category_id nije 17 i histogram nema dominantnu kategoriju 928 (auto dijelovi); nema veze sa automobilima,https://olx.ba/shops/SFS_oplate/aktivni
ShareMarker,ShareMarket,Platinum,Banja Luka,Regija Banja Luka,1018,0,0,0,18,neaktivan,prvi,,https://olx.ba/shops/ShareMarker/aktivni
Skytechnology,Skytechnology d.o.o.,Platinum,Banja Luka,Regija Banja Luka,19,19,0,0,18,nije_auto,prvi,shop_category_id nije 17 i histogram nema dominantnu kategoriju 928 (auto dijelovi); nema veze sa automobilima,https://olx.ba/shops/Skytechnology/aktivni
SrkiTech,SrkiTech,Platinum,Banja Luka,Regija Banja Luka,34004,32903,0,0,18,nije_auto,prvi,shop_category_id nije 17 i histogram nema dominantnu kategoriju 928 (auto dijelovi); nema veze sa automobilima,https://olx.ba/shops/SrkiTech/aktivni
StanExpert,StanExpert,Platinum,Banja Luka,Regija Banja Luka,91,1,0,0,2,nije_auto,prvi,shop_category_id nije 17 i histogram nema dominantnu kategoriju 928 (auto dijelovi); nema veze sa automobilima,https://olx.ba/shops/StanExpert/aktivni
STANKOM_N,Stankom nekretnine,Platinum,Banja Luka,Regija Banja Luka,84,84,0,0,2,nije_auto,prvi,shop_category_id nije 17 i histogram nema dominantnu kategoriju 928 (auto dijelovi); nema veze sa automobilima,https://olx.ba/shops/STANKOM_N/aktivni
Sve_Za_Kucu_BL,Sve za kucu Banja Luka,Platinum,Banja Luka,Regija Banja Luka,4860,4863,0,0,18,nije_auto,prvi,shop_category_id nije 17 i histogram nema dominantnu kategoriju 928 (auto dijelovi); nema veze sa automobilima,https://olx.ba/shops/Sve_Za_Kucu_BL/aktivni
TEHNOMONT_BL,TEHNOMONT_BL,Platinum,Banja Luka,Regija Banja Luka,7,0,0,0,18,neaktivan,prvi,,https://olx.ba/shops/TEHNOMONT_BL/aktivni
TimRent,MILIVOJE MARINKOVIC,Platinum,Banja Luka,Regija Banja Luka,47,46,0,0,18,nije_auto,prvi,shop_category_id nije 17 i histogram nema dominantnu kategoriju 928 (auto dijelovi); nema veze sa automobilima,https://olx.ba/shops/TimRent/aktivni
TnTnekretnine,TnTnekretnine,Platinum,Banja Luka,Regija Banja Luka,40,30,0,0,2,nije_auto,prvi,shop_category_id nije 17 i histogram nema dominantnu kategoriju 928 (auto dijelovi); nema veze sa automobilima,https://olx.ba/shops/TnTnekretnine/aktivni
TurboSavic,Turbo servis Savić,Platinum,Banja Luka,Regija Banja Luka,8574,8578,0,0,17,dijelovi,prvi,,https://olx.ba/shops/TurboSavic/aktivni
Venera2023,Venera shop,Platinum,Banja Luka,Regija Banja Luka,0,0,0,0,,neaktivan,prvi,,https://olx.ba/shops/Venera2023/aktivni
VOLARO_AUTO,VOLARO AUTO d.o.o. Banja Luka,Platinum,Banja Luka,Regija Banja Luka,16,16,16,1,1,salon,prvi,,https://olx.ba/shops/VOLARO_AUTO/aktivni
VroomDijelovi,Karoserija Za Sve,Platinum,Banja Luka,Regija Banja Luka,13692,13686,0,0,17,dijelovi,prvi,,https://olx.ba/shops/VroomDijelovi/aktivni
VUKAUTO1,VUKAUTO1,Platinum,Banja Luka,Regija Banja Luka,0,0,0,0,18,neaktivan,prvi,,https://olx.ba/shops/VUKAUTO1/aktivni
vvuk2,V SISTEM PLUS d.o.o.,Platinum,Banja Luka,Regija Banja Luka,2,2,0,0,18,nije_auto,prvi,shop_category_id nije 17 i histogram nema dominantnu kategoriju 928 (auto dijelovi); nema veze sa automobilima,https://olx.ba/shops/vvuk2/aktivni
Welter11,O.R.M1115,Platinum,Banja Luka,Regija Banja Luka,0,0,0,0,18,neaktivan,prvi,,https://olx.ba/shops/Welter11/aktivni
ZIDNI_PANELI,ZIDNI_PANELI,Platinum,Banja Luka,Regija Banja Luka,516,413,0,0,18,nije_auto,prvi,shop_category_id nije 17 i histogram nema dominantnu kategoriju 928 (auto dijelovi); nema veze sa automobilima,https://olx.ba/shops/ZIDNI_PANELI/aktivni
Zmijanjac1988,Ugostitelj88,Platinum,Banja Luka,Regija Banja Luka,7,7,0,0,18,nije_auto,prvi,shop_category_id nije 17 i histogram nema dominantnu kategoriju 928 (auto dijelovi); nema veze sa automobilima,https://olx.ba/shops/Zmijanjac1988/aktivni
zracunari,Z Racunari Banja Luka,Platinum,Banja Luka,Regija Banja Luka,309,236,0,0,18,nije_auto,prvi,shop_category_id nije 17 i histogram nema dominantnu kategoriju 928 (auto dijelovi); nema veze sa automobilima,https://olx.ba/shops/zracunari/aktivni
AC_Neskovic_BL,AC_Neskovic_BL,Gold,Banja Luka,Regija Banja Luka,18,18,18,1,1,salon,prvi,,https://olx.ba/shops/AC_Neskovic_BL/aktivni
Aedifico_Co,Aedifico & Co,Gold,Banja Luka,Regija Banja Luka,0,0,0,0,,neaktivan,prvi,,https://olx.ba/shops/Aedifico_Co/aktivni
agenti_lazuta,Lazuta - agenti za nekretnine,Gold,Banja Luka,Regija Banja Luka,25,25,0,0,2,nije_auto,prvi,shop_category_id nije 17 i histogram nema dominantnu kategoriju 928 (auto dijelovi); nema veze sa automobilima,https://olx.ba/shops/agenti_lazuta/aktivni
AgeraNekretnine,AgeraNekretnine,Gold,Banja Luka,Regija Banja Luka,7,7,0,0,2,nije_auto,prvi,shop_category_id nije 17 i histogram nema dominantnu kategoriju 928 (auto dijelovi); nema veze sa automobilima,https://olx.ba/shops/AgeraNekretnine/aktivni
AlboDoo,Albo DOO,Gold,Banja Luka,Regija Banja Luka,266,266,0,0,18,nije_auto,prvi,shop_category_id nije 17 i histogram nema dominantnu kategoriju 928 (auto dijelovi); nema veze sa automobilima,https://olx.ba/shops/AlboDoo/aktivni
Aldemotursdoo,CENTRAL COMPANY,Gold,Banja Luka,Regija Banja Luka,4,4,4,1,1,salon,prvi,,https://olx.ba/shops/Aldemotursdoo/aktivni
AluMontBL,ALU MONT BL,Gold,Banja Luka,Regija Banja Luka,17,17,0,0,18,nije_auto,prvi,shop_category_id nije 17 i histogram nema dominantnu kategoriju 928 (auto dijelovi); nema veze sa automobilima,https://olx.ba/shops/AluMontBL/aktivni
Ambauto,Ambauto,Gold,Banja Luka,Regija Banja Luka,19,16,16,1,1,salon,prvi,,https://olx.ba/shops/Ambauto/aktivni
AMCBanjaLuka,SUZUKI AMC Banja Luka,Gold,Banja Luka,Regija Banja Luka,14,14,14,1,1,salon,prvi,,https://olx.ba/shops/AMCBanjaLuka/aktivni
andjela_racic19,andjela_racic19,Gold,Banja Luka,Regija Banja Luka,0,0,0,0,18,neaktivan,prvi,,https://olx.ba/shops/andjela_racic19/aktivni
andjelkoprosa,andjelkoprosa,Gold,Banja Luka,Regija Banja Luka,3,3,0,0,2,nije_auto,prvi,shop_category_id nije 17 i histogram nema dominantnu kategoriju 928 (auto dijelovi); nema veze sa automobilima,https://olx.ba/shops/andjelkoprosa/aktivni
angofrigo,AN-GO FRIGOELECTRIC,Gold,Banja Luka,Regija Banja Luka,411,411,0,0,18,nije_auto,prvi,shop_category_id nije 17 i histogram nema dominantnu kategoriju 928 (auto dijelovi); nema veze sa automobilima,https://olx.ba/shops/angofrigo/aktivni
Antonic_Trade,Antonic trade DOO Laktasi PJ Banja Luka,Gold,Banja Luka,Regija Banja Luka,15,15,15,1,1,salon,prvi,,https://olx.ba/shops/Antonic_Trade/aktivni
ApartmanDunjaBL,ApartmanDunjaBL,Gold,Banja Luka,Regija Banja Luka,1,1,0,0,2,nije_auto,prvi,shop_category_id nije 17 i histogram nema dominantnu kategoriju 928 (auto dijelovi); nema veze sa automobilima,https://olx.ba/shops/ApartmanDunjaBL/aktivni
apartmankruna,Fifi79fifi,Gold,Banja Luka,Regija Banja Luka,3,0,0,0,17,neaktivan,prvi,,https://olx.ba/shops/apartmankruna/aktivni
ARENACENTARBL,ARENACENTARBL,Gold,Banja Luka,Regija Banja Luka,1894,1897,0,0,18,nije_auto,prvi,shop_category_id nije 17 i histogram nema dominantnu kategoriju 928 (auto dijelovi); nema veze sa automobilima,https://olx.ba/shops/ARENACENTARBL/aktivni
arenatekstil,ArenaTekstil,Gold,Banja Luka,Regija Banja Luka,19,0,0,0,18,neaktivan,prvi,,https://olx.ba/shops/arenatekstil/aktivni
argdoo,ARG doo Banja Luka Vll Kukjanska 235,Gold,Banja Luka,Regija Banja Luka,15,9,0,0,18,nije_auto,prvi,shop_category_id nije 17 i histogram nema dominantnu kategoriju 928 (auto dijelovi); nema veze sa automobilima,https://olx.ba/shops/argdoo/aktivni
AS_Cerketa,As_cerketa,Gold,Banja Luka,Regija Banja Luka,18,18,18,1,1,salon,prvi,,https://olx.ba/shops/AS_Cerketa/aktivni
ASTech,ASTech,Gold,Banja Luka,Regija Banja Luka,27,26,26,1,1,salon,prvi,,https://olx.ba/shops/ASTech/aktivni
astrale98,Strahinja acimovic,Gold,Banja Luka,Regija Banja Luka,0,0,0,0,,neaktivan,prvi,,https://olx.ba/shops/astrale98/aktivni
ATFchiptuning,CHIPTUNING,Gold,Banja Luka,Regija Banja Luka,6,6,1,0.1667,17,mjesovito,drugi,"Dublji uzorak (6) pokazuje udio vozila 0.1667, tezisno i vozila i dijelovi.",https://olx.ba/shops/ATFchiptuning/aktivni
AtinaNekretnine,Atina nekretnine,Gold,Banja Luka,Regija Banja Luka,9,7,0,0,2,nije_auto,prvi,shop_category_id nije 17 i histogram nema dominantnu kategoriju 928 (auto dijelovi); nema veze sa automobilima,https://olx.ba/shops/AtinaNekretnine/aktivni
AtShop,AtShop,Gold,Banja Luka,Regija Banja Luka,55,16,0,0,18,nije_auto,prvi,shop_category_id nije 17 i histogram nema dominantnu kategoriju 928 (auto dijelovi); nema veze sa automobilima,https://olx.ba/shops/AtShop/aktivni
AUTO_051,"""RADIKS TIM"" d.o.o.",Gold,Banja Luka,Regija Banja Luka,9,9,9,1,1,salon,prvi,,https://olx.ba/shops/AUTO_051/aktivni
AUTO_DijeloviBL,PolovniAutodijelovi_BL,Gold,Banja Luka,Regija Banja Luka,0,0,0,0,18,neaktivan,prvi,,https://olx.ba/shops/AUTO_DijeloviBL/aktivni
AUTO_GAS,AUTO-GAS s.p.,Gold,Banja Luka,Regija Banja Luka,0,0,0,0,,neaktivan,prvi,,https://olx.ba/shops/AUTO_GAS/aktivni
AutoBULEVAR,Auto Bulevar d.o.o.,Gold,Banja Luka,Regija Banja Luka,0,0,0,0,,neaktivan,prvi,,https://olx.ba/shops/AutoBULEVAR/aktivni
AutoEconomic,Auto Economic,Gold,Banja Luka,Regija Banja Luka,29,29,28,0.96,1,salon,prvi,,https://olx.ba/shops/AutoEconomic/aktivni
AutoKucaADA,Auto Kuca ADA,Gold,Banja Luka,Regija Banja Luka,6,6,6,1,1,salon,prvi,,https://olx.ba/shops/AutoKucaADA/aktivni
AutoOtpadBiH,AutoOtpadBiH,Gold,Banja Luka,Regija Banja Luka,2357,2357,0,0,17,dijelovi,prvi,,https://olx.ba/shops/AutoOtpadBiH/aktivni
autootpadrunjo,autootpadrunjo,Gold,Banja Luka,Regija Banja Luka,1331,1322,0,0,17,dijelovi,prvi,,https://olx.ba/shops/autootpadrunjo/aktivni
AutoOtpadSpica,Auto Otpad Špica,Gold,Banja Luka,Regija Banja Luka,2180,2180,0,0,17,dijelovi,prvi,,https://olx.ba/shops/AutoOtpadSpica/aktivni
AutoParkDoo,Autopark d.o.o.,Gold,Banja Luka,Regija Banja Luka,28,27,27,1,1,salon,prvi,,https://olx.ba/shops/AutoParkDoo/aktivni
AUTOPLANETshop,MILOS (MLADEN) VRHOVAC,Gold,Banja Luka,Regija Banja Luka,1168,1166,0,0,17,dijelovi,prvi,,https://olx.ba/shops/AUTOPLANETshop/aktivni
Autoplus,Auto Plus doo Banja Luka,Gold,Banja Luka,Regija Banja Luka,53,50,50,1,1,salon,prvi,,https://olx.ba/shops/Autoplus/aktivni
autoselectdoo,Autoselect,Gold,Banja Luka,Regija Banja Luka,0,0,0,0,18,neaktivan,prvi,,https://olx.ba/shops/autoselectdoo/aktivni
babicaco,TuningAtelje,Gold,Banja Luka,Regija Banja Luka,475,475,0,0,17,dijelovi,prvi,,https://olx.ba/shops/babicaco/aktivni
BalkanDigital,BalkanDigital,Gold,Banja Luka,Regija Banja Luka,0,0,0,0,,neaktivan,prvi,,https://olx.ba/shops/BalkanDigital/aktivni
BalneoStudio,Balneo Studio,Gold,Banja Luka,Regija Banja Luka,0,0,0,0,,neaktivan,prvi,,https://olx.ba/shops/BalneoStudio/aktivni
BASTION,Bastion apartmani,Gold,Banja Luka,Regija Banja Luka,4,4,0,0,2,nije_auto,prvi,shop_category_id nije 17 i histogram nema dominantnu kategoriju 928 (auto dijelovi); nema veze sa automobilima,https://olx.ba/shops/BASTION/aktivni
bateee,BatAuto,Gold,Banja Luka,Regija Banja Luka,1,0,0,0,18,neaktivan,prvi,,https://olx.ba/shops/bateee/aktivni
BEST_VALUE1037,BEST_VALUE1037,Gold,Banja Luka,Regija Banja Luka,0,0,0,0,18,neaktivan,prvi,,https://olx.ba/shops/BEST_VALUE1037/aktivni
BEST_VALUE10375,BEST_VALUE10375,Gold,Banja Luka,Regija Banja Luka,0,0,0,0,18,neaktivan,prvi,,https://olx.ba/shops/BEST_VALUE10375/aktivni
BEST_VALUE123,BEST_VALUE123,Gold,Banja Luka,Regija Banja Luka,0,0,0,0,18,neaktivan,prvi,,https://olx.ba/shops/BEST_VALUE123/aktivni
BEST_VALUE1412,BEST_VALUE1412,Gold,Banja Luka,Regija Banja Luka,0,0,0,0,18,neaktivan,prvi,,https://olx.ba/shops/BEST_VALUE1412/aktivni
bgjnvcghjbvgg,Bbbbbbbbbbb,Gold,Banja Luka,Regija Banja Luka,0,0,0,0,18,neaktivan,prvi,,https://olx.ba/shops/bgjnvcghjbvgg/aktivni
BISCOM,BISCOM COMPUTER SHOP,Gold,Banja Luka,Regija Banja Luka,0,0,0,0,,neaktivan,prvi,,https://olx.ba/shops/BISCOM/aktivni
blkniptv,blkniptv,Gold,Banja Luka,Regija Banja Luka,1,0,0,0,18,neaktivan,prvi,,https://olx.ba/shops/blkniptv/aktivni
blsuzuki,NIKOLA ZEC,Gold,Banja Luka,Regija Banja Luka,1,1,0,0,18,nije_auto,prvi,shop_category_id nije 17 i histogram nema dominantnu kategoriju 928 (auto dijelovi); nema veze sa automobilima,https://olx.ba/shops/blsuzuki/aktivni
Blue_TECH,"Trgovina SP ""BlueTech"" Banja Luka Ognjen Malic",Gold,Banja Luka,Regija Banja Luka,795,711,0,0,18,nije_auto,prvi,shop_category_id nije 17 i histogram nema dominantnu kategoriju 928 (auto dijelovi); nema veze sa automobilima,https://olx.ba/shops/Blue_TECH/aktivni
bojan__98,bojan__98,Gold,Banja Luka,Regija Banja Luka,5,5,0,0,2,nije_auto,prvi,shop_category_id nije 17 i histogram nema dominantnu kategoriju 928 (auto dijelovi); nema veze sa automobilima,https://olx.ba/shops/bojan__98/aktivni
booss,&quot;DACI ŠOP&quot;,Gold,Banja Luka,Regija Banja Luka,387,387,0,0,17,dijelovi,prvi,,https://olx.ba/shops/booss/aktivni
BoRiS1992,"""MOTO-REMONT""",Gold,Banja Luka,Regija Banja Luka,23,22,22,1,1,salon,prvi,,https://olx.ba/shops/BoRiS1992/aktivni
boris27,boris27,Gold,Banja Luka,Regija Banja Luka,621,621,0,0,17,dijelovi,prvi,,https://olx.ba/shops/boris27/aktivni
Boza68,Boza68,Gold,Banja Luka,Regija Banja Luka,4,4,0,0,2,nije_auto,prvi,shop_category_id nije 17 i histogram nema dominantnu kategoriju 928 (auto dijelovi); nema veze sa automobilima,https://olx.ba/shops/Boza68/aktivni
BPS_Banka_BL,BPS_Banka_BL,Gold,Banja Luka,Regija Banja Luka,0,0,0,0,2,neaktivan,prvi,,https://olx.ba/shops/BPS_Banka_BL/aktivni
BrankovicAuto,BRANKOVIĆ AUTO,Gold,Banja Luka,Regija Banja Luka,27,26,7,0.3,1,mjesovito,drugi,"Dublji uzorak (26) pokazuje udio vozila 0.2692, tezisno i vozila i dijelovi.",https://olx.ba/shops/BrankovicAuto/aktivni
BRKA_HARMONIKAS,BRKAAHARMONIKAS,Gold,Banja Luka,Regija Banja Luka,0,0,0,0,18,neaktivan,prvi,,https://olx.ba/shops/BRKA_HARMONIKAS/aktivni
BUNKER_BA,BUNKER_BA,Gold,Banja Luka,Regija Banja Luka,1227,1227,0,0,18,nije_auto,prvi,shop_category_id nije 17 i histogram nema dominantnu kategoriju 928 (auto dijelovi); nema veze sa automobilima,https://olx.ba/shops/BUNKER_BA/aktivni
capriolo_BiH,Wolf bikes doo,Gold,Banja Luka,Regija Banja Luka,1242,1203,140,0.1,18,dijelovi,drugi,"Dublji uzorak (60) pokazuje udio vozila 0.1167, naslovi su dijelovi/oprema/usluge.",https://olx.ba/shops/capriolo_BiH/aktivni
CARALLIANCE,CARALLIANCE,Gold,Banja Luka,Regija Banja Luka,18,15,15,1,1,salon,prvi,,https://olx.ba/shops/CARALLIANCE/aktivni
carshine,Carshine-felge-gume,Gold,Banja Luka,Regija Banja Luka,3684,3680,0,0,17,dijelovi,prvi,,https://olx.ba/shops/carshine/aktivni
CarsLuxury,Lux_rent_a_car,Gold,Banja Luka,Regija Banja Luka,3,3,3,1,1,salon,prvi,,https://olx.ba/shops/CarsLuxury/aktivni
cecenbmw,cecenbmw,Gold,Banja Luka,Regija Banja Luka,0,0,0,0,,neaktivan,prvi,,https://olx.ba/shops/cecenbmw/aktivni
CentrumTrade,Centrum Trade,Gold,Banja Luka,Regija Banja Luka,53,30,0,0,18,nije_auto,prvi,shop_category_id nije 17 i histogram nema dominantnu kategoriju 928 (auto dijelovi); nema veze sa automobilima,https://olx.ba/shops/CentrumTrade/aktivni
CIAK_Auto_BH,CIAK AUTO BH DOO,Gold,Banja Luka,Regija Banja Luka,578,573,0,0,18,nije_auto,prvi,shop_category_id nije 17 i histogram nema dominantnu kategoriju 928 (auto dijelovi); nema veze sa automobilima,https://olx.ba/shops/CIAK_Auto_BH/aktivni
CITROEN99,Auto otpad Ds5,Gold,Banja Luka,Regija Banja Luka,440,439,0,0,17,dijelovi,prvi,,https://olx.ba/shops/CITROEN99/aktivni
ConePcParts,conepcparts,Gold,Banja Luka,Regija Banja Luka,0,0,0,0,,neaktivan,prvi,,https://olx.ba/shops/ConePcParts/aktivni
coopersped,coopersped,Gold,Banja Luka,Regija Banja Luka,11,11,7,0.6364,1,mjesovito,drugi,"Dublji uzorak (11) pokazuje udio vozila 0.6364, tezisno i vozila i dijelovi.",https://olx.ba/shops/coopersped/aktivni
CustomPCshop,CustomPC,Gold,Banja Luka,Regija Banja Luka,0,0,0,0,,neaktivan,prvi,,https://olx.ba/shops/CustomPCshop/aktivni
dabar1995,Crni1978,Gold,Banja Luka,Regija Banja Luka,0,0,0,0,18,neaktivan,prvi,,https://olx.ba/shops/dabar1995/aktivni
dacabanjaluka,LUX Nekretnine,Gold,Banja Luka,Regija Banja Luka,0,0,0,0,,neaktivan,prvi,,https://olx.ba/shops/dacabanjaluka/aktivni
dailyboost,daily boost,Gold,Banja Luka,Regija Banja Luka,1,0,0,0,18,neaktivan,prvi,,https://olx.ba/shops/dailyboost/aktivni
Damjann9800,OLX SHOP,Gold,Banja Luka,Regija Banja Luka,0,0,0,0,18,neaktivan,prvi,,https://olx.ba/shops/Damjann9800/aktivni
danilo06,Danilo06,Gold,Banja Luka,Regija Banja Luka,1,1,0,0,18,nije_auto,prvi,shop_category_id nije 17 i histogram nema dominantnu kategoriju 928 (auto dijelovi); nema veze sa automobilima,https://olx.ba/shops/danilo06/aktivni
DEJAN1106,DEJAN1106,Gold,Banja Luka,Regija Banja Luka,4,3,3,1,1,salon,prvi,,https://olx.ba/shops/DEJAN1106/aktivni
dejo_veric,dejo_veric,Gold,Banja Luka,Regija Banja Luka,242,196,0,0,18,nije_auto,prvi,shop_category_id nije 17 i histogram nema dominantnu kategoriju 928 (auto dijelovi); nema veze sa automobilima,https://olx.ba/shops/dejo_veric/aktivni
Designlogo,AUTO,Gold,Banja Luka,Regija Banja Luka,3,2,1,0.5,1,mjesovito,drugi,"Dublji uzorak (2) pokazuje udio vozila 0.5, tezisno i vozila i dijelovi.",https://olx.ba/shops/Designlogo/aktivni
Dijanarioo,Dijanarioo,Gold,Banja Luka,Regija Banja Luka,0,0,0,0,,neaktivan,prvi,,https://olx.ba/shops/Dijanarioo/aktivni
diki002,Mamama,Gold,Banja Luka,Regija Banja Luka,0,0,0,0,,neaktivan,prvi,,https://olx.ba/shops/diki002/aktivni
diki03,Mario Bjelkanovic,Gold,Banja Luka,Regija Banja Luka,0,0,0,0,,neaktivan,prvi,,https://olx.ba/shops/diki03/aktivni
diko126,Mima ,Gold,Banja Luka,Regija Banja Luka,0,0,0,0,,neaktivan,prvi,,https://olx.ba/shops/diko126/aktivni
Dobarmomak33,Dobar momak,Gold,Banja Luka,Regija Banja Luka,0,0,0,0,18,neaktivan,prvi,,https://olx.ba/shops/Dobarmomak33/aktivni
DraganTesanovic,Poslovni prostor,Gold,Banja Luka,Regija Banja Luka,1,1,0,0,2,nije_auto,prvi,shop_category_id nije 17 i histogram nema dominantnu kategoriju 928 (auto dijelovi); nema veze sa automobilima,https://olx.ba/shops/DraganTesanovic/aktivni
dream_wearrr,dream_wear,Gold,Banja Luka,Regija Banja Luka,18,0,0,0,18,neaktivan,prvi,,https://olx.ba/shops/dream_wearrr/aktivni
DunjaMilica,Apartman RedBrick,Gold,Banja Luka,Regija Banja Luka,1,1,0,0,2,nije_auto,prvi,shop_category_id nije 17 i histogram nema dominantnu kategoriju 928 (auto dijelovi); nema veze sa automobilima,https://olx.ba/shops/DunjaMilica/aktivni
dvcsport,dvcsport,Gold,Banja Luka,Regija Banja Luka,133,83,0,0,18,nije_auto,prvi,shop_category_id nije 17 i histogram nema dominantnu kategoriju 928 (auto dijelovi); nema veze sa automobilima,https://olx.ba/shops/dvcsport/aktivni
dzajic222,AVB Banja Luka,Gold,Banja Luka,Regija Banja Luka,19,0,0,0,18,neaktivan,prvi,,https://olx.ba/shops/dzajic222/aktivni
e_agency,e_agency,Gold,Banja Luka,Regija Banja Luka,0,4,0,0,2,nije_auto,prvi,shop_category_id nije 17 i histogram nema dominantnu kategoriju 928 (auto dijelovi); nema veze sa automobilima,https://olx.ba/shops/e_agency/aktivni
E_G_S,E - GREEN SOLUTIONS d.o.o.,Gold,Banja Luka,Regija Banja Luka,1,1,1,1,1,salon,prvi,,https://olx.ba/shops/E_G_S/aktivni
Elektromont,Elektromont Banja Luka,Gold,Banja Luka,Regija Banja Luka,297,296,0,0,18,nije_auto,prvi,shop_category_id nije 17 i histogram nema dominantnu kategoriju 928 (auto dijelovi); nema veze sa automobilima,https://olx.ba/shops/Elektromont/aktivni
elmot,elmot,Gold,Banja Luka,Regija Banja Luka,3,3,0,0,18,nije_auto,prvi,shop_category_id nije 17 i histogram nema dominantnu kategoriju 928 (auto dijelovi); nema veze sa automobilima,https://olx.ba/shops/elmot/aktivni
ELPIDAauto,ELPIDA,Gold,Banja Luka,Regija Banja Luka,6859,6855,0,0,17,dijelovi,prvi,,https://olx.ba/shops/ELPIDAauto/aktivni
EMIX,emix,Gold,Banja Luka,Regija Banja Luka,892,853,0,0,18,nije_auto,prvi,shop_category_id nije 17 i histogram nema dominantnu kategoriju 928 (auto dijelovi); nema veze sa automobilima,https://olx.ba/shops/EMIX/aktivni
ERGO_HOME,ERGO_HOME,Gold,Banja Luka,Regija Banja Luka,5,5,0,0,18,nije_auto,prvi,shop_category_id nije 17 i histogram nema dominantnu kategoriju 928 (auto dijelovi); nema veze sa automobilima,https://olx.ba/shops/ERGO_HOME/aktivni
estrada051,Dalibor vrhovac,Gold,Banja Luka,Regija Banja Luka,4,4,4,1,1,salon,prvi,,https://olx.ba/shops/estrada051/aktivni
Extravagance,Extravagance,Gold,Banja Luka,Regija Banja Luka,0,0,0,0,18,neaktivan,prvi,,https://olx.ba/shops/Extravagance/aktivni
Fikroramovic,Sara fikro,Gold,Banja Luka,Regija Banja Luka,0,0,0,0,18,neaktivan,prvi,,https://olx.ba/shops/Fikroramovic/aktivni
Filmmore,FilmMore,Gold,Banja Luka,Regija Banja Luka,15,2,0,0,18,nije_auto,prvi,shop_category_id nije 17 i histogram nema dominantnu kategoriju 928 (auto dijelovi); nema veze sa automobilima,https://olx.ba/shops/Filmmore/aktivni
FitnesOprema,Olymp Sport d.o.o,Gold,Banja Luka,Regija Banja Luka,184,179,0,0,18,nije_auto,prvi,shop_category_id nije 17 i histogram nema dominantnu kategoriju 928 (auto dijelovi); nema veze sa automobilima,https://olx.ba/shops/FitnesOprema/aktivni
FrancescoBians,FrancescoBians,Gold,Banja Luka,Regija Banja Luka,0,0,0,0,18,neaktivan,prvi,,https://olx.ba/shops/FrancescoBians/aktivni
FrancescoBianst,FrancescoBianst,Gold,Banja Luka,Regija Banja Luka,0,0,0,0,18,neaktivan,prvi,,https://olx.ba/shops/FrancescoBianst/aktivni
GAJPRO,GAJPRO,Gold,Banja Luka,Regija Banja Luka,1667,5,0,0,18,nije_auto,prvi,shop_category_id nije 17 i histogram nema dominantnu kategoriju 928 (auto dijelovi); nema veze sa automobilima,https://olx.ba/shops/GAJPRO/aktivni
GAME_NONSTOP92,GAME_NONSTOP92,Gold,Banja Luka,Regija Banja Luka,0,0,0,0,18,neaktivan,prvi,,https://olx.ba/shops/GAME_NONSTOP92/aktivni
GAMENONSTOP92BL,GAMENONSTOP92BL,Gold,Banja Luka,Regija Banja Luka,0,0,0,0,18,neaktivan,prvi,,https://olx.ba/shops/GAMENONSTOP92BL/aktivni
Gaming_Bestbuy,Gaming_Bestbuy,Gold,Banja Luka,Regija Banja Luka,0,0,0,0,18,neaktivan,prvi,,https://olx.ba/shops/Gaming_Bestbuy/aktivni
GamingGear19285,GamingGear19285,Gold,Banja Luka,Regija Banja Luka,0,0,0,0,18,neaktivan,prvi,,https://olx.ba/shops/GamingGear19285/aktivni
geoinnekretnine,geoinnekretnine,Gold,Banja Luka,Regija Banja Luka,15,11,0,0,2,nije_auto,prvi,shop_category_id nije 17 i histogram nema dominantnu kategoriju 928 (auto dijelovi); nema veze sa automobilima,https://olx.ba/shops/geoinnekretnine/aktivni
GitArtist,Artist d.o.o.,Gold,Banja Luka,Regija Banja Luka,424,315,0,0,18,nije_auto,prvi,shop_category_id nije 17 i histogram nema dominantnu kategoriju 928 (auto dijelovi); nema veze sa automobilima,https://olx.ba/shops/GitArtist/aktivni
GM_dijelovi,GM_dijelovi,Gold,Banja Luka,Regija Banja Luka,633,632,0,0,17,dijelovi,prvi,,https://olx.ba/shops/GM_dijelovi/aktivni
gmladen,gmladen,Gold,Banja Luka,Regija Banja Luka,6,6,6,1,1,salon,prvi,,https://olx.ba/shops/gmladen/aktivni
GNTcompany,GNTcompany,Gold,Banja Luka,Regija Banja Luka,35,29,0,0,18,nije_auto,prvi,shop_category_id nije 17 i histogram nema dominantnu kategoriju 928 (auto dijelovi); nema veze sa automobilima,https://olx.ba/shops/GNTcompany/aktivni
goldauto,"SC Company d.o.o. , Petra Pecije 143 , Banja Luka",Gold,Banja Luka,Regija Banja Luka,28,25,25,1,1,salon,prvi,,https://olx.ba/shops/goldauto/aktivni
GoldNekretninee,GoldNekretninee,Gold,Banja Luka,Regija Banja Luka,20,17,0,0,2,nije_auto,prvi,shop_category_id nije 17 i histogram nema dominantnu kategoriju 928 (auto dijelovi); nema veze sa automobilima,https://olx.ba/shops/GoldNekretninee/aktivni
golfbmwaudi,AUTOSFERA,Gold,Banja Luka,Regija Banja Luka,987,868,0,0,17,dijelovi,prvi,,https://olx.ba/shops/golfbmwaudi/aktivni
goodsound,Good Sound,Gold,Banja Luka,Regija Banja Luka,1223,1223,0,0,18,nije_auto,prvi,shop_category_id nije 17 i histogram nema dominantnu kategoriju 928 (auto dijelovi); nema veze sa automobilima,https://olx.ba/shops/goodsound/aktivni
goran663987,AUTO_GAS,Gold,Banja Luka,Regija Banja Luka,0,0,0,0,,neaktivan,prvi,,https://olx.ba/shops/goran663987/aktivni
GrandTrade,Grand-Trade d.o.o. Banja Luka,Gold,Banja Luka,Regija Banja Luka,2,3,0,0,2,nije_auto,prvi,shop_category_id nije 17 i histogram nema dominantnu kategoriju 928 (auto dijelovi); nema veze sa automobilima,https://olx.ba/shops/GrandTrade/aktivni
GreenGrassBL,GreenGrass,Gold,Banja Luka,Regija Banja Luka,0,0,0,0,18,neaktivan,prvi,,https://olx.ba/shops/GreenGrassBL/aktivni
GuevaraBH,Guevara BH d.o.o.,Gold,Banja Luka,Regija Banja Luka,34,33,33,1,1,salon,prvi,,https://olx.ba/shops/GuevaraBH/aktivni
halfica,Vesnavee,Gold,Banja Luka,Regija Banja Luka,1,0,0,0,17,neaktivan,prvi,,https://olx.ba/shops/halfica/aktivni
hangarbl,Hangarbl,Gold,Banja Luka,Regija Banja Luka,2668,2648,0,0,17,dijelovi,prvi,,https://olx.ba/shops/hangarbl/aktivni
HRKAAUTO_DOO,HRKA-AUTO DOO,Gold,Banja Luka,Regija Banja Luka,8,9,9,1,1,salon,prvi,,https://olx.ba/shops/HRKAAUTO_DOO/aktivni
HRKADAR,MARIJANA (MILE) DRAGOJEVIC,Gold,Banja Luka,Regija Banja Luka,9,9,9,1,1,salon,prvi,,https://olx.ba/shops/HRKADAR/aktivni
InfamousVape,VapeShop,Gold,Banja Luka,Regija Banja Luka,309,247,0,0,18,nije_auto,prvi,shop_category_id nije 17 i histogram nema dominantnu kategoriju 928 (auto dijelovi); nema veze sa automobilima,https://olx.ba/shops/InfamousVape/aktivni
InFrigoTehnik,IN frigo tehnik d.o.o.,Gold,Banja Luka,Regija Banja Luka,255,255,0,0,18,nije_auto,prvi,shop_category_id nije 17 i histogram nema dominantnu kategoriju 928 (auto dijelovi); nema veze sa automobilima,https://olx.ba/shops/InFrigoTehnik/aktivni
IPTV_GLOBAL,Master,Gold,Banja Luka,Regija Banja Luka,1,0,0,0,18,neaktivan,prvi,,https://olx.ba/shops/IPTV_GLOBAL/aktivni
Iveccodoo,Iveccodoo,Gold,Banja Luka,Regija Banja Luka,2,2,2,1,1,salon,prvi,,https://olx.ba/shops/Iveccodoo/aktivni
jakov05,JakovGT Line,Gold,Banja Luka,Regija Banja Luka,0,0,0,0,18,neaktivan,prvi,,https://olx.ba/shops/jakov05/aktivni
jellenaa,jellenaa,Gold,Banja Luka,Regija Banja Luka,1228,0,0,0,,neaktivan,prvi,,https://olx.ba/shops/jellenaa/aktivni
jonixnekretnine,Nekretnine Jonix,Gold,Banja Luka,Regija Banja Luka,27,23,0,0,2,nije_auto,prvi,shop_category_id nije 17 i histogram nema dominantnu kategoriju 928 (auto dijelovi); nema veze sa automobilima,https://olx.ba/shops/jonixnekretnine/aktivni
jopex,jopex granite distributor,Gold,Banja Luka,Regija Banja Luka,83,83,0,0,18,nije_auto,prvi,shop_category_id nije 17 i histogram nema dominantnu kategoriju 928 (auto dijelovi); nema veze sa automobilima,https://olx.ba/shops/jopex/aktivni
JotechShop,",,Jotech Shop'' Jovica Lazendic s.p. Banja Luka",Gold,Banja Luka,Regija Banja Luka,3919,3260,0,0,18,nije_auto,prvi,shop_category_id nije 17 i histogram nema dominantnu kategoriju 928 (auto dijelovi); nema veze sa automobilima,https://olx.ba/shops/JotechShop/aktivni
kaka_4567,Svastara,Gold,Banja Luka,Regija Banja Luka,0,0,0,0,18,neaktivan,prvi,,https://olx.ba/shops/kaka_4567/aktivni
kama123456,Drugo,Gold,Banja Luka,Regija Banja Luka,0,0,0,0,18,neaktivan,prvi,,https://olx.ba/shops/kama123456/aktivni
KARPASAMBALAZE,KARPASAMBALAZE,Gold,Banja Luka,Regija Banja Luka,1,1,0,0,18,nije_auto,prvi,shop_category_id nije 17 i histogram nema dominantnu kategoriju 928 (auto dijelovi); nema veze sa automobilima,https://olx.ba/shops/KARPASAMBALAZE/aktivni
KELT_BL,KELT DOO,Gold,Banja Luka,Regija Banja Luka,16,20,0,0,2,nije_auto,prvi,shop_category_id nije 17 i histogram nema dominantnu kategoriju 928 (auto dijelovi); nema veze sa automobilima,https://olx.ba/shops/KELT_BL/aktivni
KeramikaB_Luka,AnGo Frigo Electric,Gold,Banja Luka,Regija Banja Luka,76,76,0,0,18,nije_auto,prvi,shop_category_id nije 17 i histogram nema dominantnu kategoriju 928 (auto dijelovi); nema veze sa automobilima,https://olx.ba/shops/KeramikaB_Luka/aktivni
KikiM01,Auto,Gold,Banja Luka,Regija Banja Luka,0,0,0,0,18,neaktivan,prvi,,https://olx.ba/shops/KikiM01/aktivni
Klik_na_LIK,LIK d.o.o,Gold,Banja Luka,Regija Banja Luka,143,141,0,0,17,dijelovi,prvi,,https://olx.ba/shops/Klik_na_LIK/aktivni
KnezevicCO,KNEŽEVIĆ Co. d.o.o.,Gold,Banja Luka,Regija Banja Luka,5,5,5,1,1,salon,prvi,,https://olx.ba/shops/KnezevicCO/aktivni
Knjigu_Kupi,Knjigu_kupi,Gold,Banja Luka,Regija Banja Luka,1535,1538,0,0,18,nije_auto,prvi,shop_category_id nije 17 i histogram nema dominantnu kategoriju 928 (auto dijelovi); nema veze sa automobilima,https://olx.ba/shops/Knjigu_Kupi/aktivni
kristijan0908,Kristijan7689,Gold,Banja Luka,Regija Banja Luka,0,0,0,0,18,neaktivan,prvi,,https://olx.ba/shops/kristijan0908/aktivni
kristijan9988,Kristijan9,Gold,Banja Luka,Regija Banja Luka,0,0,0,0,18,neaktivan,prvi,,https://olx.ba/shops/kristijan9988/aktivni
kucniraj,Kucni Raj,Gold,Banja Luka,Regija Banja Luka,444,391,0,0,18,nije_auto,prvi,shop_category_id nije 17 i histogram nema dominantnu kategoriju 928 (auto dijelovi); nema veze sa automobilima,https://olx.ba/shops/kucniraj/aktivni
kupatilaba,kupatilaba,Gold,Banja Luka,Regija Banja Luka,1175,1172,0,0,18,nije_auto,prvi,shop_category_id nije 17 i histogram nema dominantnu kategoriju 928 (auto dijelovi); nema veze sa automobilima,https://olx.ba/shops/kupatilaba/aktivni
Kuruz_BL,SINISA KURUZOVIC,Gold,Banja Luka,Regija Banja Luka,1248,1248,0,0,17,dijelovi,prvi,,https://olx.ba/shops/Kuruz_BL/aktivni
KVADRAT_BL,KVADRAT NEKRETNINE D.O.O.,Gold,Banja Luka,Regija Banja Luka,0,0,0,0,,neaktivan,prvi,,https://olx.ba/shops/KVADRAT_BL/aktivni
LED_WINNER,LED_WINNER,Gold,Banja Luka,Regija Banja Luka,0,0,0,0,,neaktivan,prvi,,https://olx.ba/shops/LED_WINNER/aktivni
lfc24,lfc24,Gold,Banja Luka,Regija Banja Luka,1542,1564,0,0,17,dijelovi,prvi,,https://olx.ba/shops/lfc24/aktivni
ljubinka,ljubinka,Gold,Banja Luka,Regija Banja Luka,7,7,0,0,2,nije_auto,prvi,shop_category_id nije 17 i histogram nema dominantnu kategoriju 928 (auto dijelovi); nema veze sa automobilima,https://olx.ba/shops/ljubinka/aktivni
ljubisastolar,Prodaja kupovina,Gold,Banja Luka,Regija Banja Luka,0,0,0,0,18,neaktivan,prvi,,https://olx.ba/shops/ljubisastolar/aktivni
Lukic_Invest,Lukic Invest d.o.o Banja Luka,Gold,Banja Luka,Regija Banja Luka,2,2,0,0,2,nije_auto,prvi,shop_category_id nije 17 i histogram nema dominantnu kategoriju 928 (auto dijelovi); nema veze sa automobilima,https://olx.ba/shops/Lukic_Invest/aktivni
luksonii,giftcardshop,Gold,Banja Luka,Regija Banja Luka,0,0,0,0,,neaktivan,prvi,,https://olx.ba/shops/luksonii/aktivni
LuxDrive,LuxDrive,Gold,Banja Luka,Regija Banja Luka,0,0,0,0,18,neaktivan,prvi,,https://olx.ba/shops/LuxDrive/aktivni
LuxuriousYards,LuxuriousYards,Gold,Banja Luka,Regija Banja Luka,1,0,0,0,18,neaktivan,prvi,,https://olx.ba/shops/LuxuriousYards/aktivni
luxury_home,Luxury Mirror's & Lights,Gold,Banja Luka,Regija Banja Luka,77,0,0,0,18,neaktivan,prvi,,https://olx.ba/shops/luxury_home/aktivni
mak0009,Makiopa,Gold,Banja Luka,Regija Banja Luka,1,0,0,0,18,neaktivan,prvi,,https://olx.ba/shops/mak0009/aktivni
Malbasic, Tempo gradnja,Gold,Banja Luka,Regija Banja Luka,0,0,0,0,,neaktivan,prvi,,https://olx.ba/shops/Malbasic/aktivni
Malbasic_satovi,Malbasic_satovi,Gold,Banja Luka,Regija Banja Luka,134,132,0,0,18,nije_auto,prvi,shop_category_id nije 17 i histogram nema dominantnu kategoriju 928 (auto dijelovi); nema veze sa automobilima,https://olx.ba/shops/Malbasic_satovi/aktivni
MaliBazar,MaliBazar,Gold,Banja Luka,Regija Banja Luka,987,985,0,0,18,nije_auto,prvi,shop_category_id nije 17 i histogram nema dominantnu kategoriju 928 (auto dijelovi); nema veze sa automobilima,https://olx.ba/shops/MaliBazar/aktivni
mariobjel,Bibikom,Gold,Banja Luka,Regija Banja Luka,0,0,0,0,18,neaktivan,prvi,,https://olx.ba/shops/mariobjel/aktivni
markkok,OLX,Gold,Banja Luka,Regija Banja Luka,0,0,0,0,,neaktivan,prvi,,https://olx.ba/shops/markkok/aktivni
masej65,Masej65,Gold,Banja Luka,Regija Banja Luka,0,0,0,0,18,neaktivan,prvi,,https://olx.ba/shops/masej65/aktivni
MASTER76,Master Iptv,Gold,Banja Luka,Regija Banja Luka,0,0,0,0,18,neaktivan,prvi,,https://olx.ba/shops/MASTER76/aktivni
MAZDA_METAGO,METAGO d.o.o.,Gold,Banja Luka,Regija Banja Luka,17,16,16,1,1,salon,prvi,,https://olx.ba/shops/MAZDA_METAGO/aktivni
MBikeB,M-Bike Shop,Gold,Banja Luka,Regija Banja Luka,1036,1036,86,0.15,18,nije_auto,drugi,"Dublji uzorak (60) pokazuje udio vozila 0.0833, naslovi su dijelovi/oprema/usluge.",https://olx.ba/shops/MBikeB/aktivni
MEGAPRINT,MEGAPRINT štamparija,Gold,Banja Luka,Regija Banja Luka,97,97,0,0,18,nije_auto,prvi,shop_category_id nije 17 i histogram nema dominantnu kategoriju 928 (auto dijelovi); nema veze sa automobilima,https://olx.ba/shops/MEGAPRINT/aktivni
MEGATRONIK,MEGATRONIK,Gold,Banja Luka,Regija Banja Luka,509,448,0,0,18,nije_auto,prvi,shop_category_id nije 17 i histogram nema dominantnu kategoriju 928 (auto dijelovi); nema veze sa automobilima,https://olx.ba/shops/MEGATRONIK/aktivni
Metago,METAGO d.o.o. Banja Luka,Gold,Banja Luka,Regija Banja Luka,27,28,24,0.8571,1,salon,prvi,,https://olx.ba/shops/Metago/aktivni
mikica210,Luminary,Gold,Banja Luka,Regija Banja Luka,8,0,0,0,17,neaktivan,prvi,,https://olx.ba/shops/mikica210/aktivni
Mikii20,Sve i Svašta,Gold,Banja Luka,Regija Banja Luka,1288,1288,0,0,18,nije_auto,prvi,shop_category_id nije 17 i histogram nema dominantnu kategoriju 928 (auto dijelovi); nema veze sa automobilima,https://olx.ba/shops/Mikii20/aktivni
MilenaNek,MilenaNek,Gold,Banja Luka,Regija Banja Luka,28,28,0,0,2,nije_auto,prvi,shop_category_id nije 17 i histogram nema dominantnu kategoriju 928 (auto dijelovi); nema veze sa automobilima,https://olx.ba/shops/MilenaNek/aktivni
mitar_mirnic11,Mitar,Gold,Banja Luka,Regija Banja Luka,0,0,0,0,18,neaktivan,prvi,,https://olx.ba/shops/mitar_mirnic11/aktivni
mitra,mitra,Gold,Banja Luka,Regija Banja Luka,392,391,0,0,18,nije_auto,prvi,shop_category_id nije 17 i histogram nema dominantnu kategoriju 928 (auto dijelovi); nema veze sa automobilima,https://olx.ba/shops/mitra/aktivni
mknova,MK Nova,Gold,Banja Luka,Regija Banja Luka,27,26,0,0,18,nije_auto,prvi,shop_category_id nije 17 i histogram nema dominantnu kategoriju 928 (auto dijelovi); nema veze sa automobilima,https://olx.ba/shops/mknova/aktivni
MLADAJAGNJETINA,Trgovacka radnja Renault dijelovi,Gold,Banja Luka,Regija Banja Luka,3216,3211,0,0,17,dijelovi,prvi,,https://olx.ba/shops/MLADAJAGNJETINA/aktivni
MOBITECH_SHOP,MOBITECH SHOP,Gold,Banja Luka,Regija Banja Luka,814,806,0,0,18,nije_auto,prvi,shop_category_id nije 17 i histogram nema dominantnu kategoriju 928 (auto dijelovi); nema veze sa automobilima,https://olx.ba/shops/MOBITECH_SHOP/aktivni
Moduldoo,Modul d.o.o.,Gold,Banja Luka,Regija Banja Luka,64,64,0,0,18,nije_auto,prvi,shop_category_id nije 17 i histogram nema dominantnu kategoriju 928 (auto dijelovi); nema veze sa automobilima,https://olx.ba/shops/Moduldoo/aktivni
momentbl,momentbl,Gold,Banja Luka,Regija Banja Luka,2,2,0,0,2,nije_auto,prvi,shop_category_id nije 17 i histogram nema dominantnu kategoriju 928 (auto dijelovi); nema veze sa automobilima,https://olx.ba/shops/momentbl/aktivni
MonePro,Mone Pro Agencija za nekretnine,Gold,Banja Luka,Regija Banja Luka,1,1,0,0,2,nije_auto,prvi,shop_category_id nije 17 i histogram nema dominantnu kategoriju 928 (auto dijelovi); nema veze sa automobilima,https://olx.ba/shops/MonePro/aktivni
MotionLine,Digital Stil,Gold,Banja Luka,Regija Banja Luka,8113,8113,0,0,17,dijelovi,prvi,,https://olx.ba/shops/MotionLine/aktivni
Moto_bikeBL,MOTO-BIKE DOO,Gold,Banja Luka,Regija Banja Luka,529,520,0,0,17,dijelovi,prvi,,https://olx.ba/shops/Moto_bikeBL/aktivni
MOTOCENTARBL,MOTO CENTAR BL,Gold,Banja Luka,Regija Banja Luka,13,13,13,1,1,salon,prvi,,https://olx.ba/shops/MOTOCENTARBL/aktivni
MOTOSHOP_MS1,MOTOSHOP_MS1,Gold,Banja Luka,Regija Banja Luka,10,13,13,1,1,salon,prvi,,https://olx.ba/shops/MOTOSHOP_MS1/aktivni
mTechno,mTechno,Gold,Banja Luka,Regija Banja Luka,3714,3464,0,0,17,dijelovi,prvi,,https://olx.ba/shops/mTechno/aktivni
NEKRETNINE4ZIDA,NEKRETNINE4ZIDA,Gold,Banja Luka,Regija Banja Luka,0,0,0,0,2,neaktivan,prvi,,https://olx.ba/shops/NEKRETNINE4ZIDA/aktivni
nektar321,nektar321,Gold,Banja Luka,Regija Banja Luka,0,0,0,0,,neaktivan,prvi,,https://olx.ba/shops/nektar321/aktivni
nemanjakoprena,Nemanja71,Gold,Banja Luka,Regija Banja Luka,0,0,0,0,18,neaktivan,prvi,,https://olx.ba/shops/nemanjakoprena/aktivni
neso123789,Neso,Gold,Banja Luka,Regija Banja Luka,0,0,0,0,,neaktivan,prvi,,https://olx.ba/shops/neso123789/aktivni
NETTIWOBL,NETTIWOBL,Gold,Banja Luka,Regija Banja Luka,40,40,0,0,18,nije_auto,prvi,shop_category_id nije 17 i histogram nema dominantnu kategoriju 928 (auto dijelovi); nema veze sa automobilima,https://olx.ba/shops/NETTIWOBL/aktivni
nikotin355,nikotin355,Gold,Banja Luka,Regija Banja Luka,1615,1602,0,0,18,nije_auto,prvi,shop_category_id nije 17 i histogram nema dominantnu kategoriju 928 (auto dijelovi); nema veze sa automobilima,https://olx.ba/shops/nikotin355/aktivni
noki901,SURLAN MLADEN,Gold,Banja Luka,Regija Banja Luka,1,1,0,0,2,nije_auto,prvi,shop_category_id nije 17 i histogram nema dominantnu kategoriju 928 (auto dijelovi); nema veze sa automobilima,https://olx.ba/shops/noki901/aktivni
NONSTOP92BL7141,NONSTOP92BL7141,Gold,Banja Luka,Regija Banja Luka,0,0,0,0,18,neaktivan,prvi,,https://olx.ba/shops/NONSTOP92BL7141/aktivni
numerouno,NUMEROUNO,Gold,Banja Luka,Regija Banja Luka,40,31,31,1,1,salon,prvi,,https://olx.ba/shops/numerouno/aktivni
OPTIMUM_AK,OPTIMUM s.p.,Gold,Banja Luka,Regija Banja Luka,18,16,16,1,1,salon,prvi,,https://olx.ba/shops/OPTIMUM_AK/aktivni
pacenik123456,Lfc24,Gold,Banja Luka,Regija Banja Luka,0,0,0,0,18,neaktivan,prvi,,https://olx.ba/shops/pacenik123456/aktivni
PANZALOVIC,PANZALOVIĆ DOO,Gold,Banja Luka,Regija Banja Luka,71,63,0,0,18,nije_auto,prvi,shop_category_id nije 17 i histogram nema dominantnu kategoriju 928 (auto dijelovi); nema veze sa automobilima,https://olx.ba/shops/PANZALOVIC/aktivni
PARFEMIDADO,DALIBOR VURUNA,Gold,Banja Luka,Regija Banja Luka,3815,3815,0,0,18,nije_auto,prvi,shop_category_id nije 17 i histogram nema dominantnu kategoriju 928 (auto dijelovi); nema veze sa automobilima,https://olx.ba/shops/PARFEMIDADO/aktivni
Parfume_Factory,Parfume_Factory,Gold,Banja Luka,Regija Banja Luka,301,302,0,0,18,nije_auto,prvi,shop_category_id nije 17 i histogram nema dominantnu kategoriju 928 (auto dijelovi); nema veze sa automobilima,https://olx.ba/shops/Parfume_Factory/aktivni
PCBest,PCBest,Gold,Banja Luka,Regija Banja Luka,1768,1761,0,0,18,nije_auto,prvi,shop_category_id nije 17 i histogram nema dominantnu kategoriju 928 (auto dijelovi); nema veze sa automobilima,https://olx.ba/shops/PCBest/aktivni
PCmax,PCMAX,Gold,Banja Luka,Regija Banja Luka,556,556,0,0,18,nije_auto,prvi,shop_category_id nije 17 i histogram nema dominantnu kategoriju 928 (auto dijelovi); nema veze sa automobilima,https://olx.ba/shops/PCmax/aktivni
pela547,Petko321,Gold,Banja Luka,Regija Banja Luka,0,0,0,0,18,neaktivan,prvi,,https://olx.ba/shops/pela547/aktivni
Perfektspa,Perfektspa,Gold,Banja Luka,Regija Banja Luka,39,35,0,0,18,nije_auto,prvi,shop_category_id nije 17 i histogram nema dominantnu kategoriju 928 (auto dijelovi); nema veze sa automobilima,https://olx.ba/shops/Perfektspa/aktivni
PerooG,PerooG,Gold,Banja Luka,Regija Banja Luka,10,10,0,0,18,nije_auto,prvi,shop_category_id nije 17 i histogram nema dominantnu kategoriju 928 (auto dijelovi); nema veze sa automobilima,https://olx.ba/shops/PerooG/aktivni
PortoMotors,"Mania d.o.o. Banja Luka, Sime Matavulja 6",Gold,Banja Luka,Regija Banja Luka,8,8,8,1,1,salon,prvi,,https://olx.ba/shops/PortoMotors/aktivni
Printoria,Printoria,Gold,Banja Luka,Regija Banja Luka,0,0,0,0,18,neaktivan,prvi,,https://olx.ba/shops/Printoria/aktivni
prodajavozilabl,PEKO TRADE DOO,Gold,Banja Luka,Regija Banja Luka,17,16,13,0.8125,1,salon,drugi,"Dublji uzorak (16) pokazuje udio vozila 0.8125, naslovi su modeli automobila.",https://olx.ba/shops/prodajavozilabl/aktivni
prodavacf,ZUTA ZGRADA FORTUNA DOO,Gold,Banja Luka,Regija Banja Luka,33,32,32,1,1,salon,prvi,,https://olx.ba/shops/prodavacf/aktivni
ProSport,ProSport,Gold,Banja Luka,Regija Banja Luka,339,158,0,0,18,nije_auto,prvi,shop_category_id nije 17 i histogram nema dominantnu kategoriju 928 (auto dijelovi); nema veze sa automobilima,https://olx.ba/shops/ProSport/aktivni
Proteini_si,Olymp sport d.o.o.,Gold,Banja Luka,Regija Banja Luka,527,488,0,0,18,nije_auto,prvi,shop_category_id nije 17 i histogram nema dominantnu kategoriju 928 (auto dijelovi); nema veze sa automobilima,https://olx.ba/shops/Proteini_si/aktivni
Puhi59,Puhi59,Gold,Banja Luka,Regija Banja Luka,0,0,0,0,,neaktivan,prvi,,https://olx.ba/shops/Puhi59/aktivni
Radijana_Maric,bl,Gold,Banja Luka,Regija Banja Luka,0,0,0,0,18,neaktivan,prvi,,https://olx.ba/shops/Radijana_Maric/aktivni
rdnekretnine,RD nekretnine,Gold,Banja Luka,Regija Banja Luka,20,20,0,0,2,nije_auto,prvi,shop_category_id nije 17 i histogram nema dominantnu kategoriju 928 (auto dijelovi); nema veze sa automobilima,https://olx.ba/shops/rdnekretnine/aktivni
RealMadrid9,Real Madrid Shop,Gold,Banja Luka,Regija Banja Luka,2,0,0,0,18,neaktivan,prvi,,https://olx.ba/shops/RealMadrid9/aktivni
Rentalis,Stan na dan Banja Luka,Gold,Banja Luka,Regija Banja Luka,5,1,0,0,2,nije_auto,prvi,shop_category_id nije 17 i histogram nema dominantnu kategoriju 928 (auto dijelovi); nema veze sa automobilima,https://olx.ba/shops/Rentalis/aktivni
RentLy,RentLy,Gold,Banja Luka,Regija Banja Luka,12,13,0,0,2,nije_auto,prvi,shop_category_id nije 17 i histogram nema dominantnu kategoriju 928 (auto dijelovi); nema veze sa automobilima,https://olx.ba/shops/RentLy/aktivni
RUN661,Olxa,Gold,Banja Luka,Regija Banja Luka,2,0,0,0,17,neaktivan,prvi,,https://olx.ba/shops/RUN661/aktivni
S_S_BAZENI,S_S_BAZENI,Gold,Banja Luka,Regija Banja Luka,21,0,0,0,18,neaktivan,prvi,,https://olx.ba/shops/S_S_BAZENI/aktivni
SAFE_EASY,Javni prevoz ''SAFE&EASY''s.p.,Gold,Banja Luka,Regija Banja Luka,13,13,1,0.0769,18,nije_auto,drugi,"Dublji uzorak (13) pokazuje udio vozila 0.0769, naslovi su dijelovi/oprema/usluge.",https://olx.ba/shops/SAFE_EASY/aktivni
saganekretnine,Saga International,Gold,Banja Luka,Regija Banja Luka,14,11,0,0,2,nije_auto,prvi,shop_category_id nije 17 i histogram nema dominantnu kategoriju 928 (auto dijelovi); nema veze sa automobilima,https://olx.ba/shops/saganekretnine/aktivni
SamDa,BalkanDigital1,Gold,Banja Luka,Regija Banja Luka,0,0,0,0,,neaktivan,prvi,,https://olx.ba/shops/SamDa/aktivni
sasapuskaric,SOLUTION doo,Gold,Banja Luka,Regija Banja Luka,0,0,0,0,,neaktivan,prvi,,https://olx.ba/shops/sasapuskaric/aktivni
seva4,Šavija - Šatori,Gold,Banja Luka,Regija Banja Luka,9,7,0,0,18,nije_auto,prvi,shop_category_id nije 17 i histogram nema dominantnu kategoriju 928 (auto dijelovi); nema veze sa automobilima,https://olx.ba/shops/seva4/aktivni
Sharpe,DOTLIGHT,Gold,Banja Luka,Regija Banja Luka,0,0,0,0,18,neaktivan,prvi,,https://olx.ba/shops/Sharpe/aktivni
SKPneumatika,"""SK PNEUMATIKA"" d.o.o.",Gold,Banja Luka,Regija Banja Luka,3,3,0,0,17,dijelovi,prvi,,https://olx.ba/shops/SKPneumatika/aktivni
Smalhalltedy12,Smalhalltedy12,Gold,Banja Luka,Regija Banja Luka,0,0,0,0,18,neaktivan,prvi,,https://olx.ba/shops/Smalhalltedy12/aktivni
SMARTPHONESHOP7,SMARTPHONE SHOP,Gold,Banja Luka,Regija Banja Luka,771,771,0,0,18,nije_auto,prvi,shop_category_id nije 17 i histogram nema dominantnu kategoriju 928 (auto dijelovi); nema veze sa automobilima,https://olx.ba/shops/SMARTPHONESHOP7/aktivni
SmartTechBL,SmartTechBL,Gold,Banja Luka,Regija Banja Luka,2912,2312,0,0,18,nije_auto,prvi,shop_category_id nije 17 i histogram nema dominantnu kategoriju 928 (auto dijelovi); nema veze sa automobilima,https://olx.ba/shops/SmartTechBL/aktivni
SminkaZaVas,MRSIC VESNA,Gold,Banja Luka,Regija Banja Luka,864,853,0,0,18,nije_auto,prvi,shop_category_id nije 17 i histogram nema dominantnu kategoriju 928 (auto dijelovi); nema veze sa automobilima,https://olx.ba/shops/SminkaZaVas/aktivni
specificparts,specificparts,Gold,Banja Luka,Regija Banja Luka,952,982,0,0,17,dijelovi,prvi,,https://olx.ba/shops/specificparts/aktivni
splendor_led,SPLENDOR LED RASVJETA,Gold,Banja Luka,Regija Banja Luka,466,465,0,0,18,nije_auto,prvi,shop_category_id nije 17 i histogram nema dominantnu kategoriju 928 (auto dijelovi); nema veze sa automobilima,https://olx.ba/shops/splendor_led/aktivni
SportDepot,Sport Depot,Gold,Banja Luka,Regija Banja Luka,483,320,0,0,18,nije_auto,prvi,shop_category_id nije 17 i histogram nema dominantnu kategoriju 928 (auto dijelovi); nema veze sa automobilima,https://olx.ba/shops/SportDepot/aktivni
srboobre,OLX shopa,Gold,Banja Luka,Regija Banja Luka,0,0,0,0,18,neaktivan,prvi,,https://olx.ba/shops/srboobre/aktivni
srkela1,srkela1,Gold,Banja Luka,Regija Banja Luka,1,1,0,0,2,nije_auto,prvi,shop_category_id nije 17 i histogram nema dominantnu kategoriju 928 (auto dijelovi); nema veze sa automobilima,https://olx.ba/shops/srkela1/aktivni
ssss40,Ssss,Gold,Banja Luka,Regija Banja Luka,0,0,0,0,18,neaktivan,prvi,,https://olx.ba/shops/ssss40/aktivni
STautoBL,STAUTO,Gold,Banja Luka,Regija Banja Luka,11,11,11,1,1,salon,prvi,,https://olx.ba/shops/STautoBL/aktivni
Svijetbaterija,Svijet Baterija,Gold,Banja Luka,Regija Banja Luka,669,605,27,0.1,18,nije_auto,drugi,"Dublji uzorak (45) pokazuje udio vozila 0.0444, naslovi su dijelovi/oprema/usluge.",https://olx.ba/shops/Svijetbaterija/aktivni
Tadivoj,Bronze,Gold,Banja Luka,Regija Banja Luka,0,0,0,0,18,neaktivan,prvi,,https://olx.ba/shops/Tadivoj/aktivni
TDtransport,TDtransport,Gold,Banja Luka,Regija Banja Luka,2,0,0,0,18,neaktivan,prvi,,https://olx.ba/shops/TDtransport/aktivni
Techno_planet,Techno Planet,Gold,Banja Luka,Regija Banja Luka,429,431,0,0,18,nije_auto,prvi,shop_category_id nije 17 i histogram nema dominantnu kategoriju 928 (auto dijelovi); nema veze sa automobilima,https://olx.ba/shops/Techno_planet/aktivni
TECHNOELECTRA,Technoelectra,Gold,Banja Luka,Regija Banja Luka,5,0,0,0,18,neaktivan,prvi,,https://olx.ba/shops/TECHNOELECTRA/aktivni
TermaxRED,Termax,Gold,Banja Luka,Regija Banja Luka,25,24,0,0,2,nije_auto,prvi,shop_category_id nije 17 i histogram nema dominantnu kategoriju 928 (auto dijelovi); nema veze sa automobilima,https://olx.ba/shops/TermaxRED/aktivni
Tigar_Doboj,TIGAR DOO,Gold,Banja Luka,Regija Banja Luka,5,5,0,0,2,nije_auto,prvi,shop_category_id nije 17 i histogram nema dominantnu kategoriju 928 (auto dijelovi); nema veze sa automobilima,https://olx.ba/shops/Tigar_Doboj/aktivni
TimSlo,"Tim trans doo, Trzaska cesta 2, 1000 Ljubljana, PDV : SI64139913",Gold,Banja Luka,Regija Banja Luka,1,0,0,0,17,neaktivan,prvi,,https://olx.ba/shops/TimSlo/aktivni
TMOBILE,T-MOBILE D.O.O.,Gold,Banja Luka,Regija Banja Luka,9,8,8,1,1,salon,prvi,,https://olx.ba/shops/TMOBILE/aktivni
TravelPlanDoo,Travel Plan DOO,Gold,Banja Luka,Regija Banja Luka,5,7,7,1,1,salon,prvi,,https://olx.ba/shops/TravelPlanDoo/aktivni
Tvoj_parfem,Tvoj_parfem,Gold,Banja Luka,Regija Banja Luka,9,0,0,0,18,neaktivan,prvi,,https://olx.ba/shops/Tvoj_parfem/aktivni
Urbanonline,Urban namjestaj online shop,Gold,Banja Luka,Regija Banja Luka,0,0,0,0,,neaktivan,prvi,,https://olx.ba/shops/Urbanonline/aktivni
Veca993,Trgovac,Gold,Banja Luka,Regija Banja Luka,0,0,0,0,18,neaktivan,prvi,,https://olx.ba/shops/Veca993/aktivni
velikii173,Pik.ba,Gold,Banja Luka,Regija Banja Luka,0,0,0,0,18,neaktivan,prvi,,https://olx.ba/shops/velikii173/aktivni
VentureDOO,VENTURE doo Banja Luka,Gold,Banja Luka,Regija Banja Luka,28,0,0,0,18,neaktivan,prvi,,https://olx.ba/shops/VentureDOO/aktivni
VikendiceBL,Vikendice Banja Luka,Gold,Banja Luka,Regija Banja Luka,7,7,0,0,2,nije_auto,prvi,shop_category_id nije 17 i histogram nema dominantnu kategoriju 928 (auto dijelovi); nema veze sa automobilima,https://olx.ba/shops/VikendiceBL/aktivni
VINERKUP,VINERKUP OLX.BA,Gold,Banja Luka,Regija Banja Luka,126,125,0,0,18,nije_auto,prvi,shop_category_id nije 17 i histogram nema dominantnu kategoriju 928 (auto dijelovi); nema veze sa automobilima,https://olx.ba/shops/VINERKUP/aktivni
VIPauto,Vip auto d.o.o,Gold,Banja Luka,Regija Banja Luka,16,16,16,1,1,salon,prvi,,https://olx.ba/shops/VIPauto/aktivni
Vodolija1978,Vodolija78,Gold,Banja Luka,Regija Banja Luka,0,0,0,0,18,neaktivan,prvi,,https://olx.ba/shops/Vodolija1978/aktivni
Voll_Prodaja,Voll_Prodaja,Gold,Banja Luka,Regija Banja Luka,294,0,0,0,18,neaktivan,prvi,,https://olx.ba/shops/Voll_Prodaja/aktivni
Vujin123,3dmedia,Gold,Banja Luka,Regija Banja Luka,1,0,0,0,,neaktivan,prvi,,https://olx.ba/shops/Vujin123/aktivni
VulicAuto,REZERVNI DIJELOVI ZA JAPANSKA I KOREJSKA VOZILA,Gold,Banja Luka,Regija Banja Luka,174,174,0,0,17,dijelovi,prvi,,https://olx.ba/shops/VulicAuto/aktivni
wojvoda,Manda,Gold,Banja Luka,Regija Banja Luka,0,0,0,0,18,neaktivan,prvi,,https://olx.ba/shops/wojvoda/aktivni
Wolfinne2020,Wolfinne2020,Gold,Banja Luka,Regija Banja Luka,6,0,0,0,18,neaktivan,prvi,,https://olx.ba/shops/Wolfinne2020/aktivni
WPCdoo,WPC d.o.o.,Gold,Banja Luka,Regija Banja Luka,3,2,0,0,18,nije_auto,prvi,shop_category_id nije 17 i histogram nema dominantnu kategoriju 928 (auto dijelovi); nema veze sa automobilima,https://olx.ba/shops/WPCdoo/aktivni
Z_AUTO,Z-AUTO,Gold,Banja Luka,Regija Banja Luka,12,12,12,1,1,salon,prvi,,https://olx.ba/shops/Z_AUTO/aktivni
ZCRNADAK,ZCRNADAK,Gold,Banja Luka,Regija Banja Luka,11,15,14,0.9333,1,salon,prvi,,https://olx.ba/shops/ZCRNADAK/aktivni
ZeroZeroZero,zerozerozero,Gold,Banja Luka,Regija Banja Luka,1,1,1,1,1,salon,prvi,,https://olx.ba/shops/ZeroZeroZero/aktivni
zokaplin,Zoran Kovacevic,Gold,Banja Luka,Regija Banja Luka,4,0,0,0,18,neaktivan,prvi,,https://olx.ba/shops/zokaplin/aktivni
Dhgybfr56747jb,Dhgybfr56747jb,Platinum,Banovići,Tuzlanski kanton,0,0,0,0,,neaktivan,prvi,,https://olx.ba/shops/Dhgybfr56747jb/aktivni
EDOM,EDOM d.o.o. Banovici,Platinum,Banovići,Tuzlanski kanton,78,77,0,0,18,nije_auto,prvi,shop_category_id nije 17 i histogram nema dominantnu kategoriju 928 (auto dijelovi); nema veze sa automobilima,https://olx.ba/shops/EDOM/aktivni
eman12_52,Apple store,Platinum,Banovići,Tuzlanski kanton,0,0,0,0,18,neaktivan,prvi,,https://olx.ba/shops/eman12_52/aktivni
privatno3,Private Shop,Platinum,Banovići,Tuzlanski kanton,98,97,0,0,18,nije_auto,prvi,shop_category_id nije 17 i histogram nema dominantnu kategoriju 928 (auto dijelovi); nema veze sa automobilima,https://olx.ba/shops/privatno3/aktivni
cpiiiiii,Munjexx,Gold,Banovići,Tuzlanski kanton,0,0,0,0,18,neaktivan,prvi,,https://olx.ba/shops/cpiiiiii/aktivni
emkura568,Briga123,Gold,Banovići,Tuzlanski kanton,0,0,0,0,,neaktivan,prvi,,https://olx.ba/shops/emkura568/aktivni
Berlina1995,BERLINA DOO,Platinum,Bihać,Unsko-sanski kanton,24,20,20,1,1,salon,prvi,,https://olx.ba/shops/Berlina1995/aktivni
Ian15151,Ian15151,Platinum,Bihać,Unsko-sanski kanton,0,0,0,0,,neaktivan,prvi,,https://olx.ba/shops/Ian15151/aktivni
IsakSmajic,IsakSmajic,Platinum,Bihać,Unsko-sanski kanton,0,0,0,0,18,neaktivan,prvi,,https://olx.ba/shops/IsakSmajic/aktivni
KarakasAuto,"Auto Karakaš , Kamenica, Plješevička 67, Bihać",Platinum,Bihać,Unsko-sanski kanton,30,32,32,1,1,salon,prvi,,https://olx.ba/shops/KarakasAuto/aktivni
Kerblshop,Kerbl Shop,Platinum,Bihać,Unsko-sanski kanton,1835,1838,0,0,18,nije_auto,prvi,shop_category_id nije 17 i histogram nema dominantnu kategoriju 928 (auto dijelovi); nema veze sa automobilima,https://olx.ba/shops/Kerblshop/aktivni
Lazarrgga,Lazarrgga,Platinum,Bihać,Unsko-sanski kanton,0,0,0,0,18,neaktivan,prvi,,https://olx.ba/shops/Lazarrgga/aktivni
outletpoznan,outletpoznan,Platinum,Bihać,Unsko-sanski kanton,0,0,0,0,18,neaktivan,prvi,,https://olx.ba/shops/outletpoznan/aktivni
qwerty123123,qwerty123123,Platinum,Bihać,Unsko-sanski kanton,0,0,0,0,,neaktivan,prvi,,https://olx.ba/shops/qwerty123123/aktivni
shshauwh,Ami banjalucki,Platinum,Bihać,Unsko-sanski kanton,0,0,0,0,18,neaktivan,prvi,,https://olx.ba/shops/shshauwh/aktivni
UNIMATRIX,Unimatrix IT shop,Platinum,Bihać,Unsko-sanski kanton,670,291,0,0,18,nije_auto,prvi,shop_category_id nije 17 i histogram nema dominantnu kategoriju 928 (auto dijelovi); nema veze sa automobilima,https://olx.ba/shops/UNIMATRIX/aktivni
abdzile,Prodaja potraznka 0LX,Gold,Bihać,Unsko-sanski kanton,0,0,0,0,18,neaktivan,prvi,,https://olx.ba/shops/abdzile/aktivni
adel_18,Auto ND,Gold,Bihać,Unsko-sanski kanton,0,0,0,0,,neaktivan,prvi,,https://olx.ba/shops/adel_18/aktivni
AstorRex,Hero,Gold,Bihać,Unsko-sanski kanton,0,0,0,0,18,neaktivan,prvi,,https://olx.ba/shops/AstorRex/aktivni
Britain2024,Britain2024,Gold,Bihać,Unsko-sanski kanton,0,0,0,0,2,neaktivan,prvi,,https://olx.ba/shops/Britain2024/aktivni
Centrodom,Centrodom,Gold,Bihać,Unsko-sanski kanton,603,597,0,0,18,nije_auto,prvi,shop_category_id nije 17 i histogram nema dominantnu kategoriju 928 (auto dijelovi); nema veze sa automobilima,https://olx.ba/shops/Centrodom/aktivni
CFMOTO_UNA,CFMoto Una,Gold,Bihać,Unsko-sanski kanton,16,11,5,0.4545,1,mjesovito,drugi,"Dublji uzorak (11) pokazuje udio vozila 0.4545, tezisno i vozila i dijelovi.",https://olx.ba/shops/CFMOTO_UNA/aktivni
COMUNION,COMUNION,Gold,Bihać,Unsko-sanski kanton,1,0,0,0,18,neaktivan,prvi,,https://olx.ba/shops/COMUNION/aktivni
djego,Gume,Gold,Bihać,Unsko-sanski kanton,0,0,0,0,,neaktivan,prvi,,https://olx.ba/shops/djego/aktivni
Dr_vesmasine,Dr_vesmasine,Gold,Bihać,Unsko-sanski kanton,3,0,0,0,18,neaktivan,prvi,,https://olx.ba/shops/Dr_vesmasine/aktivni
Ent_Cars,Ent_Cars,Gold,Bihać,Unsko-sanski kanton,5,5,5,1,1,salon,prvi,,https://olx.ba/shops/Ent_Cars/aktivni
Euroing_Bihac,Euroing_Bihac,Gold,Bihać,Unsko-sanski kanton,16,16,0,0,2,nije_auto,prvi,shop_category_id nije 17 i histogram nema dominantnu kategoriju 928 (auto dijelovi); nema veze sa automobilima,https://olx.ba/shops/Euroing_Bihac/aktivni
Irena2403,MiM Online Beauty Shop,Gold,Bihać,Unsko-sanski kanton,17,0,0,0,18,neaktivan,prvi,,https://olx.ba/shops/Irena2403/aktivni
Mujkicdjelovi,Mujkic Djelovi,Gold,Bihać,Unsko-sanski kanton,40,0,0,0,18,neaktivan,prvi,,https://olx.ba/shops/Mujkicdjelovi/aktivni
nigasfioa2,nigasfioa2,Gold,Bihać,Unsko-sanski kanton,0,0,0,0,,neaktivan,prvi,,https://olx.ba/shops/nigasfioa2/aktivni
novidom,NOVI DOM d.o.o. Agencija za nekretnine,Gold,Bihać,Unsko-sanski kanton,36,35,0,0,2,nije_auto,prvi,shop_category_id nije 17 i histogram nema dominantnu kategoriju 928 (auto dijelovi); nema veze sa automobilima,https://olx.ba/shops/novidom/aktivni
pasicasim,Pasic asim,Gold,Bihać,Unsko-sanski kanton,0,0,0,0,,neaktivan,prvi,,https://olx.ba/shops/pasicasim/aktivni
petrovac1234567,miralem,Gold,Bihać,Unsko-sanski kanton,0,0,0,0,18,neaktivan,prvi,,https://olx.ba/shops/petrovac1234567/aktivni
ramiz2024,Olx.ba,Gold,Bihać,Unsko-sanski kanton,0,0,0,0,18,neaktivan,prvi,,https://olx.ba/shops/ramiz2024/aktivni
RODandGUN,DINDIC COMERC D.O.O. ROD&GUN,Gold,Bihać,Unsko-sanski kanton,2282,1905,0,0,18,nije_auto,prvi,shop_category_id nije 17 i histogram nema dominantnu kategoriju 928 (auto dijelovi); nema veze sa automobilima,https://olx.ba/shops/RODandGUN/aktivni
Rudy80,Rudy80,Gold,Bihać,Unsko-sanski kanton,95,0,0,0,18,neaktivan,prvi,,https://olx.ba/shops/Rudy80/aktivni
Svastaimam,Svastaimam,Gold,Bihać,Unsko-sanski kanton,9,0,0,0,18,neaktivan,prvi,,https://olx.ba/shops/Svastaimam/aktivni
UNA__AUTO,UNA__AUTO,Gold,Bihać,Unsko-sanski kanton,10,9,9,1,1,salon,prvi,,https://olx.ba/shops/UNA__AUTO/aktivni
zikobegic,Pik.ba,Gold,Bihać,Unsko-sanski kanton,0,0,0,0,18,neaktivan,prvi,,https://olx.ba/shops/zikobegic/aktivni
ZMAJ2K17,Zmaj,Gold,Bihać,Unsko-sanski kanton,4,1,0,0,18,nije_auto,prvi,shop_category_id nije 17 i histogram nema dominantnu kategoriju 928 (auto dijelovi); nema veze sa automobilima,https://olx.ba/shops/ZMAJ2K17/aktivni
AcNorge,AcNorge,Platinum,Bijeljina,Regija Bijeljina,0,0,0,0,,neaktivan,prvi,,https://olx.ba/shops/AcNorge/aktivni
agrocentarbn,Partner d.o.o.,Platinum,Bijeljina,Regija Bijeljina,1649,1639,0,0,18,nije_auto,prvi,shop_category_id nije 17 i histogram nema dominantnu kategoriju 928 (auto dijelovi); nema veze sa automobilima,https://olx.ba/shops/agrocentarbn/aktivni
AMD_AUTO,AMD AUTO Mihajlo Jeftic s.p.Bijeljina,Platinum,Bijeljina,Regija Bijeljina,13,11,11,1,1,salon,prvi,,https://olx.ba/shops/AMD_AUTO/aktivni
Audia7777,Audi A7,Platinum,Bijeljina,Regija Bijeljina,1,1,1,1,1,salon,prvi,,https://olx.ba/shops/Audia7777/aktivni
AutoCavic,AutoCavic,Platinum,Bijeljina,Regija Bijeljina,4,5,5,1,1,salon,prvi,,https://olx.ba/shops/AutoCavic/aktivni
AutoDelic,Auto otpad servis Delic,Platinum,Bijeljina,Regija Bijeljina,68900,69163,0,0,17,dijelovi,prvi,,https://olx.ba/shops/AutoDelic/aktivni
AutoSalonSPEED,d.o.o. SPEED,Platinum,Bijeljina,Regija Bijeljina,45,46,46,1,1,salon,prvi,,https://olx.ba/shops/AutoSalonSPEED/aktivni
BiHFancyShop,BiHFancyShop,Platinum,Bijeljina,Regija Bijeljina,0,0,0,0,,neaktivan,prvi,,https://olx.ba/shops/BiHFancyShop/aktivni
BumKaroserija,AUTOBUM d.o.o. Bijeljina,Platinum,Bijeljina,Regija Bijeljina,45016,45016,0,0,17,dijelovi,prvi,,https://olx.ba/shops/BumKaroserija/aktivni
car_star_bn,Car Star doo,Platinum,Bijeljina,Regija Bijeljina,29,30,30,1,1,salon,prvi,,https://olx.ba/shops/car_star_bn/aktivni
damkoi,damkoi,Platinum,Bijeljina,Regija Bijeljina,0,0,0,0,18,neaktivan,prvi,,https://olx.ba/shops/damkoi/aktivni
DELTAprodaja,DELTA,Platinum,Bijeljina,Regija Bijeljina,9747,9738,0,0,18,nije_auto,prvi,shop_category_id nije 17 i histogram nema dominantnu kategoriju 928 (auto dijelovi); nema veze sa automobilima,https://olx.ba/shops/DELTAprodaja/aktivni
DrPC,DrPC,Platinum,Bijeljina,Regija Bijeljina,12596,12595,0,0,18,nije_auto,prvi,shop_category_id nije 17 i histogram nema dominantnu kategoriju 928 (auto dijelovi); nema veze sa automobilima,https://olx.ba/shops/DrPC/aktivni
DScm,stojakovicdragana,Platinum,Bijeljina,Regija Bijeljina,0,0,0,0,18,neaktivan,prvi,,https://olx.ba/shops/DScm/aktivni
FrigoElecElid,Elektro Plamen,Platinum,Bijeljina,Regija Bijeljina,1269,1253,0,0,18,nije_auto,prvi,shop_category_id nije 17 i histogram nema dominantnu kategoriju 928 (auto dijelovi); nema veze sa automobilima,https://olx.ba/shops/FrigoElecElid/aktivni
GamaS,Gama S DOO,Platinum,Bijeljina,Regija Bijeljina,760,718,0,0,18,nije_auto,prvi,shop_category_id nije 17 i histogram nema dominantnu kategoriju 928 (auto dijelovi); nema veze sa automobilima,https://olx.ba/shops/GamaS/aktivni
GPSHOP,Avm Gornja Vranjska,Platinum,Bijeljina,Regija Bijeljina,0,0,0,0,,neaktivan,prvi,,https://olx.ba/shops/GPSHOP/aktivni
HitHouse,HIT HAUS D.o.o. Bijeljina,Platinum,Bijeljina,Regija Bijeljina,365,349,0,0,18,nije_auto,prvi,shop_category_id nije 17 i histogram nema dominantnu kategoriju 928 (auto dijelovi); nema veze sa automobilima,https://olx.ba/shops/HitHouse/aktivni
Igrackebicikla,"Igracke, sve za bebe, bicikla",Platinum,Bijeljina,Regija Bijeljina,2426,2417,0,0,18,nije_auto,prvi,shop_category_id nije 17 i histogram nema dominantnu kategoriju 928 (auto dijelovi); nema veze sa automobilima,https://olx.ba/shops/Igrackebicikla/aktivni
lambo2121,SHOP 21,Platinum,Bijeljina,Regija Bijeljina,0,0,0,0,,neaktivan,prvi,,https://olx.ba/shops/lambo2121/aktivni
ACNeskovic,AUTOCENTAR NESKOVIC DOO,Gold,Bijeljina,Regija Bijeljina,38,33,33,1,1,salon,prvi,,https://olx.ba/shops/ACNeskovic/aktivni
adelisacoralic,Adelisa,Gold,Bijeljina,Regija Bijeljina,0,0,0,0,18,neaktivan,prvi,,https://olx.ba/shops/adelisacoralic/aktivni
Agroland,Shopland d.o.o. Bijeljina,Gold,Bijeljina,Regija Bijeljina,824,824,0,0,18,nije_auto,prvi,shop_category_id nije 17 i histogram nema dominantnu kategoriju 928 (auto dijelovi); nema veze sa automobilima,https://olx.ba/shops/Agroland/aktivni
Agromarket_ba,Agromarket_ba,Gold,Bijeljina,Regija Bijeljina,408,0,0,0,18,neaktivan,prvi,,https://olx.ba/shops/Agromarket_ba/aktivni
AGROMEDZIK,"VOCNE SADNICE,SADNICE LJESNIKA,SADNICE ORAHA",Gold,Bijeljina,Regija Bijeljina,44,0,0,0,18,neaktivan,prvi,,https://olx.ba/shops/AGROMEDZIK/aktivni
Agrotech_Bn,Agrotech_Bn,Gold,Bijeljina,Regija Bijeljina,60,59,0,0,18,nije_auto,prvi,shop_category_id nije 17 i histogram nema dominantnu kategoriju 928 (auto dijelovi); nema veze sa automobilima,https://olx.ba/shops/Agrotech_Bn/aktivni
ahgavajkak,Bsbsbsgszhwhjs,Gold,Bijeljina,Regija Bijeljina,0,0,0,0,18,neaktivan,prvi,,https://olx.ba/shops/ahgavajkak/aktivni
Aldinalic123,Aldinalic123,Gold,Bijeljina,Regija Bijeljina,0,0,0,0,,neaktivan,prvi,,https://olx.ba/shops/Aldinalic123/aktivni
ALEXAUTO,D.O.O ALEXAUTO,Gold,Bijeljina,Regija Bijeljina,25,25,25,1,1,salon,prvi,,https://olx.ba/shops/ALEXAUTO/aktivni
Alic658,Aldinalic,Gold,Bijeljina,Regija Bijeljina,0,0,0,0,,neaktivan,prvi,,https://olx.ba/shops/Alic658/aktivni
AmadeusDoo,AmadeusDoo,Gold,Bijeljina,Regija Bijeljina,9,8,8,1,1,salon,prvi,,https://olx.ba/shops/AmadeusDoo/aktivni
Astradijelovi,Astradijelovi,Gold,Bijeljina,Regija Bijeljina,1262,1261,0,0,17,dijelovi,prvi,,https://olx.ba/shops/Astradijelovi/aktivni
Auto_Otpad_HDI,Auto otpad HDI,Gold,Bijeljina,Regija Bijeljina,2709,2718,0,0,17,dijelovi,prvi,,https://olx.ba/shops/Auto_Otpad_HDI/aktivni
AutoInOprema,Excalibur@ doo.,Gold,Bijeljina,Regija Bijeljina,681,646,0,0,17,dijelovi,prvi,,https://olx.ba/shops/AutoInOprema/aktivni
Best_Gradnja,Best_Gradnja,Gold,Bijeljina,Regija Bijeljina,18,18,0,0,2,nije_auto,prvi,shop_category_id nije 17 i histogram nema dominantnu kategoriju 928 (auto dijelovi); nema veze sa automobilima,https://olx.ba/shops/Best_Gradnja/aktivni
BestPCBuilds,BestPCBuilds,Gold,Bijeljina,Regija Bijeljina,737,669,0,0,18,nije_auto,prvi,shop_category_id nije 17 i histogram nema dominantnu kategoriju 928 (auto dijelovi); nema veze sa automobilima,https://olx.ba/shops/BestPCBuilds/aktivni
bidzulishop,Bidzulishop,Gold,Bijeljina,Regija Bijeljina,0,0,0,0,18,neaktivan,prvi,,https://olx.ba/shops/bidzulishop/aktivni
BlackStrike,* HAPPY PETS * pet shop,Gold,Bijeljina,Regija Bijeljina,1,1,0,0,18,nije_auto,prvi,shop_category_id nije 17 i histogram nema dominantnu kategoriju 928 (auto dijelovi); nema veze sa automobilima,https://olx.ba/shops/BlackStrike/aktivni
BNfalcon,FALCON DOO,Gold,Bijeljina,Regija Bijeljina,0,0,0,0,,neaktivan,prvi,,https://olx.ba/shops/BNfalcon/aktivni
bracoj,bracoj,Gold,Bijeljina,Regija Bijeljina,4,0,0,0,18,neaktivan,prvi,,https://olx.ba/shops/bracoj/aktivni
BTpanels,DOO BTpanels,Gold,Bijeljina,Regija Bijeljina,0,0,0,0,,neaktivan,prvi,,https://olx.ba/shops/BTpanels/aktivni
BunnyIgracke,Little Bunny Igracke,Gold,Bijeljina,Regija Bijeljina,3,0,0,0,18,neaktivan,prvi,,https://olx.ba/shops/BunnyIgracke/aktivni
cane821,cane821,Gold,Bijeljina,Regija Bijeljina,2138,2148,0,0,17,dijelovi,prvi,,https://olx.ba/shops/cane821/aktivni
capo13,Mojauceonica,Gold,Bijeljina,Regija Bijeljina,0,0,0,0,18,neaktivan,prvi,,https://olx.ba/shops/capo13/aktivni
capo2345,Mojauceonica,Gold,Bijeljina,Regija Bijeljina,0,0,0,0,,neaktivan,prvi,,https://olx.ba/shops/capo2345/aktivni
Clickshop,ClickShop,Gold,Bijeljina,Regija Bijeljina,951,951,0,0,18,nije_auto,prvi,shop_category_id nije 17 i histogram nema dominantnu kategoriju 928 (auto dijelovi); nema veze sa automobilima,https://olx.ba/shops/Clickshop/aktivni
dadac85,Dadac85,Gold,Bijeljina,Regija Bijeljina,0,0,0,0,18,neaktivan,prvi,,https://olx.ba/shops/dadac85/aktivni
davorbn11,Dado,Gold,Bijeljina,Regija Bijeljina,0,0,0,0,18,neaktivan,prvi,,https://olx.ba/shops/davorbn11/aktivni
Delovi22,ALEXTEAM,Gold,Bijeljina,Regija Bijeljina,4008,4010,0,0,17,dijelovi,prvi,,https://olx.ba/shops/Delovi22/aktivni
dfgh123,Uuuu,Gold,Bijeljina,Regija Bijeljina,0,0,0,0,18,neaktivan,prvi,,https://olx.ba/shops/dfgh123/aktivni
djek55,Moja uceonic,Gold,Bijeljina,Regija Bijeljina,0,0,0,0,18,neaktivan,prvi,,https://olx.ba/shops/djek55/aktivni
djek890,Moja uceonica,Gold,Bijeljina,Regija Bijeljina,0,0,0,0,18,neaktivan,prvi,,https://olx.ba/shops/djek890/aktivni
DMcompany,D&M Company,Gold,Bijeljina,Regija Bijeljina,0,0,0,0,,neaktivan,prvi,,https://olx.ba/shops/DMcompany/aktivni
dmv_vage,DMV Vage,Gold,Bijeljina,Regija Bijeljina,113,113,0,0,18,nije_auto,prvi,shop_category_id nije 17 i histogram nema dominantnu kategoriju 928 (auto dijelovi); nema veze sa automobilima,https://olx.ba/shops/dmv_vage/aktivni
DPauto,DPAUTO.olx.ba,Gold,Bijeljina,Regija Bijeljina,3,1,1,1,1,salon,prvi,,https://olx.ba/shops/DPauto/aktivni
dranzer1,208MercedesBenz,Gold,Bijeljina,Regija Bijeljina,0,0,0,0,18,neaktivan,prvi,,https://olx.ba/shops/dranzer1/aktivni
DrinaSkoda,DrinaSkoda,Gold,Bijeljina,Regija Bijeljina,1436,1435,0,0,17,dijelovi,prvi,,https://olx.ba/shops/DrinaSkoda/aktivni
Dule747,Dule747,Gold,Bijeljina,Regija Bijeljina,3,3,0,0,2,nije_auto,prvi,shop_category_id nije 17 i histogram nema dominantnu kategoriju 928 (auto dijelovi); nema veze sa automobilima,https://olx.ba/shops/Dule747/aktivni
ElektronikaBN,EL doo,Gold,Bijeljina,Regija Bijeljina,730,0,0,0,18,neaktivan,prvi,,https://olx.ba/shops/ElektronikaBN/aktivni
emin2010,Emin2010,Gold,Bijeljina,Regija Bijeljina,0,0,0,0,18,neaktivan,prvi,,https://olx.ba/shops/emin2010/aktivni
Energy_Nova,Energy_Nova,Gold,Bijeljina,Regija Bijeljina,32,32,0,0,18,nije_auto,prvi,shop_category_id nije 17 i histogram nema dominantnu kategoriju 928 (auto dijelovi); nema veze sa automobilima,https://olx.ba/shops/Energy_Nova/aktivni
fenix_07,fenix_07,Gold,Bijeljina,Regija Bijeljina,0,0,0,0,,neaktivan,prvi,,https://olx.ba/shops/fenix_07/aktivni
Fink3_,Sladjan,Gold,Bijeljina,Regija Bijeljina,0,0,0,0,18,neaktivan,prvi,,https://olx.ba/shops/Fink3_/aktivni
Fusions,M-FRUIT Jinma Traktori,Gold,Bijeljina,Regija Bijeljina,13,0,0,0,1,neaktivan,prvi,,https://olx.ba/shops/Fusions/aktivni
GamingShopBN,GamingShopBN,Gold,Bijeljina,Regija Bijeljina,927,925,0,0,18,nije_auto,prvi,shop_category_id nije 17 i histogram nema dominantnu kategoriju 928 (auto dijelovi); nema veze sa automobilima,https://olx.ba/shops/GamingShopBN/aktivni
GIGATRONStore,GLAMOČIĆDOO,Gold,Bijeljina,Regija Bijeljina,158,158,0,0,18,nije_auto,prvi,shop_category_id nije 17 i histogram nema dominantnu kategoriju 928 (auto dijelovi); nema veze sa automobilima,https://olx.ba/shops/GIGATRONStore/aktivni
glavicice123,Glavicice123,Gold,Bijeljina,Regija Bijeljina,0,0,0,0,18,neaktivan,prvi,,https://olx.ba/shops/glavicice123/aktivni
gomat,Goranmat,Gold,Bijeljina,Regija Bijeljina,0,0,0,0,2,neaktivan,prvi,,https://olx.ba/shops/gomat/aktivni
hagwfwbsjjs,Hajajannabsvus,Gold,Bijeljina,Regija Bijeljina,0,0,0,0,18,neaktivan,prvi,,https://olx.ba/shops/hagwfwbsjjs/aktivni
hdwocccr,Nema,Gold,Bijeljina,Regija Bijeljina,0,0,0,0,18,neaktivan,prvi,,https://olx.ba/shops/hdwocccr/aktivni
HOUSEofCARS,"Trgovinsko - zanatska radnja ""HOUSE OF CARS"" Radenko Tesic s.p. Velika Obarska",Gold,Bijeljina,Regija Bijeljina,7,7,7,1,1,salon,prvi,,https://olx.ba/shops/HOUSEofCARS/aktivni
JovicAutomobili,SASA JOVIC,Gold,Bijeljina,Regija Bijeljina,9,8,8,1,1,salon,prvi,,https://olx.ba/shops/JovicAutomobili/aktivni
KIABN,KIABN,Gold,Bijeljina,Regija Bijeljina,31,15,15,1,1,salon,prvi,,https://olx.ba/shops/KIABN/aktivni
mark0viccc,Fox Still,Silver,Bijeljina,Regija Bijeljina,266,251,0,0,18,nije_auto,prvi,shop_category_id nije 17 i histogram nema dominantnu kategoriju 928 (auto dijelovi); nema veze sa automobilima,https://olx.ba/shops/mark0viccc/aktivni
masineialati,Partner D.o.o.,Platinum,Bijeljina,Regija Bijeljina,14437,14252,0,0,18,nije_auto,prvi,shop_category_id nije 17 i histogram nema dominantnu kategoriju 928 (auto dijelovi); nema veze sa automobilima,https://olx.ba/shops/masineialati/aktivni
Megamanija,Megamanija d.o.o. Bijeljina,Platinum,Bijeljina,Regija Bijeljina,778,779,31,0.04,18,nije_auto,prvi,shop_category_id nije 17 i histogram nema dominantnu kategoriju 928 (auto dijelovi); nema veze sa automobilima,https://olx.ba/shops/Megamanija/aktivni
milossm9987,1122,Platinum,Bijeljina,Regija Bijeljina,0,0,0,0,18,neaktivan,prvi,,https://olx.ba/shops/milossm9987/aktivni
MladenkaBN,MladenkaBN,Platinum,Bijeljina,Regija Bijeljina,0,0,0,0,18,neaktivan,prvi,,https://olx.ba/shops/MladenkaBN/aktivni
patikebn,patikeshop,Platinum,Bijeljina,Regija Bijeljina,0,0,0,0,,neaktivan,prvi,,https://olx.ba/shops/patikebn/aktivni
PcLux,Digiprime,Platinum,Bijeljina,Regija Bijeljina,628,628,0,0,18,nije_auto,prvi,shop_category_id nije 17 i histogram nema dominantnu kategoriju 928 (auto dijelovi); nema veze sa automobilima,https://olx.ba/shops/PcLux/aktivni
PCShop024,Macbook Shop,Platinum,Bijeljina,Regija Bijeljina,1,0,0,0,18,neaktivan,prvi,,https://olx.ba/shops/PCShop024/aktivni
ProStream,ProStream,Platinum,Bijeljina,Regija Bijeljina,0,0,0,0,18,neaktivan,prvi,,https://olx.ba/shops/ProStream/aktivni
PSP_AUTO,PSP_AUTO,Platinum,Bijeljina,Regija Bijeljina,14,14,14,1,1,salon,prvi,,https://olx.ba/shops/PSP_AUTO/aktivni
RezervniDio,Rezervni dio,Platinum,Bijeljina,Regija Bijeljina,1983,1982,0,0,18,nije_auto,prvi,shop_category_id nije 17 i histogram nema dominantnu kategoriju 928 (auto dijelovi); nema veze sa automobilima,https://olx.ba/shops/RezervniDio/aktivni
Semir9112,Semir9112,Platinum,Bijeljina,Regija Bijeljina,0,0,0,0,,neaktivan,prvi,,https://olx.ba/shops/Semir9112/aktivni
Shopland_ba,Shopland d.o.o. Bijeljina,Platinum,Bijeljina,Regija Bijeljina,11985,11698,0,0,18,nije_auto,prvi,shop_category_id nije 17 i histogram nema dominantnu kategoriju 928 (auto dijelovi); nema veze sa automobilima,https://olx.ba/shops/Shopland_ba/aktivni
sinpeks_b,sinpeks b,Platinum,Bijeljina,Regija Bijeljina,407,307,0,0,18,nije_auto,prvi,shop_category_id nije 17 i histogram nema dominantnu kategoriju 928 (auto dijelovi); nema veze sa automobilima,https://olx.ba/shops/sinpeks_b/aktivni
SonyComputer,Sony & Computers DOO,Platinum,Bijeljina,Regija Bijeljina,2373,2182,0,0,18,nije_auto,prvi,shop_category_id nije 17 i histogram nema dominantnu kategoriju 928 (auto dijelovi); nema veze sa automobilima,https://olx.ba/shops/SonyComputer/aktivni
SUPERPonudaBa,PJ Super ponuda,Platinum,Bijeljina,Regija Bijeljina,261,260,0,0,18,nije_auto,prvi,shop_category_id nije 17 i histogram nema dominantnu kategoriju 928 (auto dijelovi); nema veze sa automobilima,https://olx.ba/shops/SUPERPonudaBa/aktivni
TCSpektar,TCSpektar,Platinum,Bijeljina,Regija Bijeljina,3713,3721,0,0,18,nije_auto,prvi,shop_category_id nije 17 i histogram nema dominantnu kategoriju 928 (auto dijelovi); nema veze sa automobilima,https://olx.ba/shops/TCSpektar/aktivni
technoshopbn,TR &quot;Techno Shop BN&quot;,Platinum,Bijeljina,Regija Bijeljina,679,667,0,0,18,nije_auto,prvi,shop_category_id nije 17 i histogram nema dominantnu kategoriju 928 (auto dijelovi); nema veze sa automobilima,https://olx.ba/shops/technoshopbn/aktivni
tehnocentarbn,tehnocentarbn,Platinum,Bijeljina,Regija Bijeljina,116,96,0,0,18,nije_auto,prvi,shop_category_id nije 17 i histogram nema dominantnu kategoriju 928 (auto dijelovi); nema veze sa automobilima,https://olx.ba/shops/tehnocentarbn/aktivni
Teslashop,Teslashop,Platinum,Bijeljina,Regija Bijeljina,8274,8274,0,0,18,nije_auto,prvi,shop_category_id nije 17 i histogram nema dominantnu kategoriju 928 (auto dijelovi); nema veze sa automobilima,https://olx.ba/shops/Teslashop/aktivni
TM_Shop_Doo,TM_Shop_Doo,Platinum,Bijeljina,Regija Bijeljina,0,0,0,0,18,neaktivan,prvi,,https://olx.ba/shops/TM_Shop_Doo/aktivni
Tr_Drift,TR_Drift,Platinum,Bijeljina,Regija Bijeljina,5847,5847,0,0,17,dijelovi,prvi,,https://olx.ba/shops/Tr_Drift/aktivni
TR_Miki,TR Miki,Platinum,Bijeljina,Regija Bijeljina,567,566,0,0,18,nije_auto,prvi,shop_category_id nije 17 i histogram nema dominantnu kategoriju 928 (auto dijelovi); nema veze sa automobilima,https://olx.ba/shops/TR_Miki/aktivni
Vuk5136,Vuk5136,Platinum,Bijeljina,Regija Bijeljina,0,0,0,0,18,neaktivan,prvi,,https://olx.ba/shops/Vuk5136/aktivni
KitchenBox,Shopland d.o.o.,Gold,Bijeljina,Regija Bijeljina,714,0,0,0,18,neaktivan,prvi,,https://olx.ba/shops/KitchenBox/aktivni
kosnicashop,Košnica Web Shop,Gold,Bijeljina,Regija Bijeljina,491,491,0,0,18,nije_auto,prvi,shop_category_id nije 17 i histogram nema dominantnu kategoriju 928 (auto dijelovi); nema veze sa automobilima,https://olx.ba/shops/kosnicashop/aktivni
Kristijan972669,Nikolicc,Gold,Bijeljina,Regija Bijeljina,0,0,0,0,,neaktivan,prvi,,https://olx.ba/shops/Kristijan972669/aktivni
krle64,krle64,Gold,Bijeljina,Regija Bijeljina,6892,6723,0,0,17,dijelovi,prvi,,https://olx.ba/shops/krle64/aktivni
kucnatehnika,Izibizy,Gold,Bijeljina,Regija Bijeljina,0,0,0,0,18,neaktivan,prvi,,https://olx.ba/shops/kucnatehnika/aktivni
Kupi2ba,Kupi2ba,Gold,Bijeljina,Regija Bijeljina,816,770,0,0,18,nije_auto,prvi,shop_category_id nije 17 i histogram nema dominantnu kategoriju 928 (auto dijelovi); nema veze sa automobilima,https://olx.ba/shops/Kupi2ba/aktivni
Lenacvcv,Lenacvcv,Gold,Bijeljina,Regija Bijeljina,0,0,0,0,18,neaktivan,prvi,,https://olx.ba/shops/Lenacvcv/aktivni
M_apartmani,M_apartmani_bijeljina,Gold,Bijeljina,Regija Bijeljina,0,0,0,0,2,neaktivan,prvi,,https://olx.ba/shops/M_apartmani/aktivni
MB_Automobili,MB automobili,Gold,Bijeljina,Regija Bijeljina,9,9,9,1,1,salon,prvi,,https://olx.ba/shops/MB_Automobili/aktivni
MedaljonPromet,MEDALJON-PROMET d.o.o.  Bijeljina,Gold,Bijeljina,Regija Bijeljina,62,61,0,0,18,nije_auto,prvi,shop_category_id nije 17 i histogram nema dominantnu kategoriju 928 (auto dijelovi); nema veze sa automobilima,https://olx.ba/shops/MedaljonPromet/aktivni
MegamanijaMoto,MegamanijaMoto,Gold,Bijeljina,Regija Bijeljina,9,6,6,1,1,salon,prvi,,https://olx.ba/shops/MegamanijaMoto/aktivni
MihajlovicInv,MihajlovicInv,Gold,Bijeljina,Regija Bijeljina,0,0,0,0,,neaktivan,prvi,,https://olx.ba/shops/MihajlovicInv/aktivni
mikanprom,MIKAN-PROM doo,Gold,Bijeljina,Regija Bijeljina,28,16,0,0,18,nije_auto,prvi,shop_category_id nije 17 i histogram nema dominantnu kategoriju 928 (auto dijelovi); nema veze sa automobilima,https://olx.ba/shops/mikanprom/aktivni
Mikoe2,Mikoe2,Gold,Bijeljina,Regija Bijeljina,2545,2545,0,0,17,dijelovi,prvi,,https://olx.ba/shops/Mikoe2/aktivni
mile_milee,Polovna roba,Gold,Bijeljina,Regija Bijeljina,0,0,0,0,18,neaktivan,prvi,,https://olx.ba/shops/mile_milee/aktivni
Milexyz,https;//Milexyz.olx.ba,Gold,Bijeljina,Regija Bijeljina,241,241,11,0.0476,18,nije_auto,prvi,shop_category_id nije 17 i histogram nema dominantnu kategoriju 928 (auto dijelovi); nema veze sa automobilima,https://olx.ba/shops/Milexyz/aktivni
MILICMIXdoo,MILICMIX D.O.O.,Gold,Bijeljina,Regija Bijeljina,336,332,0,0,17,dijelovi,prvi,,https://olx.ba/shops/MILICMIXdoo/aktivni
milivanili19,Z-A,Gold,Bijeljina,Regija Bijeljina,0,0,0,0,18,neaktivan,prvi,,https://olx.ba/shops/milivanili19/aktivni
Mimibijeljina,MIMI D.O.O.,Gold,Bijeljina,Regija Bijeljina,60,60,0,0,18,nije_auto,prvi,shop_category_id nije 17 i histogram nema dominantnu kategoriju 928 (auto dijelovi); nema veze sa automobilima,https://olx.ba/shops/Mimibijeljina/aktivni
MirisniKutak,MirisniKutak,Gold,Bijeljina,Regija Bijeljina,477,2,0,0,18,nije_auto,prvi,shop_category_id nije 17 i histogram nema dominantnu kategoriju 928 (auto dijelovi); nema veze sa automobilima,https://olx.ba/shops/MirisniKutak/aktivni
miroslav2011,miroslav2011,Gold,Bijeljina,Regija Bijeljina,312,309,0,0,17,dijelovi,prvi,,https://olx.ba/shops/miroslav2011/aktivni
mladentamba2,mladentamba,Gold,Bijeljina,Regija Bijeljina,0,0,0,0,18,neaktivan,prvi,,https://olx.ba/shops/mladentamba2/aktivni
MN_AUTA,M_MOTORS,Gold,Bijeljina,Regija Bijeljina,10,11,11,1,1,salon,prvi,,https://olx.ba/shops/MN_AUTA/aktivni
MobiPhone1,MobiPhone1,Gold,Bijeljina,Regija Bijeljina,6,0,0,0,18,neaktivan,prvi,,https://olx.ba/shops/MobiPhone1/aktivni
MojDom_BLJ,Moj Dom Bijeljina,Gold,Bijeljina,Regija Bijeljina,3402,3388,0,0,18,nije_auto,prvi,shop_category_id nije 17 i histogram nema dominantnu kategoriju 928 (auto dijelovi); nema veze sa automobilima,https://olx.ba/shops/MojDom_BLJ/aktivni
MPJAuto,MPJAuto,Gold,Bijeljina,Regija Bijeljina,20,17,17,1,1,salon,prvi,,https://olx.ba/shops/MPJAuto/aktivni
MSISTEM,M SISTEM,Gold,Bijeljina,Regija Bijeljina,1353,1352,0,0,18,nije_auto,prvi,shop_category_id nije 17 i histogram nema dominantnu kategoriju 928 (auto dijelovi); nema veze sa automobilima,https://olx.ba/shops/MSISTEM/aktivni
nedjo653,Nedjo,Gold,Bijeljina,Regija Bijeljina,0,0,0,0,18,neaktivan,prvi,,https://olx.ba/shops/nedjo653/aktivni
nina1987dr,Nina,Gold,Bijeljina,Regija Bijeljina,0,0,0,0,18,neaktivan,prvi,,https://olx.ba/shops/nina1987dr/aktivni
NMOBILE1,NikolaRadic98,Gold,Bijeljina,Regija Bijeljina,1,0,0,0,,neaktivan,prvi,,https://olx.ba/shops/NMOBILE1/aktivni
NORDautocentar,"“Textil LT” d.o.o. Bijeljina , P.J.”NORD AUTO CENTAR”",Gold,Bijeljina,Regija Bijeljina,9,9,9,1,1,salon,prvi,,https://olx.ba/shops/NORDautocentar/aktivni
Ogilv,Ogilv,Gold,Bijeljina,Regija Bijeljina,19,18,18,1,1,salon,prvi,,https://olx.ba/shops/Ogilv/aktivni
PARFEMBN,PARFEMIBN,Gold,Bijeljina,Regija Bijeljina,0,0,0,0,,neaktivan,prvi,,https://olx.ba/shops/PARFEMBN/aktivni
PetarGasBosch,PetarGasBosch,Gold,Bijeljina,Regija Bijeljina,9,9,0,0,17,dijelovi,prvi,,https://olx.ba/shops/PetarGasBosch/aktivni
Player387,Player 387 doo,Gold,Bijeljina,Regija Bijeljina,860,781,0,0,18,nije_auto,prvi,shop_category_id nije 17 i histogram nema dominantnu kategoriju 928 (auto dijelovi); nema veze sa automobilima,https://olx.ba/shops/Player387/aktivni
predo74,Predrag Samardzić,Gold,Bijeljina,Regija Bijeljina,0,0,0,0,18,neaktivan,prvi,,https://olx.ba/shops/predo74/aktivni
Prikolice_AK,Prikolice_AutoKomplet,Gold,Bijeljina,Regija Bijeljina,36,36,36,1,1,salon,prvi,,https://olx.ba/shops/Prikolice_AK/aktivni
prodavnicaalata,prodavnica alata,Gold,Bijeljina,Regija Bijeljina,435,434,0,0,18,nije_auto,prvi,shop_category_id nije 17 i histogram nema dominantnu kategoriju 928 (auto dijelovi); nema veze sa automobilima,https://olx.ba/shops/prodavnicaalata/aktivni
ProPCUser,Marvel Analysis,Gold,Bijeljina,Regija Bijeljina,61,61,0,0,18,nije_auto,prvi,shop_category_id nije 17 i histogram nema dominantnu kategoriju 928 (auto dijelovi); nema veze sa automobilima,https://olx.ba/shops/ProPCUser/aktivni
rakunbn,rakunbn,Gold,Bijeljina,Regija Bijeljina,5,5,5,1,1,salon,prvi,,https://olx.ba/shops/rakunbn/aktivni
RaNikola,NRadic,Gold,Bijeljina,Regija Bijeljina,0,0,0,0,,neaktivan,prvi,,https://olx.ba/shops/RaNikola/aktivni
Si_BN,Si_Bn,Gold,Bijeljina,Regija Bijeljina,3,3,3,1,1,salon,prvi,,https://olx.ba/shops/Si_BN/aktivni
SkyTeamDoo,SKY TEAM STANOVI,Gold,Bijeljina,Regija Bijeljina,0,0,0,0,,neaktivan,prvi,,https://olx.ba/shops/SkyTeamDoo/aktivni
Sminkamaida,Maidasminka,Gold,Bijeljina,Regija Bijeljina,0,0,0,0,18,neaktivan,prvi,,https://olx.ba/shops/Sminkamaida/aktivni
srdjann2222,Autoshop,Gold,Bijeljina,Regija Bijeljina,0,0,0,0,1,neaktivan,prvi,,https://olx.ba/shops/srdjann2222/aktivni
StrikeShop,Strike Shop,Gold,Bijeljina,Regija Bijeljina,771,767,0,0,18,nije_auto,prvi,shop_category_id nije 17 i histogram nema dominantnu kategoriju 928 (auto dijelovi); nema veze sa automobilima,https://olx.ba/shops/StrikeShop/aktivni
tarasss,D.O.O. TARAS,Gold,Bijeljina,Regija Bijeljina,7,5,5,1,1,salon,prvi,,https://olx.ba/shops/tarasss/aktivni
TechnoStore,TECHNO STORE,Gold,Bijeljina,Regija Bijeljina,793,780,0,0,18,nije_auto,prvi,shop_category_id nije 17 i histogram nema dominantnu kategoriju 928 (auto dijelovi); nema veze sa automobilima,https://olx.ba/shops/TechnoStore/aktivni
tecopromet,TECOPROMET D.O.O,Gold,Bijeljina,Regija Bijeljina,39,39,0,0,18,nije_auto,prvi,shop_category_id nije 17 i histogram nema dominantnu kategoriju 928 (auto dijelovi); nema veze sa automobilima,https://olx.ba/shops/tecopromet/aktivni
TehnoLand_ba,Shopland d.o.o. Bijeljina,Gold,Bijeljina,Regija Bijeljina,8270,0,0,0,18,neaktivan,prvi,,https://olx.ba/shops/TehnoLand_ba/aktivni
TIM_AUTO_BN,TIM AUTO BN d.o.o.,Gold,Bijeljina,Regija Bijeljina,1369,1350,0,0,17,dijelovi,prvi,,https://olx.ba/shops/TIM_AUTO_BN/aktivni
timko3Renault,TIMKO DOO,Gold,Bijeljina,Regija Bijeljina,24,19,19,1,1,salon,prvi,,https://olx.ba/shops/timko3Renault/aktivni
TLCTechShop,TLCTechShop,Gold,Bijeljina,Regija Bijeljina,0,0,0,0,18,neaktivan,prvi,,https://olx.ba/shops/TLCTechShop/aktivni
tomiprodaja,Myshop,Gold,Bijeljina,Regija Bijeljina,0,0,0,0,18,neaktivan,prvi,,https://olx.ba/shops/tomiprodaja/aktivni
TopGrupaDoo,Top Grupa d.o.o.,Gold,Bijeljina,Regija Bijeljina,0,0,0,0,18,neaktivan,prvi,,https://olx.ba/shops/TopGrupaDoo/aktivni
ToStrong,Agromehanika alati d.o.o.,Gold,Bijeljina,Regija Bijeljina,976,975,53,0.15,18,nije_auto,drugi,"Dublji uzorak (55) pokazuje udio vozila 0.0545, naslovi su dijelovi/oprema/usluge.",https://olx.ba/shops/ToStrong/aktivni
TR_Djuro,TR_Djuro,Gold,Bijeljina,Regija Bijeljina,450,448,0,0,18,nije_auto,prvi,shop_category_id nije 17 i histogram nema dominantnu kategoriju 928 (auto dijelovi); nema veze sa automobilima,https://olx.ba/shops/TR_Djuro/aktivni
triomax,Triomax DOO,Gold,Bijeljina,Regija Bijeljina,861,859,34,0.04,18,nije_auto,prvi,shop_category_id nije 17 i histogram nema dominantnu kategoriju 928 (auto dijelovi); nema veze sa automobilima,https://olx.ba/shops/triomax/aktivni
ugljoautomobili,ugljoautomobili,Gold,Bijeljina,Regija Bijeljina,16,20,20,1,1,salon,prvi,,https://olx.ba/shops/ugljoautomobili/aktivni
UvozCH,SIMIC MILIVOJE,Gold,Bijeljina,Regija Bijeljina,22,22,22,1,1,salon,prvi,,https://olx.ba/shops/UvozCH/aktivni
vibika,Vibika d.o.o.,Gold,Bijeljina,Regija Bijeljina,407,370,0,0,18,nije_auto,prvi,shop_category_id nije 17 i histogram nema dominantnu kategoriju 928 (auto dijelovi); nema veze sa automobilima,https://olx.ba/shops/vibika/aktivni
Villager,Villager,Gold,Bijeljina,Regija Bijeljina,438,0,0,0,18,neaktivan,prvi,,https://olx.ba/shops/Villager/aktivni
VukKomercdoo,Traktorski dijelovi,Gold,Bijeljina,Regija Bijeljina,713,710,0,0,17,dijelovi,prvi,,https://olx.ba/shops/VukKomercdoo/aktivni
WEBAUTO,WEB AUTO,Gold,Bijeljina,Regija Bijeljina,322,321,0,0,17,dijelovi,prvi,,https://olx.ba/shops/WEBAUTO/aktivni
woodlink1,d.o.o. Imperija Eric,Gold,Bijeljina,Regija Bijeljina,44,36,0,0,18,nije_auto,prvi,shop_category_id nije 17 i histogram nema dominantnu kategoriju 928 (auto dijelovi); nema veze sa automobilima,https://olx.ba/shops/woodlink1/aktivni
znasonobrate,OLX.ba,Gold,Bijeljina,Regija Bijeljina,0,0,0,0,18,neaktivan,prvi,,https://olx.ba/shops/znasonobrate/aktivni
zokavw,zokavw,Gold,Bijeljina,Regija Bijeljina,529,517,0,0,17,dijelovi,prvi,,https://olx.ba/shops/zokavw/aktivni
AutoSestovac,Auto Šestovac,Platinum,Bileća,Regija Trebinje,130,134,134,1,1,salon,prvi,,https://olx.ba/shops/AutoSestovac/aktivni
AnciAnna,OLX shop,Gold,Bileća,Regija Trebinje,0,0,0,0,,neaktivan,prvi,,https://olx.ba/shops/AnciAnna/aktivni
Anilyy,OLX shop ,Gold,Bileća,Regija Trebinje,0,0,0,0,,neaktivan,prvi,,https://olx.ba/shops/Anilyy/aktivni
Annnnaaa,OLX shop,Gold,Bileća,Regija Trebinje,0,0,0,0,,neaktivan,prvi,,https://olx.ba/shops/Annnnaaa/aktivni
Annnnaaaa,OLX shop,Gold,Bileća,Regija Trebinje,0,0,0,0,,neaktivan,prvi,,https://olx.ba/shops/Annnnaaaa/aktivni
bageri12,bageri12,Gold,Bileća,Regija Trebinje,4,4,0,0,18,nije_auto,prvi,shop_category_id nije 17 i histogram nema dominantnu kategoriju 928 (auto dijelovi); nema veze sa automobilima,https://olx.ba/shops/bageri12/aktivni
iphoneshopRS,iphoneshopRS,Gold,Bileća,Regija Trebinje,82,68,0,0,18,nije_auto,prvi,shop_category_id nije 17 i histogram nema dominantnu kategoriju 928 (auto dijelovi); nema veze sa automobilima,https://olx.ba/shops/iphoneshopRS/aktivni
MilanDendaKamen,MD KAMEN,Gold,Bileća,Regija Trebinje,8,8,0,0,18,nije_auto,prvi,shop_category_id nije 17 i histogram nema dominantnu kategoriju 928 (auto dijelovi); nema veze sa automobilima,https://olx.ba/shops/MilanDendaKamen/aktivni
MilanMicola,MilanMicola,Gold,Bileća,Regija Trebinje,27,27,0,0,18,nije_auto,prvi,shop_category_id nije 17 i histogram nema dominantnu kategoriju 928 (auto dijelovi); nema veze sa automobilima,https://olx.ba/shops/MilanMicola/aktivni
Tomanovic_11,Baljci,Gold,Bileća,Regija Trebinje,0,0,0,0,18,neaktivan,prvi,,https://olx.ba/shops/Tomanovic_11/aktivni
AMonlineshop,AMonlineshop,Platinum,Bosanska Krupa,Unsko-sanski kanton,3353,3352,0,0,18,nije_auto,prvi,shop_category_id nije 17 i histogram nema dominantnu kategoriju 928 (auto dijelovi); nema veze sa automobilima,https://olx.ba/shops/AMonlineshop/aktivni
fnsajfnasjfasjn,fnsajfnasjfasjn,Platinum,Bosanska Krupa,Unsko-sanski kanton,1,0,0,0,18,neaktivan,prvi,,https://olx.ba/shops/fnsajfnasjfasjn/aktivni
edam4,1234,Gold,Bosanska Krupa,Unsko-sanski kanton,0,0,0,0,18,neaktivan,prvi,,https://olx.ba/shops/edam4/aktivni
emsad86,Emsad,Gold,Bosanska Krupa,Unsko-sanski kanton,0,0,0,0,18,neaktivan,prvi,,https://olx.ba/shops/emsad86/aktivni
goredole44,Zdravko,Gold,Bosanska Krupa,Unsko-sanski kanton,0,0,0,0,,neaktivan,prvi,,https://olx.ba/shops/goredole44/aktivni
mirsad1504,Olix.ba,Gold,Bosanska Krupa,Unsko-sanski kanton,0,0,0,0,18,neaktivan,prvi,,https://olx.ba/shops/mirsad1504/aktivni
Najdin_Velagic,Najdin_Velagic,Gold,Bosanska Krupa,Unsko-sanski kanton,0,0,0,0,,neaktivan,prvi,,https://olx.ba/shops/Najdin_Velagic/aktivni
nutaaa,Olx schop,Gold,Bosanska Krupa,Unsko-sanski kanton,0,0,0,0,18,neaktivan,prvi,,https://olx.ba/shops/nutaaa/aktivni
Sanchezovaccc,Sanchezovac,Gold,Bosanska Krupa,Unsko-sanski kanton,0,0,0,0,18,neaktivan,prvi,,https://olx.ba/shops/Sanchezovaccc/aktivni
stefannn86,Stefan,Gold,Bosanska Krupa,Unsko-sanski kanton,0,0,0,0,18,neaktivan,prvi,,https://olx.ba/shops/stefannn86/aktivni
TheAxlErmin,Neka to bude 100% Jezerski,Gold,Bosanska Krupa,Unsko-sanski kanton,0,0,0,0,,neaktivan,prvi,,https://olx.ba/shops/TheAxlErmin/aktivni
VasDomKrupa,Vaš Dom Bosanska Krupa,Gold,Bosanska Krupa,Unsko-sanski kanton,3438,3415,0,0,18,nije_auto,prvi,shop_category_id nije 17 i histogram nema dominantnu kategoriju 928 (auto dijelovi); nema veze sa automobilima,https://olx.ba/shops/VasDomKrupa/aktivni
zzz42647,zzz42647,Gold,Bosanska Krupa,Unsko-sanski kanton,0,0,0,0,,neaktivan,prvi,,https://olx.ba/shops/zzz42647/aktivni
Matrimmox,Matrimmox,Platinum,Bosanski Petrovac,Unsko-sanski kanton,0,0,0,0,2,neaktivan,prvi,,https://olx.ba/shops/Matrimmox/aktivni
emmarose,emmarose,Gold,Bosanski Petrovac,Unsko-sanski kanton,0,0,0,0,,neaktivan,prvi,,https://olx.ba/shops/emmarose/aktivni
nigao2,nigao2,Gold,Bosanski Petrovac,Unsko-sanski kanton,0,0,0,0,,neaktivan,prvi,,https://olx.ba/shops/nigao2/aktivni
pekiska_bb,Kupoprodaja,Gold,Bosanski Petrovac,Unsko-sanski kanton,0,0,0,0,18,neaktivan,prvi,,https://olx.ba/shops/pekiska_bb/aktivni
mmdmdmmdmd,Telefoni,Platinum,Bosansko Grahovo,Kanton 10,0,0,0,0,18,neaktivan,prvi,,https://olx.ba/shops/mmdmdmmdmd/aktivni
dodika123,Olix šop,Gold,Bosansko Grahovo,Kanton 10,0,0,0,0,18,neaktivan,prvi,,https://olx.ba/shops/dodika123/aktivni
Duler99,Duler99,Gold,Bosansko Grahovo,Kanton 10,2122,2122,0,0,17,dijelovi,prvi,,https://olx.ba/shops/Duler99/aktivni
gogica22,Pikba,Gold,Bosansko Grahovo,Kanton 10,1,0,0,0,17,neaktivan,prvi,,https://olx.ba/shops/gogica22/aktivni
atilimraf,atilimraf,Platinum,Bratunac,Regija Bijeljina,0,0,0,0,18,neaktivan,prvi,,https://olx.ba/shops/atilimraf/aktivni
AutoBratunac,Auto Centar Bratunac,Platinum,Bratunac,Regija Bijeljina,8,5,5,1,1,salon,prvi,,https://olx.ba/shops/AutoBratunac/aktivni
TEMPUSdoo,TEMPUS DOO,Platinum,Bratunac,Regija Bijeljina,15,15,0,0,17,dijelovi,prvi,,https://olx.ba/shops/TEMPUSdoo/aktivni
AutoPlacSkoric,AutoPlacSkoric,Gold,Bratunac,Regija Bijeljina,10,11,11,1,1,salon,prvi,,https://olx.ba/shops/AutoPlacSkoric/aktivni
Milan1973,DRINSKA KUCA,Gold,Bratunac,Regija Bijeljina,66,0,0,0,,neaktivan,prvi,,https://olx.ba/shops/Milan1973/aktivni
tesicautoservis,ztr automehanik,Gold,Bratunac,Regija Bijeljina,45,43,0,0,17,dijelovi,prvi,,https://olx.ba/shops/tesicautoservis/aktivni
vuk123098,Vuk,Gold,Bratunac,Regija Bijeljina,0,0,0,0,18,neaktivan,prvi,,https://olx.ba/shops/vuk123098/aktivni
vukv1029,vuk,Gold,Bratunac,Regija Bijeljina,0,0,0,0,18,neaktivan,prvi,,https://olx.ba/shops/vukv1029/aktivni
AConlineAUTO,AC ONLINE AUTO,Platinum,Brčko,Brčko distrikt,13,13,13,1,1,salon,prvi,,https://olx.ba/shops/AConlineAUTO/aktivni
Adins123,Adins123,Platinum,Brčko,Brčko distrikt,284,284,0,0,18,nije_auto,prvi,shop_category_id nije 17 i histogram nema dominantnu kategoriju 928 (auto dijelovi); nema veze sa automobilima,https://olx.ba/shops/Adins123/aktivni
Aditechdoo,Adi-tech doo,Platinum,Brčko,Brčko distrikt,63,0,0,0,18,neaktivan,prvi,,https://olx.ba/shops/Aditechdoo/aktivni
AiNauto,Auto otpad A&N,Platinum,Brčko,Brčko distrikt,22920,22922,0,0,17,dijelovi,prvi,,https://olx.ba/shops/AiNauto/aktivni
aki_2000,Aki_Shop,Platinum,Brčko,Brčko distrikt,498,498,0,0,18,nije_auto,prvi,shop_category_id nije 17 i histogram nema dominantnu kategoriju 928 (auto dijelovi); nema veze sa automobilima,https://olx.ba/shops/aki_2000/aktivni
ammmetest345,testni57657w7w5,Platinum,Brčko,Brčko distrikt,0,0,0,0,18,neaktivan,prvi,,https://olx.ba/shops/ammmetest345/aktivni
asmirhhh,HUSKIC - AUTOMOBILE d.o.o.,Platinum,Brčko,Brčko distrikt,93,95,95,1,1,salon,prvi,,https://olx.ba/shops/asmirhhh/aktivni
autootpadRALLY,AUTO OTPAD RALLYE,Platinum,Brčko,Brčko distrikt,12977,13002,0,0,17,dijelovi,prvi,,https://olx.ba/shops/autootpadRALLY/aktivni
autorad,Autorad doo,Platinum,Brčko,Brčko distrikt,65,64,64,1,1,salon,prvi,,https://olx.ba/shops/autorad/aktivni
BavariaMia,BavariaMia,Platinum,Brčko,Brčko distrikt,930,936,0,0,18,nije_auto,prvi,shop_category_id nije 17 i histogram nema dominantnu kategoriju 928 (auto dijelovi); nema veze sa automobilima,https://olx.ba/shops/BavariaMia/aktivni
BeaLuss,BeaLuss,Platinum,Brčko,Brčko distrikt,244,244,0,0,18,nije_auto,prvi,shop_category_id nije 17 i histogram nema dominantnu kategoriju 928 (auto dijelovi); nema veze sa automobilima,https://olx.ba/shops/BeaLuss/aktivni
BeaTools,BeaTools,Platinum,Brčko,Brčko distrikt,24,0,0,0,18,neaktivan,prvi,,https://olx.ba/shops/BeaTools/aktivni
booza,booza shoo,Platinum,Brčko,Brčko distrikt,0,0,0,0,,neaktivan,prvi,,https://olx.ba/shops/booza/aktivni
brckogasdoo,Brcko gas,Platinum,Brčko,Brčko distrikt,132,121,121,1,1,salon,prvi,,https://olx.ba/shops/brckogasdoo/aktivni
cigla7,cigla shop,Platinum,Brčko,Brčko distrikt,0,0,0,0,,neaktivan,prvi,,https://olx.ba/shops/cigla7/aktivni
cyberShoping,cyberShopping,Platinum,Brčko,Brčko distrikt,1913,0,0,0,18,neaktivan,prvi,,https://olx.ba/shops/cyberShoping/aktivni
Diks__123,Diks_Shop,Platinum,Brčko,Brčko distrikt,828,828,0,0,18,nije_auto,prvi,shop_category_id nije 17 i histogram nema dominantnu kategoriju 928 (auto dijelovi); nema veze sa automobilima,https://olx.ba/shops/Diks__123/aktivni
dljagaga,amela89089,Platinum,Brčko,Brčko distrikt,0,0,0,0,,neaktivan,prvi,,https://olx.ba/shops/dljagaga/aktivni
Dragana_Micic3,Dragana_Micic3,Platinum,Brčko,Brčko distrikt,1,0,0,0,18,neaktivan,prvi,,https://olx.ba/shops/Dragana_Micic3/aktivni
Ekskluziva,Ekskluziva Nekretnine,Platinum,Brčko,Brčko distrikt,51,50,0,0,2,nije_auto,prvi,shop_category_id nije 17 i histogram nema dominantnu kategoriju 928 (auto dijelovi); nema veze sa automobilima,https://olx.ba/shops/Ekskluziva/aktivni
EMPORIUM,AGENCIJA EMPORIUM NEKRETNINE BRČKO,Platinum,Brčko,Brčko distrikt,69,68,0,0,2,nije_auto,prvi,shop_category_id nije 17 i histogram nema dominantnu kategoriju 928 (auto dijelovi); nema veze sa automobilima,https://olx.ba/shops/EMPORIUM/aktivni
ENRON_DOO,ENRON_DOO,Platinum,Brčko,Brčko distrikt,8460,0,0,0,18,neaktivan,prvi,,https://olx.ba/shops/ENRON_DOO/aktivni
EXOS,Exos,Platinum,Brčko,Brčko distrikt,0,0,0,0,,neaktivan,prvi,,https://olx.ba/shops/EXOS/aktivni
Guje,Guja,Platinum,Brčko,Brčko distrikt,1,0,0,0,18,neaktivan,prvi,,https://olx.ba/shops/Guje/aktivni
JAKOBOVIC,JAKOBOVIĆ NEKRETNINE,Platinum,Brčko,Brčko distrikt,51,51,0,0,2,nije_auto,prvi,shop_category_id nije 17 i histogram nema dominantnu kategoriju 928 (auto dijelovi); nema veze sa automobilima,https://olx.ba/shops/JAKOBOVIC/aktivni
kizolav,kizovam,Platinum,Brčko,Brčko distrikt,0,0,0,0,,neaktivan,prvi,,https://olx.ba/shops/kizolav/aktivni
KODTOSE,neskoooo85,Platinum,Brčko,Brčko distrikt,7,4,4,1,1,salon,prvi,,https://olx.ba/shops/KODTOSE/aktivni
lejlar278,Nema,Platinum,Brčko,Brčko distrikt,0,0,0,0,,neaktivan,prvi,,https://olx.ba/shops/lejlar278/aktivni
Luminiss,Luminiss,Platinum,Brčko,Brčko distrikt,186,186,0,0,18,nije_auto,prvi,shop_category_id nije 17 i histogram nema dominantnu kategoriju 928 (auto dijelovi); nema veze sa automobilima,https://olx.ba/shops/Luminiss/aktivni
MaverickShop,Backshop1,Platinum,Brčko,Brčko distrikt,937,943,0,0,18,nije_auto,prvi,shop_category_id nije 17 i histogram nema dominantnu kategoriju 928 (auto dijelovi); nema veze sa automobilima,https://olx.ba/shops/MaverickShop/aktivni
MFautomobile,MF-Automobile d.o.o,Platinum,Brčko,Brčko distrikt,49,50,50,1,1,salon,prvi,,https://olx.ba/shops/MFautomobile/aktivni
MGR_SWISS_AUTO,MGR SWISS AUTO DOO,Platinum,Brčko,Brčko distrikt,40,36,36,1,1,salon,prvi,,https://olx.ba/shops/MGR_SWISS_AUTO/aktivni
Mine213,mineshop,Platinum,Brčko,Brčko distrikt,5,0,0,0,18,neaktivan,prvi,,https://olx.ba/shops/Mine213/aktivni
MotorRemont,MOTOR - REMONT TRADE d.o.o. Brcko,Platinum,Brčko,Brčko distrikt,305,302,22,0.15,18,nije_auto,drugi,"Dublji uzorak (42) pokazuje udio vozila 0.0714, naslovi su dijelovi/oprema/usluge.",https://olx.ba/shops/MotorRemont/aktivni
Mozile555,Dejan Šupica,Platinum,Brčko,Brčko distrikt,0,0,0,0,18,neaktivan,prvi,,https://olx.ba/shops/Mozile555/aktivni
MS_CH_AUTA,M&S CH Auta,Platinum,Brčko,Brčko distrikt,104,101,101,1,1,salon,prvi,,https://olx.ba/shops/MS_CH_AUTA/aktivni
MukiCobra,Muhammed Bosnic,Platinum,Brčko,Brčko distrikt,0,0,0,0,18,neaktivan,prvi,,https://olx.ba/shops/MukiCobra/aktivni
No1,TNVM BRCKO,Platinum,Brčko,Brčko distrikt,3442,3522,0,0,18,nije_auto,prvi,shop_category_id nije 17 i histogram nema dominantnu kategoriju 928 (auto dijelovi); nema veze sa automobilima,https://olx.ba/shops/No1/aktivni
Ommar123,patentSell,Platinum,Brčko,Brčko distrikt,0,0,0,0,,neaktivan,prvi,,https://olx.ba/shops/Ommar123/aktivni
Osm3y,Osm3y,Platinum,Brčko,Brčko distrikt,0,0,0,0,18,neaktivan,prvi,,https://olx.ba/shops/Osm3y/aktivni
otpadkodnedzada,Nedad,Platinum,Brčko,Brčko distrikt,1,0,0,0,18,neaktivan,prvi,,https://olx.ba/shops/otpadkodnedzada/aktivni
paskalov,paskalov,Platinum,Brčko,Brčko distrikt,710,0,0,0,18,neaktivan,prvi,,https://olx.ba/shops/paskalov/aktivni
PrimeTools,PrimeTools,Platinum,Brčko,Brčko distrikt,14750,14750,0,0,18,nije_auto,prvi,shop_category_id nije 17 i histogram nema dominantnu kategoriju 928 (auto dijelovi); nema veze sa automobilima,https://olx.ba/shops/PrimeTools/aktivni
ProdajaRaznoga,Haris Nakicevic,Platinum,Brčko,Brčko distrikt,0,0,0,0,,neaktivan,prvi,,https://olx.ba/shops/ProdajaRaznoga/aktivni
Riberr,Riberr,Platinum,Brčko,Brčko distrikt,906,913,0,0,18,nije_auto,prvi,shop_category_id nije 17 i histogram nema dominantnu kategoriju 928 (auto dijelovi); nema veze sa automobilima,https://olx.ba/shops/Riberr/aktivni
STAKICAUTO,D.o.o STAKIC AUTOMOBILE,Platinum,Brčko,Brčko distrikt,71,65,65,1,1,salon,prvi,,https://olx.ba/shops/STAKICAUTO/aktivni
TDIautoparts,TDI-AUTO,Platinum,Brčko,Brčko distrikt,4756,4756,0,0,17,dijelovi,prvi,,https://olx.ba/shops/TDIautoparts/aktivni
TECHNIXBA,TECHNIXBA,Platinum,Brčko,Brčko distrikt,0,0,0,0,18,neaktivan,prvi,,https://olx.ba/shops/TECHNIXBA/aktivni
vanosa,vanosa,Platinum,Brčko,Brčko distrikt,597,0,0,0,18,neaktivan,prvi,,https://olx.ba/shops/vanosa/aktivni
VRAutoBrcko,VR AUTO DOO,Platinum,Brčko,Brčko distrikt,54,54,54,1,1,salon,prvi,,https://olx.ba/shops/VRAutoBrcko/aktivni
yoyomi2181,test,Platinum,Brčko,Brčko distrikt,0,0,0,0,18,neaktivan,prvi,,https://olx.ba/shops/yoyomi2181/aktivni
Zeljko_80,FINO,Platinum,Brčko,Brčko distrikt,0,0,0,0,,neaktivan,prvi,,https://olx.ba/shops/Zeljko_80/aktivni
a2j,A2J,Gold,Brčko,Brčko distrikt,0,0,0,0,,neaktivan,prvi,,https://olx.ba/shops/a2j/aktivni
Adi_Shop2024,Adi_shop2024,Gold,Brčko,Brčko distrikt,43,16,0,0,18,nije_auto,prvi,shop_category_id nije 17 i histogram nema dominantnu kategoriju 928 (auto dijelovi); nema veze sa automobilima,https://olx.ba/shops/Adi_Shop2024/aktivni
adoi,Adoi,Gold,Brčko,Brčko distrikt,1339,1339,0,0,18,nije_auto,prvi,shop_category_id nije 17 i histogram nema dominantnu kategoriju 928 (auto dijelovi); nema veze sa automobilima,https://olx.ba/shops/adoi/aktivni
Almex273,Almedin,Gold,Brčko,Brčko distrikt,0,0,0,0,18,neaktivan,prvi,,https://olx.ba/shops/Almex273/aktivni
Andetsen,Topsneakers,Gold,Brčko,Brčko distrikt,12,12,0,0,18,nije_auto,prvi,shop_category_id nije 17 i histogram nema dominantnu kategoriju 928 (auto dijelovi); nema veze sa automobilima,https://olx.ba/shops/Andetsen/aktivni
apsdoo,APS DOO,Gold,Brčko,Brčko distrikt,404,3,0,0,18,nije_auto,prvi,shop_category_id nije 17 i histogram nema dominantnu kategoriju 928 (auto dijelovi); nema veze sa automobilima,https://olx.ba/shops/apsdoo/aktivni
AsCarsDoo,AsCarsdoo,Gold,Brčko,Brčko distrikt,19,18,18,1,1,salon,prvi,,https://olx.ba/shops/AsCarsDoo/aktivni
AutoAtlas,AutoAtlas,Gold,Brčko,Brčko distrikt,2729,2674,0,0,17,dijelovi,prvi,,https://olx.ba/shops/AutoAtlas/aktivni
AutoLider,AutoLider,Gold,Brčko,Brčko distrikt,17,16,16,1,1,salon,prvi,,https://olx.ba/shops/AutoLider/aktivni
autoradar,Autoradar,Gold,Brčko,Brčko distrikt,13,13,13,1,1,salon,prvi,,https://olx.ba/shops/autoradar/aktivni
AUTOSDRINA,AUTOSDRINA,Gold,Brčko,Brčko distrikt,9,9,9,1,1,salon,prvi,,https://olx.ba/shops/AUTOSDRINA/aktivni
autotrifunovic,autotrifunovic,Gold,Brčko,Brčko distrikt,31,29,29,1,1,salon,prvi,,https://olx.ba/shops/autotrifunovic/aktivni
avdo12344,Pik,Gold,Brčko,Brčko distrikt,0,0,0,0,18,neaktivan,prvi,,https://olx.ba/shops/avdo12344/aktivni
BeaShop,BeaShop,Gold,Brčko,Brčko distrikt,2054,1872,0,0,18,nije_auto,prvi,shop_category_id nije 17 i histogram nema dominantnu kategoriju 928 (auto dijelovi); nema veze sa automobilima,https://olx.ba/shops/BeaShop/aktivni
BlackDiamondBih,Black Diamond d.o.o,Gold,Brčko,Brčko distrikt,1786,1786,0,0,18,nije_auto,prvi,shop_category_id nije 17 i histogram nema dominantnu kategoriju 928 (auto dijelovi); nema veze sa automobilima,https://olx.ba/shops/BlackDiamondBih/aktivni
brano0709,Brano76,Gold,Brčko,Brčko distrikt,0,0,0,0,18,neaktivan,prvi,,https://olx.ba/shops/brano0709/aktivni
Braxy1,Brax,Gold,Brčko,Brčko distrikt,0,0,0,0,18,neaktivan,prvi,,https://olx.ba/shops/Braxy1/aktivni
BrShop,Btech,Gold,Brčko,Brčko distrikt,0,0,0,0,,neaktivan,prvi,,https://olx.ba/shops/BrShop/aktivni
btehnology,_b_tehnology_,Gold,Brčko,Brčko distrikt,0,0,0,0,,neaktivan,prvi,,https://olx.ba/shops/btehnology/aktivni
CBT_Cerik,Centar Bijele Tehnike,Gold,Brčko,Brčko distrikt,38,1,0,0,18,nije_auto,prvi,shop_category_id nije 17 i histogram nema dominantnu kategoriju 928 (auto dijelovi); nema veze sa automobilima,https://olx.ba/shops/CBT_Cerik/aktivni
CIAKtrade,CIAK Trade,Gold,Brčko,Brčko distrikt,104,4,0,0,18,nije_auto,prvi,shop_category_id nije 17 i histogram nema dominantnu kategoriju 928 (auto dijelovi); nema veze sa automobilima,https://olx.ba/shops/CIAKtrade/aktivni
clipedbymimi,clipedbymimi,Gold,Brčko,Brčko distrikt,0,0,0,0,18,neaktivan,prvi,,https://olx.ba/shops/clipedbymimi/aktivni
cvolicvoli,Poljoprivreda,Gold,Brčko,Brčko distrikt,0,0,0,0,18,neaktivan,prvi,,https://olx.ba/shops/cvolicvoli/aktivni
DC_Shop,DC_Shop,Gold,Brčko,Brčko distrikt,944,841,0,0,18,nije_auto,prvi,shop_category_id nije 17 i histogram nema dominantnu kategoriju 928 (auto dijelovi); nema veze sa automobilima,https://olx.ba/shops/DC_Shop/aktivni
DIEM1996,DIEM1996,Gold,Brčko,Brčko distrikt,98,0,0,0,18,neaktivan,prvi,,https://olx.ba/shops/DIEM1996/aktivni
dijeloviPedja,dijeloviPedja,Gold,Brčko,Brčko distrikt,32,32,0,0,17,dijelovi,prvi,,https://olx.ba/shops/dijeloviPedja/aktivni
dj78,JD78,Gold,Brčko,Brčko distrikt,5,5,5,1,1,salon,prvi,,https://olx.ba/shops/dj78/aktivni
djuskobmw,djuskobmw,Gold,Brčko,Brčko distrikt,4,2,2,1,1,salon,prvi,,https://olx.ba/shops/djuskobmw/aktivni
dmSTOKICautos,STOKICAUTOS,Gold,Brčko,Brčko distrikt,10,11,11,1,1,salon,prvi,,https://olx.ba/shops/dmSTOKICautos/aktivni
dragan_r,dragan_r,Gold,Brčko,Brčko distrikt,64,55,0,0,18,nije_auto,prvi,shop_category_id nije 17 i histogram nema dominantnu kategoriju 928 (auto dijelovi); nema veze sa automobilima,https://olx.ba/shops/dragan_r/aktivni
dzeva100,Olx Shop,Gold,Brčko,Brčko distrikt,0,0,0,0,18,neaktivan,prvi,,https://olx.ba/shops/dzeva100/aktivni
EMad___111,EMAD shop,Gold,Brčko,Brčko distrikt,718,718,0,0,18,nije_auto,prvi,shop_category_id nije 17 i histogram nema dominantnu kategoriju 928 (auto dijelovi); nema veze sa automobilima,https://olx.ba/shops/EMad___111/aktivni
Emso1403,Emso1403,Gold,Brčko,Brčko distrikt,75,75,0,0,17,dijelovi,prvi,,https://olx.ba/shops/Emso1403/aktivni
euromimf,euromimf,Gold,Brčko,Brčko distrikt,48,49,0,0,18,nije_auto,prvi,shop_category_id nije 17 i histogram nema dominantnu kategoriju 928 (auto dijelovi); nema veze sa automobilima,https://olx.ba/shops/euromimf/aktivni
Fatex__123,FATEX123,Gold,Brčko,Brčko distrikt,399,399,0,0,18,nije_auto,prvi,shop_category_id nije 17 i histogram nema dominantnu kategoriju 928 (auto dijelovi); nema veze sa automobilima,https://olx.ba/shops/Fatex__123/aktivni
FestaShop,Festa Shop,Gold,Brčko,Brčko distrikt,1876,1875,0,0,18,nije_auto,prvi,shop_category_id nije 17 i histogram nema dominantnu kategoriju 928 (auto dijelovi); nema veze sa automobilima,https://olx.ba/shops/FestaShop/aktivni
gepek2021,gepek2021,Gold,Brčko,Brčko distrikt,4,3,3,1,1,salon,prvi,,https://olx.ba/shops/gepek2021/aktivni
GlamourGiftsBiH,Glamour Gifts,Gold,Brčko,Brčko distrikt,255,254,0,0,18,nije_auto,prvi,shop_category_id nije 17 i histogram nema dominantnu kategoriju 928 (auto dijelovi); nema veze sa automobilima,https://olx.ba/shops/GlamourGiftsBiH/aktivni
HarloConti,olx,Gold,Brčko,Brčko distrikt,0,0,0,0,18,neaktivan,prvi,,https://olx.ba/shops/HarloConti/aktivni
Hasanovic543,Iscrtajte,Gold,Brčko,Brčko distrikt,0,0,0,0,18,neaktivan,prvi,,https://olx.ba/shops/Hasanovic543/aktivni
HomeMix,Home Mix,Gold,Brčko,Brčko distrikt,503,431,0,0,18,nije_auto,prvi,shop_category_id nije 17 i histogram nema dominantnu kategoriju 928 (auto dijelovi); nema veze sa automobilima,https://olx.ba/shops/HomeMix/aktivni
Horizon_doo,Horizon_doo,Gold,Brčko,Brčko distrikt,9,6,0,0,18,nije_auto,prvi,shop_category_id nije 17 i histogram nema dominantnu kategoriju 928 (auto dijelovi); nema veze sa automobilima,https://olx.ba/shops/Horizon_doo/aktivni
hyfgvg,Ollix shop,Gold,Brčko,Brčko distrikt,0,0,0,0,18,neaktivan,prvi,,https://olx.ba/shops/hyfgvg/aktivni
iTechWorld,URBAN TEHNO doo,Gold,Brčko,Brčko distrikt,1255,1255,0,0,18,nije_auto,prvi,shop_category_id nije 17 i histogram nema dominantnu kategoriju 928 (auto dijelovi); nema veze sa automobilima,https://olx.ba/shops/iTechWorld/aktivni
jasminaaaa777,Haljine,Gold,Brčko,Brčko distrikt,0,0,0,0,18,neaktivan,prvi,,https://olx.ba/shops/jasminaaaa777/aktivni
kaaam,KP AUTOMOBILE M3 DOO,Gold,Brčko,Brčko distrikt,6,5,5,1,1,salon,prvi,,https://olx.ba/shops/kaaam/aktivni
Laguna_Gajevi,SLJOKIC d.o.o. Brcko distrikt BiH,Gold,Brčko,Brčko distrikt,155,150,0,0,18,nije_auto,prvi,shop_category_id nije 17 i histogram nema dominantnu kategoriju 928 (auto dijelovi); nema veze sa automobilima,https://olx.ba/shops/Laguna_Gajevi/aktivni
LEDWORLDlight,LED WORLD light,Gold,Brčko,Brčko distrikt,648,648,0,0,18,nije_auto,prvi,shop_category_id nije 17 i histogram nema dominantnu kategoriju 928 (auto dijelovi); nema veze sa automobilima,https://olx.ba/shops/LEDWORLDlight/aktivni
Lotus_IPTV,Lotus_IPTV,Gold,Brčko,Brčko distrikt,0,0,0,0,18,neaktivan,prvi,,https://olx.ba/shops/Lotus_IPTV/aktivni
M88,Miodrag,Gold,Brčko,Brčko distrikt,14,13,12,0.9231,1,salon,prvi,,https://olx.ba/shops/M88/aktivni
MAJSTOROVKUTAK,Majstorovkutak,Gold,Brčko,Brčko distrikt,972,972,0,0,18,nije_auto,prvi,shop_category_id nije 17 i histogram nema dominantnu kategoriju 928 (auto dijelovi); nema veze sa automobilima,https://olx.ba/shops/MAJSTOROVKUTAK/aktivni
markomarkomaiki,markomarkomaiki99,Gold,Brčko,Brčko distrikt,0,0,0,0,,neaktivan,prvi,,https://olx.ba/shops/markomarkomaiki/aktivni
medenice21,Olx,Gold,Brčko,Brčko distrikt,0,0,0,0,18,neaktivan,prvi,,https://olx.ba/shops/medenice21/aktivni
medoaljic,Medo,Gold,Brčko,Brčko distrikt,0,0,0,0,,neaktivan,prvi,,https://olx.ba/shops/medoaljic/aktivni
merima1234G,Olix ba,Gold,Brčko,Brčko distrikt,0,0,0,0,18,neaktivan,prvi,,https://olx.ba/shops/merima1234G/aktivni
Mina2304,Mina12304,Gold,Brčko,Brčko distrikt,523,523,0,0,18,nije_auto,prvi,shop_category_id nije 17 i histogram nema dominantnu kategoriju 928 (auto dijelovi); nema veze sa automobilima,https://olx.ba/shops/Mina2304/aktivni
misofake,Kupi/zadovolji,Gold,Brčko,Brčko distrikt,0,0,0,0,18,neaktivan,prvi,,https://olx.ba/shops/misofake/aktivni
MMD_Prom,MMD_Prom,Gold,Brčko,Brčko distrikt,2287,2284,0,0,18,nije_auto,prvi,shop_category_id nije 17 i histogram nema dominantnu kategoriju 928 (auto dijelovi); nema veze sa automobilima,https://olx.ba/shops/MMD_Prom/aktivni
motor1212,motor1212,Gold,Brčko,Brčko distrikt,0,0,0,0,,neaktivan,prvi,,https://olx.ba/shops/motor1212/aktivni
nanodoo,Nano DOO,Gold,Brčko,Brčko distrikt,638,638,0,0,18,nije_auto,prvi,shop_category_id nije 17 i histogram nema dominantnu kategoriju 928 (auto dijelovi); nema veze sa automobilima,https://olx.ba/shops/nanodoo/aktivni
NasShop,MojShop,Gold,Brčko,Brčko distrikt,1702,1706,0,0,18,nije_auto,prvi,shop_category_id nije 17 i histogram nema dominantnu kategoriju 928 (auto dijelovi); nema veze sa automobilima,https://olx.ba/shops/NasShop/aktivni
NeedShop,NeedShop,Gold,Brčko,Brčko distrikt,321,316,0,0,18,nije_auto,prvi,shop_category_id nije 17 i histogram nema dominantnu kategoriju 928 (auto dijelovi); nema veze sa automobilima,https://olx.ba/shops/NeedShop/aktivni
NEMIRWOOD,NEMIRWOOD,Gold,Brčko,Brčko distrikt,8,2,0,0,18,nije_auto,prvi,shop_category_id nije 17 i histogram nema dominantnu kategoriju 928 (auto dijelovi); nema veze sa automobilima,https://olx.ba/shops/NEMIRWOOD/aktivni
Opel_np03,A2AUTO,Gold,Brčko,Brčko distrikt,1,0,0,0,,neaktivan,prvi,,https://olx.ba/shops/Opel_np03/aktivni
OrientalHome,Oriental home,Gold,Brčko,Brčko distrikt,35,0,0,0,18,neaktivan,prvi,,https://olx.ba/shops/OrientalHome/aktivni
Pone1,DOOPONE,Gold,Brčko,Brčko distrikt,298,4,0,0,18,nije_auto,prvi,shop_category_id nije 17 i histogram nema dominantnu kategoriju 928 (auto dijelovi); nema veze sa automobilima,https://olx.ba/shops/Pone1/aktivni
Rakicdoo,Doo Rakic Brcko,Gold,Brčko,Brčko distrikt,22,22,0,0,18,nije_auto,prvi,shop_category_id nije 17 i histogram nema dominantnu kategoriju 928 (auto dijelovi); nema veze sa automobilima,https://olx.ba/shops/Rakicdoo/aktivni
rattansedia,RATTAN SEDIA d.o.o.,Gold,Brčko,Brčko distrikt,73,73,0,0,18,nije_auto,prvi,shop_category_id nije 17 i histogram nema dominantnu kategoriju 928 (auto dijelovi); nema veze sa automobilima,https://olx.ba/shops/rattansedia/aktivni
Rent_a_car_AA,AA AUTA,Gold,Brčko,Brčko distrikt,0,2,0,0,18,nije_auto,prvi,shop_category_id nije 17 i histogram nema dominantnu kategoriju 928 (auto dijelovi); nema veze sa automobilima,https://olx.ba/shops/Rent_a_car_AA/aktivni
RNTKOMERC,RNTKOMERC,Gold,Brčko,Brčko distrikt,55,54,54,1,1,salon,prvi,,https://olx.ba/shops/RNTKOMERC/aktivni
RNTMOTOSHOP,RNTMOTOSHOP,Gold,Brčko,Brčko distrikt,174,174,0,0,17,dijelovi,prvi,,https://olx.ba/shops/RNTMOTOSHOP/aktivni
SABautomobile,SabAutomobile,Gold,Brčko,Brčko distrikt,10,12,12,1,1,salon,prvi,,https://olx.ba/shops/SABautomobile/aktivni
Selektiva,Selektiva - ProdajaParfema,Gold,Brčko,Brčko distrikt,6,0,0,0,18,neaktivan,prvi,,https://olx.ba/shops/Selektiva/aktivni
selenamobile247,Selena Mobile Phone doo,Gold,Brčko,Brčko distrikt,8,0,0,0,,neaktivan,prvi,,https://olx.ba/shops/selenamobile247/aktivni
semjn,Sema,Gold,Brčko,Brčko distrikt,0,0,0,0,,neaktivan,prvi,,https://olx.ba/shops/semjn/aktivni
Shoponline23,Shoponline23,Gold,Brčko,Brčko distrikt,0,0,0,0,,neaktivan,prvi,,https://olx.ba/shops/Shoponline23/aktivni
Shuter,Shuter,Gold,Brčko,Brčko distrikt,295,295,0,0,18,nije_auto,prvi,shop_category_id nije 17 i histogram nema dominantnu kategoriju 928 (auto dijelovi); nema veze sa automobilima,https://olx.ba/shops/Shuter/aktivni
sinhro44444,Sinhro44444,Gold,Brčko,Brčko distrikt,0,0,0,0,18,neaktivan,prvi,,https://olx.ba/shops/sinhro44444/aktivni
SomafixShop,SomafixShop,Gold,Brčko,Brčko distrikt,1847,1851,0,0,18,nije_auto,prvi,shop_category_id nije 17 i histogram nema dominantnu kategoriju 928 (auto dijelovi); nema veze sa automobilima,https://olx.ba/shops/SomafixShop/aktivni
spexdoo,Spex,Gold,Brčko,Brčko distrikt,853,643,28,0.0435,18,nije_auto,prvi,shop_category_id nije 17 i histogram nema dominantnu kategoriju 928 (auto dijelovi); nema veze sa automobilima,https://olx.ba/shops/spexdoo/aktivni
Stan_na_dan,Stan_na_dan,Gold,Brčko,Brčko distrikt,9,9,0,0,2,nije_auto,prvi,shop_category_id nije 17 i histogram nema dominantnu kategoriju 928 (auto dijelovi); nema veze sa automobilima,https://olx.ba/shops/Stan_na_dan/aktivni
StanNaDanNo1,Stan na dan brcko,Gold,Brčko,Brčko distrikt,0,0,0,0,,neaktivan,prvi,,https://olx.ba/shops/StanNaDanNo1/aktivni
TAHOSAAMM,TAHOSAAMM,Gold,Brčko,Brčko distrikt,18,18,18,1,1,salon,prvi,,https://olx.ba/shops/TAHOSAAMM/aktivni
tamiiiin3938,tamiiiin3938,Gold,Brčko,Brčko distrikt,0,0,0,0,,neaktivan,prvi,,https://olx.ba/shops/tamiiiin3938/aktivni
tarkan5,Tarkan5,Gold,Brčko,Brčko distrikt,22,19,19,1,1,salon,prvi,,https://olx.ba/shops/tarkan5/aktivni
TRONICSHOP,TronicShop,Gold,Brčko,Brčko distrikt,1897,1895,0,0,18,nije_auto,prvi,shop_category_id nije 17 i histogram nema dominantnu kategoriju 928 (auto dijelovi); nema veze sa automobilima,https://olx.ba/shops/TRONICSHOP/aktivni
WooD_MooD,Wood Mood,Gold,Brčko,Brčko distrikt,49,46,0,0,2,nije_auto,prvi,shop_category_id nije 17 i histogram nema dominantnu kategoriju 928 (auto dijelovi); nema veze sa automobilima,https://olx.ba/shops/WooD_MooD/aktivni
Yanton,yanton,Gold,Brčko,Brčko distrikt,21,21,0,0,18,nije_auto,prvi,shop_category_id nije 17 i histogram nema dominantnu kategoriju 928 (auto dijelovi); nema veze sa automobilima,https://olx.ba/shops/Yanton/aktivni
amer750745,Samostalno,Platinum,Breza,Zeničko-dobojski kanton,1,0,0,0,18,neaktivan,prvi,,https://olx.ba/shops/amer750745/aktivni
AUTOVELSEN,AUTO-VELSEN D.O.O. BREZA,Platinum,Breza,Zeničko-dobojski kanton,29,29,29,1,1,salon,prvi,,https://olx.ba/shops/AUTOVELSEN/aktivni
TimeNH,TimeNH2,Platinum,Breza,Zeničko-dobojski kanton,338,138,0,0,18,nije_auto,prvi,shop_category_id nije 17 i histogram nema dominantnu kategoriju 928 (auto dijelovi); nema veze sa automobilima,https://olx.ba/shops/TimeNH/aktivni
dinodino153,AllMix,Gold,Breza,Zeničko-dobojski kanton,416,407,0,0,18,nije_auto,prvi,shop_category_id nije 17 i histogram nema dominantnu kategoriju 928 (auto dijelovi); nema veze sa automobilima,https://olx.ba/shops/dinodino153/aktivni
f12df19d,Frljak1912,Gold,Breza,Zeničko-dobojski kanton,10,0,0,0,,neaktivan,prvi,,https://olx.ba/shops/f12df19d/aktivni
F1r2lj3a4k5,Frljak1912,Gold,Breza,Zeničko-dobojski kanton,0,0,0,0,,neaktivan,prvi,,https://olx.ba/shops/F1r2lj3a4k5/aktivni
Lakutic5510,Kenan,Gold,Breza,Zeničko-dobojski kanton,1,0,0,0,,neaktivan,prvi,,https://olx.ba/shops/Lakutic5510/aktivni
ZvjezdanaBreza,ZvjezdanaBreza,Gold,Breza,Zeničko-dobojski kanton,14,0,0,0,18,neaktivan,prvi,,https://olx.ba/shops/ZvjezdanaBreza/aktivni
CoolerTrade,CoolerTrade,Platinum,Brod,Regija Doboj,8894,8894,0,0,17,dijelovi,prvi,,https://olx.ba/shops/CoolerTrade/aktivni
guma_bih,guma_bih,Platinum,Brod,Regija Doboj,78,0,0,0,17,neaktivan,prvi,,https://olx.ba/shops/guma_bih/aktivni
Opstina_Brod,Opstina_Brod,Platinum,Brod,Regija Doboj,1,0,0,0,2,neaktivan,prvi,,https://olx.ba/shops/Opstina_Brod/aktivni
marsauto,Mars d.o.o Brod,Gold,Brod,Regija Doboj,4,6,6,1,1,salon,prvi,,https://olx.ba/shops/marsauto/aktivni
sljuka1234,Goran1234,Gold,Brod,Regija Doboj,0,0,0,0,,neaktivan,prvi,,https://olx.ba/shops/sljuka1234/aktivni
spaki1503,Spaki1503,Gold,Brod,Regija Doboj,3,0,0,0,1,neaktivan,prvi,,https://olx.ba/shops/spaki1503/aktivni
Ezora,Ezora,Platinum,Bugojno,Srednjobosanski kanton,0,0,0,0,18,neaktivan,prvi,,https://olx.ba/shops/Ezora/aktivni
Musta836,Mustafa 123,Platinum,Bugojno,Srednjobosanski kanton,2,0,0,0,18,neaktivan,prvi,,https://olx.ba/shops/Musta836/aktivni
Roberto744,Roberto,Platinum,Bugojno,Srednjobosanski kanton,0,0,0,0,,neaktivan,prvi,,https://olx.ba/shops/Roberto744/aktivni
ZekaAutomobili,Zeka,Platinum,Bugojno,Srednjobosanski kanton,0,0,0,0,18,neaktivan,prvi,,https://olx.ba/shops/ZekaAutomobili/aktivni
Exc_kBugojno,Bugojno quad,Gold,Bugojno,Srednjobosanski kanton,0,0,0,0,,neaktivan,prvi,,https://olx.ba/shops/Exc_kBugojno/aktivni
Jasmin_132,Projekt_doo,Gold,Bugojno,Srednjobosanski kanton,1,0,0,0,,neaktivan,prvi,,https://olx.ba/shops/Jasmin_132/aktivni
Jastrebovi_DO,Rent a car Beograd,Gold,Bugojno,Srednjobosanski kanton,0,0,0,0,18,neaktivan,prvi,,https://olx.ba/shops/Jastrebovi_DO/aktivni
Kisijaamar,Olx.ba,Gold,Bugojno,Srednjobosanski kanton,0,0,0,0,18,neaktivan,prvi,,https://olx.ba/shops/Kisijaamar/aktivni
LegitProdaja65,LegitProdaja65,Gold,Bugojno,Srednjobosanski kanton,2,0,0,0,18,neaktivan,prvi,,https://olx.ba/shops/LegitProdaja65/aktivni
munira231,Dzeni,Gold,Bugojno,Srednjobosanski kanton,0,0,0,0,18,neaktivan,prvi,,https://olx.ba/shops/munira231/aktivni
nerminadudh,Iririr,Gold,Bugojno,Srednjobosanski kanton,0,0,0,0,18,neaktivan,prvi,,https://olx.ba/shops/nerminadudh/aktivni
senzationdrsa,Gume,Gold,Bugojno,Srednjobosanski kanton,0,0,0,0,18,neaktivan,prvi,,https://olx.ba/shops/senzationdrsa/aktivni
bmelektrika,BM Elektrika,Platinum,Busovača,Srednjobosanski kanton,495,463,0,0,18,nije_auto,prvi,shop_category_id nije 17 i histogram nema dominantnu kategoriju 928 (auto dijelovi); nema veze sa automobilima,https://olx.ba/shops/bmelektrika/aktivni
Branex1,Branex,Platinum,Busovača,Srednjobosanski kanton,2,0,0,0,17,neaktivan,prvi,,https://olx.ba/shops/Branex1/aktivni
Gutmanauto,GUTMAN AUTO DOO,Platinum,Busovača,Srednjobosanski kanton,35,35,35,1,1,salon,prvi,,https://olx.ba/shops/Gutmanauto/aktivni
KomaracAuto,Komarac Auto,Platinum,Busovača,Srednjobosanski kanton,38,33,33,1,1,salon,prvi,,https://olx.ba/shops/KomaracAuto/aktivni
Mahagoni,mahagoni busovaca,Platinum,Busovača,Srednjobosanski kanton,33,0,0,0,18,neaktivan,prvi,,https://olx.ba/shops/Mahagoni/aktivni
Nimes18,Sema,Platinum,Busovača,Srednjobosanski kanton,3,1,0,0,18,nije_auto,prvi,shop_category_id nije 17 i histogram nema dominantnu kategoriju 928 (auto dijelovi); nema veze sa automobilima,https://olx.ba/shops/Nimes18/aktivni
OtpadLastro,AUTO OTPAD LAŠTRO,Platinum,Busovača,Srednjobosanski kanton,5891,5889,0,0,17,dijelovi,prvi,,https://olx.ba/shops/OtpadLastro/aktivni
Pro_mini_shop,Pro_mini_shop,Platinum,Busovača,Srednjobosanski kanton,0,0,0,0,,neaktivan,prvi,,https://olx.ba/shops/Pro_mini_shop/aktivni
ACAD_CARS,ACAD_CARS,Gold,Busovača,Srednjobosanski kanton,4,4,4,1,1,salon,prvi,,https://olx.ba/shops/ACAD_CARS/aktivni
amer222,Ađer345m,Gold,Busovača,Srednjobosanski kanton,0,0,0,0,18,neaktivan,prvi,,https://olx.ba/shops/amer222/aktivni
klisuraaahmed,Klisura,Gold,Busovača,Srednjobosanski kanton,1,0,0,0,18,neaktivan,prvi,,https://olx.ba/shops/klisuraaahmed/aktivni
muhamed969,oxl,Gold,Busovača,Srednjobosanski kanton,0,0,0,0,18,neaktivan,prvi,,https://olx.ba/shops/muhamed969/aktivni
smriskicc,Biciklo,Gold,Busovača,Srednjobosanski kanton,0,0,0,0,2,neaktivan,prvi,,https://olx.ba/shops/smriskicc/aktivni
strola,Strola doo,Gold,Busovača,Srednjobosanski kanton,47,0,0,0,17,neaktivan,prvi,,https://olx.ba/shops/strola/aktivni
StrolaLastro,Štrola doo Lastro,Gold,Busovača,Srednjobosanski kanton,20,18,18,1,1,salon,prvi,,https://olx.ba/shops/StrolaLastro/aktivni
tajo_,TAJOTRADE D.O.O.,Gold,Busovača,Srednjobosanski kanton,8,7,7,1,1,salon,prvi,,https://olx.ba/shops/tajo_/aktivni
Toni12_11,Game Shop,Gold,Busovača,Srednjobosanski kanton,9,0,0,0,18,neaktivan,prvi,,https://olx.ba/shops/Toni12_11/aktivni
fatima124555,fatima124555,Platinum,Bužim,Unsko-sanski kanton,0,0,0,0,,neaktivan,prvi,,https://olx.ba/shops/fatima124555/aktivni
bekir95,Bekir52,Gold,Bužim,Unsko-sanski kanton,0,0,0,0,,neaktivan,prvi,,https://olx.ba/shops/bekir95/aktivni
fuibafua2,fuibafua2,Gold,Bužim,Unsko-sanski kanton,0,0,0,0,2,neaktivan,prvi,,https://olx.ba/shops/fuibafua2/aktivni
MobitelBA,MobitelBA,Platinum,Čapljina,Hercegovačko-neretvanski kanton,1285,1249,0,0,18,nije_auto,prvi,shop_category_id nije 17 i histogram nema dominantnu kategoriju 928 (auto dijelovi); nema veze sa automobilima,https://olx.ba/shops/MobitelBA/aktivni
RoyalPhoneCP,RoyalPhoneCP,Platinum,Čapljina,Hercegovačko-neretvanski kanton,1340,1218,0,0,18,nije_auto,prvi,shop_category_id nije 17 i histogram nema dominantnu kategoriju 928 (auto dijelovi); nema veze sa automobilima,https://olx.ba/shops/RoyalPhoneCP/aktivni
valjanservis,VALJAN SERVIS DOO,Platinum,Čapljina,Hercegovačko-neretvanski kanton,34,39,0,0,18,nije_auto,prvi,shop_category_id nije 17 i histogram nema dominantnu kategoriju 928 (auto dijelovi); nema veze sa automobilima,https://olx.ba/shops/valjanservis/aktivni
vidaxl,BXL COMMERCE,Platinum,Čapljina,Hercegovačko-neretvanski kanton,14904,12741,0,0,18,nije_auto,prvi,shop_category_id nije 17 i histogram nema dominantnu kategoriju 928 (auto dijelovi); nema veze sa automobilima,https://olx.ba/shops/vidaxl/aktivni
adela3626373773,Swnad,Gold,Čapljina,Hercegovačko-neretvanski kanton,0,0,0,0,18,neaktivan,prvi,,https://olx.ba/shops/adela3626373773/aktivni
Beobus,Beobus,Gold,Čapljina,Hercegovačko-neretvanski kanton,0,0,0,0,18,neaktivan,prvi,,https://olx.ba/shops/Beobus/aktivni
Bolky,Bolky,Gold,Čapljina,Hercegovačko-neretvanski kanton,0,0,0,0,18,neaktivan,prvi,,https://olx.ba/shops/Bolky/aktivni
denismaracic,dencaaa,Gold,Čapljina,Hercegovačko-neretvanski kanton,0,0,0,0,18,neaktivan,prvi,,https://olx.ba/shops/denismaracic/aktivni
nikola20493,kewayyy,Gold,Čapljina,Hercegovačko-neretvanski kanton,0,0,0,0,18,neaktivan,prvi,,https://olx.ba/shops/nikola20493/aktivni
terzic5,auto servis terzic,Gold,Čapljina,Hercegovačko-neretvanski kanton,14,12,0,0,17,dijelovi,prvi,,https://olx.ba/shops/terzic5/aktivni
Titokralj123,Titokralj123,Gold,Čapljina,Hercegovačko-neretvanski kanton,1,1,0,0,17,dijelovi,prvi,,https://olx.ba/shops/Titokralj123/aktivni
VillaSuzana,VillaSuzana,Gold,Čapljina,Hercegovačko-neretvanski kanton,2,2,0,0,2,nije_auto,prvi,shop_category_id nije 17 i histogram nema dominantnu kategoriju 928 (auto dijelovi); nema veze sa automobilima,https://olx.ba/shops/VillaSuzana/aktivni
autocentareno,AUTOCENTAR ENO,Platinum,Cazin,Unsko-sanski kanton,11697,11687,0,0,17,dijelovi,prvi,,https://olx.ba/shops/autocentareno/aktivni
Auttaaa,Auttaaa,Platinum,Cazin,Unsko-sanski kanton,0,0,0,0,18,neaktivan,prvi,,https://olx.ba/shops/Auttaaa/aktivni
CPU_Infotech,CPU DOO,Platinum,Cazin,Unsko-sanski kanton,1849,1866,0,0,18,nije_auto,prvi,shop_category_id nije 17 i histogram nema dominantnu kategoriju 928 (auto dijelovi); nema veze sa automobilima,https://olx.ba/shops/CPU_Infotech/aktivni
Givova_BH,MBE LOGISTICS & TRADE D.O.O.,Platinum,Cazin,Unsko-sanski kanton,8,1,0,0,18,nije_auto,prvi,shop_category_id nije 17 i histogram nema dominantnu kategoriju 928 (auto dijelovi); nema veze sa automobilima,https://olx.ba/shops/Givova_BH/aktivni
Gliga2006,Gliga2006,Platinum,Cazin,Unsko-sanski kanton,0,0,0,0,2,neaktivan,prvi,,https://olx.ba/shops/Gliga2006/aktivni
Ibe_Trucks,Ibe trucks,Platinum,Cazin,Unsko-sanski kanton,84,82,82,1,1,salon,prvi,,https://olx.ba/shops/Ibe_Trucks/aktivni
Konjusar,Konjusar,Platinum,Cazin,Unsko-sanski kanton,0,0,0,0,18,neaktivan,prvi,,https://olx.ba/shops/Konjusar/aktivni
mirso726839282,Wolt,Platinum,Cazin,Unsko-sanski kanton,0,0,0,0,18,neaktivan,prvi,,https://olx.ba/shops/mirso726839282/aktivni
MotoPoint_Cazin,MotoPoint_Cazin,Platinum,Cazin,Unsko-sanski kanton,0,0,0,0,18,neaktivan,prvi,,https://olx.ba/shops/MotoPoint_Cazin/aktivni
NucaMerc,Nuca Merc d.o.o.,Platinum,Cazin,Unsko-sanski kanton,3677,3677,0,0,18,nije_auto,prvi,shop_category_id nije 17 i histogram nema dominantnu kategoriju 928 (auto dijelovi); nema veze sa automobilima,https://olx.ba/shops/NucaMerc/aktivni
OrloviN,EmiShop,Platinum,Cazin,Unsko-sanski kanton,0,0,0,0,,neaktivan,prvi,,https://olx.ba/shops/OrloviN/aktivni
Pure_bed,MBE LOGISTICS & TRADE D.O.O.,Platinum,Cazin,Unsko-sanski kanton,0,0,0,0,,neaktivan,prvi,,https://olx.ba/shops/Pure_bed/aktivni
semkosivko22,Semir.Doo,Platinum,Cazin,Unsko-sanski kanton,0,0,0,0,18,neaktivan,prvi,,https://olx.ba/shops/semkosivko22/aktivni
Unapromet,Una-promet d.o.o.,Platinum,Cazin,Unsko-sanski kanton,3190,3179,0,0,18,nije_auto,prvi,shop_category_id nije 17 i histogram nema dominantnu kategoriju 928 (auto dijelovi); nema veze sa automobilima,https://olx.ba/shops/Unapromet/aktivni
wixshop,d.o.o. WIX SHOP Cazin,Platinum,Cazin,Unsko-sanski kanton,1334,1332,0,0,18,nije_auto,prvi,shop_category_id nije 17 i histogram nema dominantnu kategoriju 928 (auto dijelovi); nema veze sa automobilima,https://olx.ba/shops/wixshop/aktivni
xmotobih,X-Moto d.o.o.,Platinum,Cazin,Unsko-sanski kanton,42,36,27,0.55,1,salon,drugi,"Dublji uzorak (36) pokazuje udio vozila 0.75, naslovi su modeli automobila.",https://olx.ba/shops/xmotobih/aktivni
amirr1991,Amirrrr,Gold,Cazin,Unsko-sanski kanton,0,0,0,0,18,neaktivan,prvi,,https://olx.ba/shops/amirr1991/aktivni
AutoSudoLuka,AutoSudoLuka,Gold,Cazin,Unsko-sanski kanton,0,0,0,0,18,neaktivan,prvi,,https://olx.ba/shops/AutoSudoLuka/aktivni
avatec,avatec,Gold,Cazin,Unsko-sanski kanton,2,1,0,0,17,dijelovi,prvi,,https://olx.ba/shops/avatec/aktivni
Beganovic_doo,Limarija Beganovic,Gold,Cazin,Unsko-sanski kanton,142,142,0,0,18,nije_auto,prvi,shop_category_id nije 17 i histogram nema dominantnu kategoriju 928 (auto dijelovi); nema veze sa automobilima,https://olx.ba/shops/Beganovic_doo/aktivni
BestWheels,JASKO EXPORT - IMPORT d.o.o.,Gold,Cazin,Unsko-sanski kanton,549,549,0,0,17,dijelovi,prvi,,https://olx.ba/shops/BestWheels/aktivni
darsim,darsim,Gold,Cazin,Unsko-sanski kanton,0,0,0,0,18,neaktivan,prvi,,https://olx.ba/shops/darsim/aktivni
dsemir2309,Biznis,Gold,Cazin,Unsko-sanski kanton,0,0,0,0,,neaktivan,prvi,,https://olx.ba/shops/dsemir2309/aktivni
Dzewo1,Dzevo,Gold,Cazin,Unsko-sanski kanton,0,0,0,0,18,neaktivan,prvi,,https://olx.ba/shops/Dzewo1/aktivni
Edibmw,OLX SCHOP,Gold,Cazin,Unsko-sanski kanton,0,0,0,0,18,neaktivan,prvi,,https://olx.ba/shops/Edibmw/aktivni
emir3966,Emir3333,Gold,Cazin,Unsko-sanski kanton,0,0,0,0,18,neaktivan,prvi,,https://olx.ba/shops/emir3966/aktivni
EUROPLAC,Agencija za nekretnine EURO-PLAC,Gold,Cazin,Unsko-sanski kanton,17,15,0,0,2,nije_auto,prvi,shop_category_id nije 17 i histogram nema dominantnu kategoriju 928 (auto dijelovi); nema veze sa automobilima,https://olx.ba/shops/EUROPLAC/aktivni
Geogiftshop,FotoGeo,Gold,Cazin,Unsko-sanski kanton,188,186,0,0,18,nije_auto,prvi,shop_category_id nije 17 i histogram nema dominantnu kategoriju 928 (auto dijelovi); nema veze sa automobilima,https://olx.ba/shops/Geogiftshop/aktivni
haris45432,Haris Mahmic,Gold,Cazin,Unsko-sanski kanton,0,0,0,0,,neaktivan,prvi,,https://olx.ba/shops/haris45432/aktivni
Icanovicrepro,Stolarija Ičanović,Gold,Cazin,Unsko-sanski kanton,0,0,0,0,,neaktivan,prvi,,https://olx.ba/shops/Icanovicrepro/aktivni
ImportAutoCazin,ImportAutoCazin,Gold,Cazin,Unsko-sanski kanton,0,0,0,0,,neaktivan,prvi,,https://olx.ba/shops/ImportAutoCazin/aktivni
luka_lepi739,luka_lepi739,Gold,Cazin,Unsko-sanski kanton,0,0,0,0,18,neaktivan,prvi,,https://olx.ba/shops/luka_lepi739/aktivni
LuxuryShop2,Luxury shop,Gold,Cazin,Unsko-sanski kanton,628,621,0,0,18,nije_auto,prvi,shop_category_id nije 17 i histogram nema dominantnu kategoriju 928 (auto dijelovi); nema veze sa automobilima,https://olx.ba/shops/LuxuryShop2/aktivni
MACAR,MASE CAJIC,Gold,Cazin,Unsko-sanski kanton,9,11,11,1,1,salon,prvi,,https://olx.ba/shops/MACAR/aktivni
midhadhadzic,midhadhadzic,Gold,Cazin,Unsko-sanski kanton,0,0,0,0,,neaktivan,prvi,,https://olx.ba/shops/midhadhadzic/aktivni
MirzetaRedzep,Ptice,Gold,Cazin,Unsko-sanski kanton,0,0,0,0,18,neaktivan,prvi,,https://olx.ba/shops/MirzetaRedzep/aktivni
motoshopextreme,MOTO SHOP EXTREME,Gold,Cazin,Unsko-sanski kanton,4677,4660,0,0,17,dijelovi,prvi,,https://olx.ba/shops/motoshopextreme/aktivni
muhamedmujic73,Muhamedmujic73 ,Gold,Cazin,Unsko-sanski kanton,0,0,0,0,,neaktivan,prvi,,https://olx.ba/shops/muhamedmujic73/aktivni
nihad19888,NIHAD COMPUTERS,Gold,Cazin,Unsko-sanski kanton,0,0,0,0,18,neaktivan,prvi,,https://olx.ba/shops/nihad19888/aktivni
ninolino00,E-sjhop,Gold,Cazin,Unsko-sanski kanton,0,0,0,0,,neaktivan,prvi,,https://olx.ba/shops/ninolino00/aktivni
orbito111,GTI - auto,Gold,Cazin,Unsko-sanski kanton,0,0,0,0,,neaktivan,prvi,,https://olx.ba/shops/orbito111/aktivni
Ortx,Online Shop,Gold,Cazin,Unsko-sanski kanton,0,0,0,0,18,neaktivan,prvi,,https://olx.ba/shops/Ortx/aktivni
perkoGL,BaShops,Gold,Cazin,Unsko-sanski kanton,0,0,0,0,,neaktivan,prvi,,https://olx.ba/shops/perkoGL/aktivni
RudyFeller,Beton doo,Gold,Cazin,Unsko-sanski kanton,0,0,0,0,18,neaktivan,prvi,,https://olx.ba/shops/RudyFeller/aktivni
SALKANOPRODAJA,SALKANOPRODAJA,Gold,Cazin,Unsko-sanski kanton,0,0,0,0,,neaktivan,prvi,,https://olx.ba/shops/SALKANOPRODAJA/aktivni
Sefipefi,Kf,Gold,Cazin,Unsko-sanski kanton,0,0,0,0,18,neaktivan,prvi,,https://olx.ba/shops/Sefipefi/aktivni
ASSIB_doo,ASSIB_doo,Platinum,Čelić,Tuzlanski kanton,0,0,0,0,,neaktivan,prvi,,https://olx.ba/shops/ASSIB_doo/aktivni
dummyMcTest1,pc-dijelovi,Platinum,Čelić,Tuzlanski kanton,0,0,0,0,,neaktivan,prvi,,https://olx.ba/shops/dummyMcTest1/aktivni
MirzaAutodoo,Mirza Auto doo,Gold,Čelić,Tuzlanski kanton,14,14,14,1,1,salon,prvi,,https://olx.ba/shops/MirzaAutodoo/aktivni
nocnaptica5,Pik.ba,Gold,Čelić,Tuzlanski kanton,0,0,0,0,,neaktivan,prvi,,https://olx.ba/shops/nocnaptica5/aktivni
ARENACENTAR1,ARENA CENTAR,Platinum,Čelinac,Regija Banja Luka,266,260,0,0,18,nije_auto,prvi,shop_category_id nije 17 i histogram nema dominantnu kategoriju 928 (auto dijelovi); nema veze sa automobilima,https://olx.ba/shops/ARENACENTAR1/aktivni
AUTOPLANETdoo,AUTOPLANETdoo,Platinum,Čelinac,Regija Banja Luka,7272,7267,0,0,17,dijelovi,prvi,,https://olx.ba/shops/AUTOPLANETdoo/aktivni
CeoR,ceor,Platinum,Čelinac,Regija Banja Luka,6,0,0,0,17,neaktivan,prvi,,https://olx.ba/shops/CeoR/aktivni
cosic_3244,Cosic.98,Platinum,Čelinac,Regija Banja Luka,0,0,0,0,18,neaktivan,prvi,,https://olx.ba/shops/cosic_3244/aktivni
cosic009,Cosic,Platinum,Čelinac,Regija Banja Luka,0,0,0,0,18,neaktivan,prvi,,https://olx.ba/shops/cosic009/aktivni
DSKOMERC,DS KOMERC,Platinum,Čelinac,Regija Banja Luka,9912,9889,0,0,17,dijelovi,prvi,,https://olx.ba/shops/DSKOMERC/aktivni
GTGAUTO,GTG AUTO,Platinum,Čelinac,Regija Banja Luka,59,60,60,1,1,salon,prvi,,https://olx.ba/shops/GTGAUTO/aktivni
Only4VIP,olx/prouser,Platinum,Čelinac,Regija Banja Luka,9,0,0,0,18,neaktivan,prvi,,https://olx.ba/shops/Only4VIP/aktivni
Prodaja9931,Djone mont,Platinum,Čelinac,Regija Banja Luka,1,0,0,0,18,neaktivan,prvi,,https://olx.ba/shops/Prodaja9931/aktivni
Tran54,Tran54,Platinum,Čelinac,Regija Banja Luka,0,0,0,0,18,neaktivan,prvi,,https://olx.ba/shops/Tran54/aktivni
zeljoks,"""M centar"" Nikola Skrbic s.p. , Zdravka Celara 4, 78240 Celinac",Platinum,Čelinac,Regija Banja Luka,204,204,0,0,18,nije_auto,prvi,shop_category_id nije 17 i histogram nema dominantnu kategoriju 928 (auto dijelovi); nema veze sa automobilima,https://olx.ba/shops/zeljoks/aktivni
ARENACENTAR,ARENACENTAR,Gold,Čelinac,Regija Banja Luka,1096,1075,0,0,17,dijelovi,prvi,,https://olx.ba/shops/ARENACENTAR/aktivni
ARENACENTAR2,ARENA CENTAR,Gold,Čelinac,Regija Banja Luka,1373,1293,0,0,18,nije_auto,prvi,shop_category_id nije 17 i histogram nema dominantnu kategoriju 928 (auto dijelovi); nema veze sa automobilima,https://olx.ba/shops/ARENACENTAR2/aktivni
AutoSpas,AutoSpasCelinac,Gold,Čelinac,Regija Banja Luka,1739,1736,0,0,17,dijelovi,prvi,,https://olx.ba/shops/AutoSpas/aktivni
IgorCH_Autos,Igoresna0709,Gold,Čelinac,Regija Banja Luka,4,4,4,1,1,salon,prvi,,https://olx.ba/shops/IgorCH_Autos/aktivni
Jox92,Jox92,Gold,Čelinac,Regija Banja Luka,6445,2964,0,0,18,nije_auto,prvi,shop_category_id nije 17 i histogram nema dominantnu kategoriju 928 (auto dijelovi); nema veze sa automobilima,https://olx.ba/shops/Jox92/aktivni
malizokurlinn,Dani,Gold,Čelinac,Regija Banja Luka,0,0,0,0,18,neaktivan,prvi,,https://olx.ba/shops/malizokurlinn/aktivni
mdscelinac,mdscelinac,Gold,Čelinac,Regija Banja Luka,1,0,0,0,18,neaktivan,prvi,,https://olx.ba/shops/mdscelinac/aktivni
MRgg,TERMO-SN,Gold,Čelinac,Regija Banja Luka,1,0,0,0,18,neaktivan,prvi,,https://olx.ba/shops/MRgg/aktivni
mtrade,"MILKAN-TRADE DOO,",Gold,Čelinac,Regija Banja Luka,22,23,0,0,17,dijelovi,prvi,,https://olx.ba/shops/mtrade/aktivni
OtpadGavric,Auto Otpad GAVRIĆ,Gold,Čelinac,Regija Banja Luka,875,875,0,0,17,dijelovi,prvi,,https://olx.ba/shops/OtpadGavric/aktivni
RoyalGAuto,Royal G Auto,Gold,Čelinac,Regija Banja Luka,12,12,11,0.9167,1,salon,prvi,,https://olx.ba/shops/RoyalGAuto/aktivni
saki7,saki7,Gold,Čelinac,Regija Banja Luka,520,522,0,0,17,dijelovi,prvi,,https://olx.ba/shops/saki7/aktivni
tanjaz347,Termo SN doo,Gold,Čelinac,Regija Banja Luka,0,0,0,0,18,neaktivan,prvi,,https://olx.ba/shops/tanjaz347/aktivni
Vlado4444,Vlado4444,Gold,Čelinac,Regija Banja Luka,4342,4359,0,0,17,dijelovi,prvi,,https://olx.ba/shops/Vlado4444/aktivni
DZIDADOO,Džida d.o.o.,Platinum,Čitluk,Hercegovačko-neretvanski kanton,10,10,0,0,18,nije_auto,prvi,shop_category_id nije 17 i histogram nema dominantnu kategoriju 928 (auto dijelovi); nema veze sa automobilima,https://olx.ba/shops/DZIDADOO/aktivni
entelBa,entel.ba,Platinum,Čitluk,Hercegovačko-neretvanski kanton,2442,2361,0,0,18,nije_auto,prvi,shop_category_id nije 17 i histogram nema dominantnu kategoriju 928 (auto dijelovi); nema veze sa automobilima,https://olx.ba/shops/entelBa/aktivni
kupibaba,kupibaba,Platinum,Čitluk,Hercegovačko-neretvanski kanton,0,0,0,0,18,neaktivan,prvi,,https://olx.ba/shops/kupibaba/aktivni
Martom,Željezarija Martom doo,Platinum,Čitluk,Hercegovačko-neretvanski kanton,2467,2463,0,0,18,nije_auto,prvi,shop_category_id nije 17 i histogram nema dominantnu kategoriju 928 (auto dijelovi); nema veze sa automobilima,https://olx.ba/shops/Martom/aktivni
AVANTGARDE,sidex,Gold,Čitluk,Hercegovačko-neretvanski kanton,4,4,4,1,1,salon,prvi,,https://olx.ba/shops/AVANTGARDE/aktivni
GagroSport,Gagro Sport d.o.o. Donja Blatnica 179 Citluk,Gold,Čitluk,Hercegovačko-neretvanski kanton,155,146,0,0,18,nije_auto,prvi,shop_category_id nije 17 i histogram nema dominantnu kategoriju 928 (auto dijelovi); nema veze sa automobilima,https://olx.ba/shops/GagroSport/aktivni
NAMdoo,NAMdoo,Gold,Čitluk,Hercegovačko-neretvanski kanton,22,22,22,1,1,salon,prvi,,https://olx.ba/shops/NAMdoo/aktivni
RadisicAuto,RADISIC AUTO D.O.O,Gold,Čitluk,Hercegovačko-neretvanski kanton,33,33,33,1,1,salon,prvi,,https://olx.ba/shops/RadisicAuto/aktivni
RokoMandzo,RokoMandzo,Gold,Čitluk,Hercegovačko-neretvanski kanton,0,1,0,0,18,nije_auto,prvi,shop_category_id nije 17 i histogram nema dominantnu kategoriju 928 (auto dijelovi); nema veze sa automobilima,https://olx.ba/shops/RokoMandzo/aktivni
StreamKeyZ,StreamKeyZ,Gold,Čitluk,Hercegovačko-neretvanski kanton,39,0,0,0,18,neaktivan,prvi,,https://olx.ba/shops/StreamKeyZ/aktivni
Subscribly,Subscribly,Gold,Čitluk,Hercegovačko-neretvanski kanton,87,0,0,0,18,neaktivan,prvi,,https://olx.ba/shops/Subscribly/aktivni
BDAutoSvijet,"""B&D AUTOSVIJET"" d.o.o.",Platinum,Derventa,Regija Doboj,6,6,6,1,1,salon,prvi,,https://olx.ba/shops/BDAutoSvijet/aktivni
BracaDjukicdoo,BRAĆA ĐUKIĆ DOO,Platinum,Derventa,Regija Doboj,69,63,63,1,1,salon,prvi,,https://olx.ba/shops/BracaDjukicdoo/aktivni
david_2000,david_2000,Platinum,Derventa,Regija Doboj,0,0,0,0,18,neaktivan,prvi,,https://olx.ba/shops/david_2000/aktivni
USPON,Uspon,Platinum,Derventa,Regija Doboj,15,15,15,1,1,salon,prvi,,https://olx.ba/shops/USPON/aktivni
Autosalon_As,AUTO SALON AS BOBAN KONCULIC S.P.,Gold,Derventa,Regija Doboj,6,6,5,0.8333,1,salon,drugi,"Dublji uzorak (6) pokazuje udio vozila 0.8333, naslovi su modeli automobila.",https://olx.ba/shops/Autosalon_As/aktivni
BMC_MTB,BMC_MTB,Gold,Derventa,Regija Doboj,5,5,5,1,1,salon,prvi,,https://olx.ba/shops/BMC_MTB/aktivni
CarProBA,CARPRO-BA d.o.o.,Gold,Derventa,Regija Doboj,207,1,0,0,17,dijelovi,prvi,,https://olx.ba/shops/CarProBA/aktivni
cipe1979,Stjepan  Gojkovic,Gold,Derventa,Regija Doboj,0,0,0,0,18,neaktivan,prvi,,https://olx.ba/shops/cipe1979/aktivni
cvijo1993,Cvijo93,Gold,Derventa,Regija Doboj,0,0,0,0,18,neaktivan,prvi,,https://olx.ba/shops/cvijo1993/aktivni
Darko_9q78,Darko_9q78,Gold,Derventa,Regija Doboj,2,0,0,0,18,neaktivan,prvi,,https://olx.ba/shops/Darko_9q78/aktivni
derventaprofil2,Derventa shop,Gold,Derventa,Regija Doboj,0,0,0,0,,neaktivan,prvi,,https://olx.ba/shops/derventaprofil2/aktivni
Djuricso93,Djurics93,Gold,Derventa,Regija Doboj,0,0,0,0,18,neaktivan,prvi,,https://olx.ba/shops/Djuricso93/aktivni
Feromaster1,Feromaster,Gold,Derventa,Regija Doboj,12,9,0,0,18,nije_auto,prvi,shop_category_id nije 17 i histogram nema dominantnu kategoriju 928 (auto dijelovi); nema veze sa automobilima,https://olx.ba/shops/Feromaster1/aktivni
GRIP,GRIP DOO,Gold,Derventa,Regija Doboj,841,836,0,0,17,dijelovi,prvi,,https://olx.ba/shops/GRIP/aktivni
MaliCvijo22,Cvijanovic.123,Gold,Derventa,Regija Doboj,0,0,0,0,,neaktivan,prvi,,https://olx.ba/shops/MaliCvijo22/aktivni
MediaTV,MediaTV,Gold,Derventa,Regija Doboj,0,0,0,0,18,neaktivan,prvi,,https://olx.ba/shops/MediaTV/aktivni
nina_bl1,NINA_BL1,Gold,Derventa,Regija Doboj,35,35,20,0.7,1,mjesovito,drugi,"Dublji uzorak (35) pokazuje udio vozila 0.5714, tezisno i vozila i dijelovi.",https://olx.ba/shops/nina_bl1/aktivni
pinokio1980,Pinokio1988,Gold,Derventa,Regija Doboj,0,0,0,0,18,neaktivan,prvi,,https://olx.ba/shops/pinokio1980/aktivni
Xdrive_service,XDRIVE,Gold,Derventa,Regija Doboj,5030,0,0,0,17,neaktivan,prvi,,https://olx.ba/shops/Xdrive_service/aktivni
ACALEXAUTO,Ac Alex Auto,Platinum,Doboj,Regija Doboj,56,55,55,1,1,salon,prvi,,https://olx.ba/shops/ACALEXAUTO/aktivni
Ahmed_20134,Ahmed_20134,Platinum,Doboj,Regija Doboj,0,0,0,0,18,neaktivan,prvi,,https://olx.ba/shops/Ahmed_20134/aktivni
AUTOOTPADMOTOR,AUTO OTPAD MOTOR,Platinum,Doboj,Regija Doboj,10063,10063,0,0,17,dijelovi,prvi,,https://olx.ba/shops/AUTOOTPADMOTOR/aktivni
dejan3080,Dejanbosic,Platinum,Doboj,Regija Doboj,0,0,0,0,18,neaktivan,prvi,,https://olx.ba/shops/dejan3080/aktivni
fulcrum8,Pirotehnika Doboj,Platinum,Doboj,Regija Doboj,29,0,0,0,18,neaktivan,prvi,,https://olx.ba/shops/fulcrum8/aktivni
grudis,Grudis d.o.o.,Platinum,Doboj,Regija Doboj,706,704,0,0,18,nije_auto,prvi,shop_category_id nije 17 i histogram nema dominantnu kategoriju 928 (auto dijelovi); nema veze sa automobilima,https://olx.ba/shops/grudis/aktivni
Konj5555,Konj5555,Platinum,Doboj,Regija Doboj,0,0,0,0,18,neaktivan,prvi,,https://olx.ba/shops/Konj5555/aktivni
Krava565,Krava565,Platinum,Doboj,Regija Doboj,0,0,0,0,18,neaktivan,prvi,,https://olx.ba/shops/Krava565/aktivni
Prikolice,Prikolice.Co BH d.o.o,Platinum,Doboj,Regija Doboj,60,58,58,1,1,salon,prvi,,https://olx.ba/shops/Prikolice/aktivni
PrikoliceDoboj,Prikolice Co BH d.o.o.,Platinum,Doboj,Regija Doboj,108,108,0,0,17,dijelovi,prvi,,https://olx.ba/shops/PrikoliceDoboj/aktivni
SailunBIH,Total Trade,Platinum,Doboj,Regija Doboj,59,0,0,0,17,neaktivan,prvi,,https://olx.ba/shops/SailunBIH/aktivni
SAVAKOMERCDOBOJ,"""SAVA KOMERC"" d.o.o. Zvornik , Karakaj br. 80, Karakaj, BiH",Platinum,Doboj,Regija Doboj,146,146,0,0,17,dijelovi,prvi,,https://olx.ba/shops/SAVAKOMERCDOBOJ/aktivni
tehnika_online,tehnika_online,Platinum,Doboj,Regija Doboj,1987,1987,0,0,18,nije_auto,prvi,shop_category_id nije 17 i histogram nema dominantnu kategoriju 928 (auto dijelovi); nema veze sa automobilima,https://olx.ba/shops/tehnika_online/aktivni
ac_teodora,Auto centar Teodora,Gold,Doboj,Regija Doboj,29,30,30,1,1,salon,prvi,,https://olx.ba/shops/ac_teodora/aktivni
Agencija_STAN,Agencija_STAN,Gold,Doboj,Regija Doboj,33,30,0,0,2,nije_auto,prvi,shop_category_id nije 17 i histogram nema dominantnu kategoriju 928 (auto dijelovi); nema veze sa automobilima,https://olx.ba/shops/Agencija_STAN/aktivni
AS_EuroCentar,Euro Centar d.o.o.,Gold,Doboj,Regija Doboj,20,19,17,0.8947,1,salon,prvi,,https://olx.ba/shops/AS_EuroCentar/aktivni
asdgroupdoboj,ASD GROUP Doboj,Gold,Doboj,Regija Doboj,126,125,0,0,17,dijelovi,prvi,,https://olx.ba/shops/asdgroupdoboj/aktivni
bakirhdx,Mmmm,Gold,Doboj,Regija Doboj,0,0,0,0,,neaktivan,prvi,,https://olx.ba/shops/bakirhdx/aktivni
BalkanTrade,BalkanTrade,Gold,Doboj,Regija Doboj,0,0,0,0,18,neaktivan,prvi,,https://olx.ba/shops/BalkanTrade/aktivni
BigSp,BigSp,Gold,Doboj,Regija Doboj,9,8,8,1,1,salon,prvi,,https://olx.ba/shops/BigSp/aktivni
BOLIDdoo,BOLID D.O.O.,Gold,Doboj,Regija Doboj,27,23,22,0.9524,1,salon,prvi,,https://olx.ba/shops/BOLIDdoo/aktivni
DarkoPejicic,DarkoPejicic,Gold,Doboj,Regija Doboj,0,0,0,0,18,neaktivan,prvi,,https://olx.ba/shops/DarkoPejicic/aktivni
Dragan_Djekic,DjekicD.O.O,Gold,Doboj,Regija Doboj,19,0,0,0,18,neaktivan,prvi,,https://olx.ba/shops/Dragan_Djekic/aktivni
dragomir1997,Drajomir,Gold,Doboj,Regija Doboj,0,0,0,0,18,neaktivan,prvi,,https://olx.ba/shops/dragomir1997/aktivni
Dusko2962,dus,Gold,Doboj,Regija Doboj,5,5,5,1,1,salon,prvi,,https://olx.ba/shops/Dusko2962/aktivni
feelfit_shop,Bennelli,Gold,Doboj,Regija Doboj,318,317,0,0,18,nije_auto,prvi,shop_category_id nije 17 i histogram nema dominantnu kategoriju 928 (auto dijelovi); nema veze sa automobilima,https://olx.ba/shops/feelfit_shop/aktivni
filipppp0000,Olxshop,Gold,Doboj,Regija Doboj,0,0,0,0,18,neaktivan,prvi,,https://olx.ba/shops/filipppp0000/aktivni
Godo1983,Godo1988,Gold,Doboj,Regija Doboj,0,0,0,0,18,neaktivan,prvi,,https://olx.ba/shops/Godo1983/aktivni
GRADJPROMET,Građ-promet d.o.o.,Gold,Doboj,Regija Doboj,24,24,0,0,2,nije_auto,prvi,shop_category_id nije 17 i histogram nema dominantnu kategoriju 928 (auto dijelovi); nema veze sa automobilima,https://olx.ba/shops/GRADJPROMET/aktivni
jovo74,"JOVO (MILOŠ) JOVIC,",Gold,Doboj,Regija Doboj,36,35,35,1,1,salon,prvi,,https://olx.ba/shops/jovo74/aktivni
kamiondizija,Spoh,Gold,Doboj,Regija Doboj,0,0,0,0,18,neaktivan,prvi,,https://olx.ba/shops/kamiondizija/aktivni
Maletic_DOO,M.R.J.MALETIĆ. DOO,Gold,Doboj,Regija Doboj,590,590,0,0,18,nije_auto,prvi,shop_category_id nije 17 i histogram nema dominantnu kategoriju 928 (auto dijelovi); nema veze sa automobilima,https://olx.ba/shops/Maletic_DOO/aktivni
nebitno3243,Nemamm,Gold,Doboj,Regija Doboj,0,0,0,0,18,neaktivan,prvi,,https://olx.ba/shops/nebitno3243/aktivni
NOVOPROMdoo,NOVOPROM d.o.o. Modriča,Gold,Doboj,Regija Doboj,22,19,19,1,1,salon,prvi,,https://olx.ba/shops/NOVOPROMdoo/aktivni
ogilova,Ogi,Gold,Doboj,Regija Doboj,0,0,0,0,18,neaktivan,prvi,,https://olx.ba/shops/ogilova/aktivni
OnlineShopMix2,OnlineShopMix2,Gold,Doboj,Regija Doboj,1656,1656,0,0,18,nije_auto,prvi,shop_category_id nije 17 i histogram nema dominantnu kategoriju 928 (auto dijelovi); nema veze sa automobilima,https://olx.ba/shops/OnlineShopMix2/aktivni
Parts365,Parts365,Gold,Doboj,Regija Doboj,52,0,0,0,17,neaktivan,prvi,,https://olx.ba/shops/Parts365/aktivni
porco_trade,porco-trade,Gold,Doboj,Regija Doboj,164,164,0,0,17,dijelovi,prvi,,https://olx.ba/shops/porco_trade/aktivni
prodajabihrs,ProdajaOdjeceBiH,Gold,Doboj,Regija Doboj,0,0,0,0,18,neaktivan,prvi,,https://olx.ba/shops/prodajabihrs/aktivni
quickparts,quickparts,Gold,Doboj,Regija Doboj,288,0,0,0,17,neaktivan,prvi,,https://olx.ba/shops/quickparts/aktivni
rrrrrrrrrrr11,rrrrrrrr11,Gold,Doboj,Regija Doboj,0,0,0,0,,neaktivan,prvi,,https://olx.ba/shops/rrrrrrrrrrr11/aktivni
sabic444,sabic444,Gold,Doboj,Regija Doboj,0,0,0,0,,neaktivan,prvi,,https://olx.ba/shops/sabic444/aktivni
Sasacaparr,Pik olx. Ba,Gold,Doboj,Regija Doboj,0,0,0,0,18,neaktivan,prvi,,https://olx.ba/shops/Sasacaparr/aktivni
sekundarno,Sekundarne sirovine,Gold,Doboj,Regija Doboj,0,0,0,0,18,neaktivan,prvi,,https://olx.ba/shops/sekundarno/aktivni
Stjepanovim,Tricikl,Gold,Doboj,Regija Doboj,0,0,0,0,2,neaktivan,prvi,,https://olx.ba/shops/Stjepanovim/aktivni
Tehnicka_2023,Tehnička zaštita DOO,Gold,Doboj,Regija Doboj,34,11,0,0,18,nije_auto,prvi,shop_category_id nije 17 i histogram nema dominantnu kategoriju 928 (auto dijelovi); nema veze sa automobilima,https://olx.ba/shops/Tehnicka_2023/aktivni
UltraCarsBH,UltraCarsBH,Gold,Doboj,Regija Doboj,3,3,3,1,1,salon,prvi,,https://olx.ba/shops/UltraCarsBH/aktivni
user2061,Tricikl,Gold,Doboj,Regija Doboj,0,0,0,0,18,neaktivan,prvi,,https://olx.ba/shops/user2061/aktivni
VasDomDoboj,VasDomDoboj,Gold,Doboj,Regija Doboj,6,6,0,0,2,nije_auto,prvi,shop_category_id nije 17 i histogram nema dominantnu kategoriju 928 (auto dijelovi); nema veze sa automobilima,https://olx.ba/shops/VasDomDoboj/aktivni
VEMIT1,VEMIT,Gold,Doboj,Regija Doboj,19,17,17,1,1,salon,prvi,,https://olx.ba/shops/VEMIT1/aktivni
viktorandrej,Sinisa123,Gold,Doboj,Regija Doboj,0,0,0,0,18,neaktivan,prvi,,https://olx.ba/shops/viktorandrej/aktivni
AcordMC,Acord Music Centar d.o.o.,Platinum,Doboj Istok,Tuzlanski kanton,2474,2471,0,0,18,nije_auto,prvi,shop_category_id nije 17 i histogram nema dominantnu kategoriju 928 (auto dijelovi); nema veze sa automobilima,https://olx.ba/shops/AcordMC/aktivni
Homel,Homel,Platinum,Doboj Istok,Tuzlanski kanton,1693,1643,0,0,18,nije_auto,prvi,shop_category_id nije 17 i histogram nema dominantnu kategoriju 928 (auto dijelovi); nema veze sa automobilima,https://olx.ba/shops/Homel/aktivni
QvantumEnergi,Qvantum Energi,Platinum,Doboj Istok,Tuzlanski kanton,109,108,0,0,18,nije_auto,prvi,shop_category_id nije 17 i histogram nema dominantnu kategoriju 928 (auto dijelovi); nema veze sa automobilima,https://olx.ba/shops/QvantumEnergi/aktivni
Sabanadzovic1,Sabanadzovic1,Platinum,Doboj Istok,Tuzlanski kanton,0,0,0,0,18,neaktivan,prvi,,https://olx.ba/shops/Sabanadzovic1/aktivni
Z65gi8,Z65gi8,Platinum,Doboj Istok,Tuzlanski kanton,0,0,0,0,18,neaktivan,prvi,,https://olx.ba/shops/Z65gi8/aktivni
dfsa22f,dfsa22f,Gold,Doboj Istok,Tuzlanski kanton,0,0,0,0,2,neaktivan,prvi,,https://olx.ba/shops/dfsa22f/aktivni
DMDE1,DMDE DOO,Gold,Doboj Istok,Tuzlanski kanton,37,35,35,1,1,salon,prvi,,https://olx.ba/shops/DMDE1/aktivni
dobdgg,Mirza,Gold,Doboj Istok,Tuzlanski kanton,0,0,0,0,,neaktivan,prvi,,https://olx.ba/shops/dobdgg/aktivni
dobojpromet,Dobojpromet d.o.o.,Gold,Doboj Istok,Tuzlanski kanton,122,95,0,0,17,dijelovi,prvi,,https://olx.ba/shops/dobojpromet/aktivni
DooTrgooil,Trgooil doo,Gold,Doboj Istok,Tuzlanski kanton,3,3,3,1,1,salon,prvi,,https://olx.ba/shops/DooTrgooil/aktivni
eddddooooo,edo,Gold,Doboj Istok,Tuzlanski kanton,0,0,0,0,18,neaktivan,prvi,,https://olx.ba/shops/eddddooooo/aktivni
Fekstrans,Autootpad kico,Gold,Doboj Istok,Tuzlanski kanton,3435,3434,0,0,17,dijelovi,prvi,,https://olx.ba/shops/Fekstrans/aktivni
Gaudium,Gaudium doo,Gold,Doboj Istok,Tuzlanski kanton,43,42,0,0,18,nije_auto,prvi,shop_category_id nije 17 i histogram nema dominantnu kategoriju 928 (auto dijelovi); nema veze sa automobilima,https://olx.ba/shops/Gaudium/aktivni
HezyProm,Hezy-prom d.o.o. Doboj Istok,Gold,Doboj Istok,Tuzlanski kanton,470,470,0,0,18,nije_auto,prvi,shop_category_id nije 17 i histogram nema dominantnu kategoriju 928 (auto dijelovi); nema veze sa automobilima,https://olx.ba/shops/HezyProm/aktivni
HezyPromdoo,Hezy-Prom doo 2,Gold,Doboj Istok,Tuzlanski kanton,15,1,0,0,18,nije_auto,prvi,shop_category_id nije 17 i histogram nema dominantnu kategoriju 928 (auto dijelovi); nema veze sa automobilima,https://olx.ba/shops/HezyPromdoo/aktivni
menecostore,MENECo doo Web Shop,Gold,Doboj Istok,Tuzlanski kanton,194,191,0,0,18,nije_auto,prvi,shop_category_id nije 17 i histogram nema dominantnu kategoriju 928 (auto dijelovi); nema veze sa automobilima,https://olx.ba/shops/menecostore/aktivni
mony,MENECo doo Web Shop,Gold,Doboj Istok,Tuzlanski kanton,49,48,0,0,18,nije_auto,prvi,shop_category_id nije 17 i histogram nema dominantnu kategoriju 928 (auto dijelovi); nema veze sa automobilima,https://olx.ba/shops/mony/aktivni
svastara1910,svastara1910,Gold,Doboj Istok,Tuzlanski kanton,71,0,0,0,18,neaktivan,prvi,,https://olx.ba/shops/svastara1910/aktivni
Turboactiv,Turboactiv d.o.o,Gold,Doboj Istok,Tuzlanski kanton,891,886,0,0,17,dijelovi,prvi,,https://olx.ba/shops/Turboactiv/aktivni
APlus,Sinanovic d.o.o.,Platinum,Doboj Jug,Zeničko-dobojski kanton,33,34,34,1,1,salon,prvi,,https://olx.ba/shops/APlus/aktivni
AUTO_LARA,AUTO LARA DOO,Platinum,Doboj Jug,Zeničko-dobojski kanton,31,28,28,1,1,salon,prvi,,https://olx.ba/shops/AUTO_LARA/aktivni
AVA_SERVIS,Ava servis,Platinum,Doboj Jug,Zeničko-dobojski kanton,16930,16929,0,0,17,dijelovi,prvi,,https://olx.ba/shops/AVA_SERVIS/aktivni
awd_cars,AWD CARS d.o.o.,Platinum,Doboj Jug,Zeničko-dobojski kanton,44,46,46,1,1,salon,prvi,,https://olx.ba/shops/awd_cars/aktivni
eganjgo,Auto centar Ganjgo doo,Platinum,Doboj Jug,Zeničko-dobojski kanton,79,67,67,1,1,salon,prvi,,https://olx.ba/shops/eganjgo/aktivni
EKSKLUZIVAUTO,EKSKLUZIV AUTO DOO,Platinum,Doboj Jug,Zeničko-dobojski kanton,16,15,15,1,1,salon,prvi,,https://olx.ba/shops/EKSKLUZIVAUTO/aktivni
KA_EM_Dijelovi,KA_EM_Dijelovi,Platinum,Doboj Jug,Zeničko-dobojski kanton,47994,48037,0,0,17,dijelovi,prvi,,https://olx.ba/shops/KA_EM_Dijelovi/aktivni
KriptoPlug,KriptoPlug,Platinum,Doboj Jug,Zeničko-dobojski kanton,0,0,0,0,,neaktivan,prvi,,https://olx.ba/shops/KriptoPlug/aktivni
LALOAUTO,LALOAUTO,Platinum,Doboj Jug,Zeničko-dobojski kanton,6,5,5,1,1,salon,prvi,,https://olx.ba/shops/LALOAUTO/aktivni
miralem123_,"MIRALEM (MEHMEDALIJA) OSMANOVIC,",Platinum,Doboj Jug,Zeničko-dobojski kanton,7,7,7,1,1,salon,prvi,,https://olx.ba/shops/miralem123_/aktivni
oktanauto,Oktan auto,Platinum,Doboj Jug,Zeničko-dobojski kanton,50,46,46,1,1,salon,prvi,,https://olx.ba/shops/oktanauto/aktivni
saloneuroline,Euroline d.o.o.,Platinum,Doboj Jug,Zeničko-dobojski kanton,46,44,44,1,1,salon,prvi,,https://olx.ba/shops/saloneuroline/aktivni
Antisil,Antisil,Gold,Doboj Jug,Zeničko-dobojski kanton,0,0,0,0,18,neaktivan,prvi,,https://olx.ba/shops/Antisil/aktivni
AS_EuroTruck,AUTO SERVIS EURO TRUCK VL. CAMDZIC ANEL Matuzici,Gold,Doboj Jug,Zeničko-dobojski kanton,73,70,0,0,17,dijelovi,prvi,,https://olx.ba/shops/AS_EuroTruck/aktivni
AS_EuroTruck1,AS_EuroTruck1,Gold,Doboj Jug,Zeničko-dobojski kanton,14,16,16,1,1,salon,prvi,,https://olx.ba/shops/AS_EuroTruck1/aktivni
AuraTech,Aura Tech d.o.o.,Gold,Doboj Jug,Zeničko-dobojski kanton,505,479,0,0,18,nije_auto,prvi,shop_category_id nije 17 i histogram nema dominantnu kategoriju 928 (auto dijelovi); nema veze sa automobilima,https://olx.ba/shops/AuraTech/aktivni
AutoDamiDoo,Auto Dami doo,Gold,Doboj Jug,Zeničko-dobojski kanton,36,37,37,1,1,salon,prvi,,https://olx.ba/shops/AutoDamiDoo/aktivni
Avdicdoo,AVDIC AUTO,Gold,Doboj Jug,Zeničko-dobojski kanton,14,12,12,1,1,salon,prvi,,https://olx.ba/shops/Avdicdoo/aktivni
dugaideal,DUGA IDEAL DOO,Gold,Doboj Jug,Zeničko-dobojski kanton,559,519,0,0,18,nije_auto,prvi,shop_category_id nije 17 i histogram nema dominantnu kategoriju 928 (auto dijelovi); nema veze sa automobilima,https://olx.ba/shops/dugaideal/aktivni
elfuego,Elfuego,Gold,Doboj Jug,Zeničko-dobojski kanton,24,0,0,0,18,neaktivan,prvi,,https://olx.ba/shops/elfuego/aktivni
euro_metali,euro_metali,Gold,Doboj Jug,Zeničko-dobojski kanton,5,5,0,0,18,nije_auto,prvi,shop_category_id nije 17 i histogram nema dominantnu kategoriju 928 (auto dijelovi); nema veze sa automobilima,https://olx.ba/shops/euro_metali/aktivni
KAMIBUS,KAM I BUS  D.O.O.,Gold,Doboj Jug,Zeničko-dobojski kanton,22,20,19,0.95,1,salon,prvi,,https://olx.ba/shops/KAMIBUS/aktivni
TEHNOEXPORT1,TEHNO EXPORT,Gold,Doboj Jug,Zeničko-dobojski kanton,27,33,33,1,1,salon,prvi,,https://olx.ba/shops/TEHNOEXPORT1/aktivni
TrendAuto,DOO TREND,Gold,Doboj Jug,Zeničko-dobojski kanton,0,0,0,0,,neaktivan,prvi,,https://olx.ba/shops/TrendAuto/aktivni
safasf222g,safasf222g,Platinum,Domaljevac-Šamac,Posavski kanton,0,0,0,0,18,neaktivan,prvi,,https://olx.ba/shops/safasf222g/aktivni
andja567,Sve,Gold,Domaljevac-Šamac,Posavski kanton,0,0,0,0,18,neaktivan,prvi,,https://olx.ba/shops/andja567/aktivni
kingvonfrmdao,kingvon,Gold,Donji Vakuf,Srednjobosanski kanton,0,1,0,0,,nije_auto,prvi,shop_category_id nije 17 i histogram nema dominantnu kategoriju 928 (auto dijelovi); nema veze sa automobilima,https://olx.ba/shops/kingvonfrmdao/aktivni
MONTINZENJERING,Mont Inzenjering doo,Gold,Donji Vakuf,Srednjobosanski kanton,2,2,0,0,2,nije_auto,prvi,shop_category_id nije 17 i histogram nema dominantnu kategoriju 928 (auto dijelovi); nema veze sa automobilima,https://olx.ba/shops/MONTINZENJERING/aktivni
pomeranac8427,pomeranac8427,Gold,Donji Vakuf,Srednjobosanski kanton,10,15,0,0,17,dijelovi,prvi,,https://olx.ba/shops/pomeranac8427/aktivni
TURBOO52,turbooo52,Platinum,Foča,Regija Trebinje,0,0,0,0,,neaktivan,prvi,,https://olx.ba/shops/TURBOO52/aktivni
MilanJokanovic,BRODVEJ,Gold,Foča,Regija Trebinje,0,0,0,0,1,neaktivan,prvi,,https://olx.ba/shops/MilanJokanovic/aktivni
Quattro177,quattro177,Gold,Foča,Regija Trebinje,0,0,0,0,18,neaktivan,prvi,,https://olx.ba/shops/Quattro177/aktivni
sareni7901,www.olx.ba,Gold,Foča,Regija Trebinje,0,0,0,0,18,neaktivan,prvi,,https://olx.ba/shops/sareni7901/aktivni
Munir_23,Fojnica,Platinum,Fojnica,Srednjobosanski kanton,0,0,0,0,18,neaktivan,prvi,,https://olx.ba/shops/Munir_23/aktivni
adisaks,Trijesce za potpalu,Gold,Fojnica,Srednjobosanski kanton,0,0,0,0,,neaktivan,prvi,,https://olx.ba/shops/adisaks/aktivni
Ahmedqandeel95,Ahmedqandeel95,Gold,Fojnica,Srednjobosanski kanton,0,0,0,0,18,neaktivan,prvi,,https://olx.ba/shops/Ahmedqandeel95/aktivni
avdigljiva,Kupovina,Gold,Fojnica,Srednjobosanski kanton,0,0,0,0,,neaktivan,prvi,,https://olx.ba/shops/avdigljiva/aktivni
hurkee,Olx shop,Gold,Fojnica,Srednjobosanski kanton,0,0,0,0,18,neaktivan,prvi,,https://olx.ba/shops/hurkee/aktivni
miamfojnica,MIAM d.o.o.,Gold,Fojnica,Srednjobosanski kanton,22,0,0,0,18,neaktivan,prvi,,https://olx.ba/shops/miamfojnica/aktivni
mukaca,MIKRO MOTOR SHOP,Gold,Fojnica,Srednjobosanski kanton,787,787,0,0,18,nije_auto,prvi,shop_category_id nije 17 i histogram nema dominantnu kategoriju 928 (auto dijelovi); nema veze sa automobilima,https://olx.ba/shops/mukaca/aktivni
nycdrill,drop shop,Gold,Fojnica,Srednjobosanski kanton,12,0,0,0,,neaktivan,prvi,,https://olx.ba/shops/nycdrill/aktivni
Pritoda,Pritoda,Gold,Fojnica,Srednjobosanski kanton,0,0,0,0,2,neaktivan,prvi,,https://olx.ba/shops/Pritoda/aktivni
ApotekaR_EL,Apoteka,Platinum,Gacko,Regija Trebinje,0,0,0,0,,neaktivan,prvi,,https://olx.ba/shops/ApotekaR_EL/aktivni
rake123456789,Raki12345,Gold,Gacko,Regija Trebinje,0,0,0,0,18,neaktivan,prvi,,https://olx.ba/shops/rake123456789/aktivni
Rattatta,Prodja,Gold,Gacko,Regija Trebinje,0,0,0,0,18,neaktivan,prvi,,https://olx.ba/shops/Rattatta/aktivni
dejan12_,Rt,Platinum,Glamoč,Kanton 10,3,0,0,0,18,neaktivan,prvi,,https://olx.ba/shops/dejan12_/aktivni
Mega_Shop_,Mega_Shop_,Platinum,Glamoč,Kanton 10,681,452,0,0,18,nije_auto,prvi,shop_category_id nije 17 i histogram nema dominantnu kategoriju 928 (auto dijelovi); nema veze sa automobilima,https://olx.ba/shops/Mega_Shop_/aktivni
ramce005,ramce005,Gold,Glamoč,Kanton 10,0,0,0,0,18,neaktivan,prvi,,https://olx.ba/shops/ramce005/aktivni
rorevb,Ghjnv,Gold,Glamoč,Kanton 10,0,0,0,0,,neaktivan,prvi,,https://olx.ba/shops/rorevb/aktivni
savosubasic,Savo subašić,Gold,Glamoč,Kanton 10,0,0,0,0,18,neaktivan,prvi,,https://olx.ba/shops/savosubasic/aktivni
Bojoreanu,Bojoreanu,Platinum,Goražde,Bosansko-podrinjski kanton,0,0,0,0,18,neaktivan,prvi,,https://olx.ba/shops/Bojoreanu/aktivni
Eur0express,WesternUnion,Platinum,Goražde,Bosansko-podrinjski kanton,0,0,0,0,18,neaktivan,prvi,,https://olx.ba/shops/Eur0express/aktivni
fleetxpress24,fleetxpress24,Platinum,Goražde,Bosansko-podrinjski kanton,0,0,0,0,18,neaktivan,prvi,,https://olx.ba/shops/fleetxpress24/aktivni
turbo3,turbo3,Platinum,Goražde,Bosansko-podrinjski kanton,9,9,9,1,1,salon,prvi,,https://olx.ba/shops/turbo3/aktivni
Agrosdoo,Agros,Gold,Goražde,Bosansko-podrinjski kanton,1267,1218,0,0,18,nije_auto,prvi,shop_category_id nije 17 i histogram nema dominantnu kategoriju 928 (auto dijelovi); nema veze sa automobilima,https://olx.ba/shops/Agrosdoo/aktivni
buksy,SANDRO SALESEVIC,Gold,Goražde,Bosansko-podrinjski kanton,0,0,0,0,,neaktivan,prvi,,https://olx.ba/shops/buksy/aktivni
Djemaljsaciri,Mercedes benz dva dva dizel,Gold,Goražde,Bosansko-podrinjski kanton,0,0,0,0,,neaktivan,prvi,,https://olx.ba/shops/Djemaljsaciri/aktivni
eldinamelina,Eldina,Gold,Goražde,Bosansko-podrinjski kanton,0,0,0,0,,neaktivan,prvi,,https://olx.ba/shops/eldinamelina/aktivni
enver4444,Prodaja ,Gold,Goražde,Bosansko-podrinjski kanton,0,0,0,0,,neaktivan,prvi,,https://olx.ba/shops/enver4444/aktivni
faceart,faceart,Gold,Goražde,Bosansko-podrinjski kanton,0,0,0,0,,neaktivan,prvi,,https://olx.ba/shops/faceart/aktivni
HUBJERdoo,HUBJER,Gold,Goražde,Bosansko-podrinjski kanton,137,133,0,0,18,nije_auto,prvi,shop_category_id nije 17 i histogram nema dominantnu kategoriju 928 (auto dijelovi); nema veze sa automobilima,https://olx.ba/shops/HUBJERdoo/aktivni
kaBre,dildo,Gold,Goražde,Bosansko-podrinjski kanton,1,0,0,0,18,neaktivan,prvi,,https://olx.ba/shops/kaBre/aktivni
Mahaa123,OLX,Gold,Goražde,Bosansko-podrinjski kanton,0,0,0,0,18,neaktivan,prvi,,https://olx.ba/shops/Mahaa123/aktivni
Mehmed121231,Enis,Gold,Goražde,Bosansko-podrinjski kanton,2,0,0,0,18,neaktivan,prvi,,https://olx.ba/shops/Mehmed121231/aktivni
muzika_111,Denis123,Gold,Goražde,Bosansko-podrinjski kanton,0,0,0,0,18,neaktivan,prvi,,https://olx.ba/shops/muzika_111/aktivni
Petrolivabran,Petrolivabran,Gold,Goražde,Bosansko-podrinjski kanton,0,0,0,0,18,neaktivan,prvi,,https://olx.ba/shops/Petrolivabran/aktivni
AmkeTaxi,AmkeTaxi,Platinum,Gornji Vakuf-Uskoplje,Srednjobosanski kanton,0,0,0,0,18,neaktivan,prvi,,https://olx.ba/shops/AmkeTaxi/aktivni
Boske365,Federacija BiH,Platinum,Gornji Vakuf-Uskoplje,Srednjobosanski kanton,0,0,0,0,18,neaktivan,prvi,,https://olx.ba/shops/Boske365/aktivni
Smajic365,Smajić.com,Platinum,Gornji Vakuf-Uskoplje,Srednjobosanski kanton,1,0,0,0,18,neaktivan,prvi,,https://olx.ba/shops/Smajic365/aktivni
adotito,ATTdoo,Gold,Gornji Vakuf-Uskoplje,Srednjobosanski kanton,0,0,0,0,,neaktivan,prvi,,https://olx.ba/shops/adotito/aktivni
emir2x,Emir2x,Gold,Gornji Vakuf-Uskoplje,Srednjobosanski kanton,0,0,0,0,,neaktivan,prvi,,https://olx.ba/shops/emir2x/aktivni
AutoPatosnice,MEMIK d.o.o.,Platinum,Gračanica,Tuzlanski kanton,9,9,0,0,17,dijelovi,prvi,,https://olx.ba/shops/AutoPatosnice/aktivni
baumaschinen,Fab,Platinum,Gračanica,Tuzlanski kanton,26,29,25,0.8,1,salon,drugi,"Dublji uzorak (26) pokazuje udio vozila 0.8462, naslovi su modeli automobila.",https://olx.ba/shops/baumaschinen/aktivni
Bestselleritw,Bestselleritw,Platinum,Gračanica,Tuzlanski kanton,0,0,0,0,,neaktivan,prvi,,https://olx.ba/shops/Bestselleritw/aktivni
Edin_spahic983,Edin_spahic983,Platinum,Gračanica,Tuzlanski kanton,0,0,0,0,18,neaktivan,prvi,,https://olx.ba/shops/Edin_spahic983/aktivni
klarateajana,pik. ba,Platinum,Gračanica,Tuzlanski kanton,0,0,0,0,18,neaktivan,prvi,,https://olx.ba/shops/klarateajana/aktivni
PerfomanteGass,PerfomanteGass,Platinum,Gračanica,Tuzlanski kanton,0,0,0,0,18,neaktivan,prvi,,https://olx.ba/shops/PerfomanteGass/aktivni
quickgamer,quickgame,Platinum,Gračanica,Tuzlanski kanton,0,0,0,0,18,neaktivan,prvi,,https://olx.ba/shops/quickgamer/aktivni
ThermMaster,Therm Master d.o.o.,Platinum,Gračanica,Tuzlanski kanton,601,584,0,0,18,nije_auto,prvi,shop_category_id nije 17 i histogram nema dominantnu kategoriju 928 (auto dijelovi); nema veze sa automobilima,https://olx.ba/shops/ThermMaster/aktivni
UNIMOG03,UNIMOG-03,Platinum,Gračanica,Tuzlanski kanton,99,99,0,0,17,dijelovi,prvi,,https://olx.ba/shops/UNIMOG03/aktivni
vedo554677,iljazzzovic,Platinum,Gračanica,Tuzlanski kanton,2,0,0,0,18,neaktivan,prvi,,https://olx.ba/shops/vedo554677/aktivni
Zeka,Zeka,Platinum,Gračanica,Tuzlanski kanton,2415,2409,0,0,18,nije_auto,prvi,shop_category_id nije 17 i histogram nema dominantnu kategoriju 928 (auto dijelovi); nema veze sa automobilima,https://olx.ba/shops/Zeka/aktivni
abad,HUMA d.o.o. Gracanica 75323,Gold,Gračanica,Tuzlanski kanton,6,5,5,1,1,salon,prvi,,https://olx.ba/shops/abad/aktivni
ahmobosna,Ahmoo doo,Gold,Gračanica,Tuzlanski kanton,0,0,0,0,18,neaktivan,prvi,,https://olx.ba/shops/ahmobosna/aktivni
almedinzerii,Muratovic.zeri@hotmail.com,Gold,Gračanica,Tuzlanski kanton,0,0,0,0,,neaktivan,prvi,,https://olx.ba/shops/almedinzerii/aktivni
amer1235168,amer1235168,Gold,Gračanica,Tuzlanski kanton,0,0,0,0,18,neaktivan,prvi,,https://olx.ba/shops/amer1235168/aktivni
AnelAnel_79,AnelAnel_79,Gold,Gračanica,Tuzlanski kanton,0,0,0,0,18,neaktivan,prvi,,https://olx.ba/shops/AnelAnel_79/aktivni
AstoriaButik,AstoriaButik,Gold,Gračanica,Tuzlanski kanton,0,0,0,0,18,neaktivan,prvi,,https://olx.ba/shops/AstoriaButik/aktivni
Astra_Look,Astra_Look,Gold,Gračanica,Tuzlanski kanton,48,4,0,0,18,nije_auto,prvi,shop_category_id nije 17 i histogram nema dominantnu kategoriju 928 (auto dijelovi); nema veze sa automobilima,https://olx.ba/shops/Astra_Look/aktivni
BossN01,AHS TRANSPORTE DOO,Gold,Gračanica,Tuzlanski kanton,20,19,0,0,18,nije_auto,prvi,shop_category_id nije 17 i histogram nema dominantnu kategoriju 928 (auto dijelovi); nema veze sa automobilima,https://olx.ba/shops/BossN01/aktivni
BossN02,AHS TRANSPORTE DOO,Gold,Gračanica,Tuzlanski kanton,4,4,4,1,1,salon,prvi,,https://olx.ba/shops/BossN02/aktivni
dinadina1234,Almedina,Gold,Gračanica,Tuzlanski kanton,0,0,0,0,18,neaktivan,prvi,,https://olx.ba/shops/dinadina1234/aktivni
FAB111,FAB,Gold,Gračanica,Tuzlanski kanton,1283,1285,0,0,17,dijelovi,prvi,,https://olx.ba/shops/FAB111/aktivni
FABkaroserija,FABkaroserija,Gold,Gračanica,Tuzlanski kanton,463,463,0,0,17,dijelovi,prvi,,https://olx.ba/shops/FABkaroserija/aktivni
FABradnemasine,FABradnemasine,Gold,Gračanica,Tuzlanski kanton,93,94,0,0,18,nije_auto,prvi,shop_category_id nije 17 i histogram nema dominantnu kategoriju 928 (auto dijelovi); nema veze sa automobilima,https://olx.ba/shops/FABradnemasine/aktivni
gudigudi1234,Grof,Gold,Gračanica,Tuzlanski kanton,0,0,0,0,18,neaktivan,prvi,,https://olx.ba/shops/gudigudi1234/aktivni
Henaprodaja,Henaprodaja,Gold,Gračanica,Tuzlanski kanton,65,0,0,0,18,neaktivan,prvi,,https://olx.ba/shops/Henaprodaja/aktivni
Hyperlink,Hyperlink doo,Gold,Gračanica,Tuzlanski kanton,322,317,0,0,18,nije_auto,prvi,shop_category_id nije 17 i histogram nema dominantnu kategoriju 928 (auto dijelovi); nema veze sa automobilima,https://olx.ba/shops/Hyperlink/aktivni
jasminka987654,.......,Gold,Gračanica,Tuzlanski kanton,0,0,0,0,18,neaktivan,prvi,,https://olx.ba/shops/jasminka987654/aktivni
Kenan_SHOP,KENAN_SHOP25,Gold,Gračanica,Tuzlanski kanton,0,0,0,0,18,neaktivan,prvi,,https://olx.ba/shops/Kenan_SHOP/aktivni
Kikapovoljan,Kika povoljno,Gold,Gračanica,Tuzlanski kanton,0,0,0,0,18,neaktivan,prvi,,https://olx.ba/shops/Kikapovoljan/aktivni
muza1234,Olx shop,Gold,Gračanica,Tuzlanski kanton,0,0,0,0,,neaktivan,prvi,,https://olx.ba/shops/muza1234/aktivni
nasa,&quot;NAS Investing&quot; doo,Gold,Gračanica,Tuzlanski kanton,0,0,0,0,,neaktivan,prvi,,https://olx.ba/shops/nasa/aktivni
Onlineprodajafk,FaxxTech,Gold,Gračanica,Tuzlanski kanton,5,0,0,0,18,neaktivan,prvi,,https://olx.ba/shops/Onlineprodajafk/aktivni
PLAROLA,PLAROLA,Gold,Gračanica,Tuzlanski kanton,1347,1023,0,0,18,nije_auto,prvi,shop_category_id nije 17 i histogram nema dominantnu kategoriju 928 (auto dijelovi); nema veze sa automobilima,https://olx.ba/shops/PLAROLA/aktivni
SamedAuto,AutoServis Samed,Gold,Gračanica,Tuzlanski kanton,21,22,22,1,1,salon,prvi,,https://olx.ba/shops/SamedAuto/aktivni
Samir89898,Sead Zahirovic,Gold,Gračanica,Tuzlanski kanton,0,0,0,0,,neaktivan,prvi,,https://olx.ba/shops/Samir89898/aktivni
univerzalno_gr,univerzalno_gr,Gold,Gračanica,Tuzlanski kanton,301,1,0,0,18,nije_auto,prvi,shop_category_id nije 17 i histogram nema dominantnu kategoriju 928 (auto dijelovi); nema veze sa automobilima,https://olx.ba/shops/univerzalno_gr/aktivni
Zeka_Baucentar,Zeka Baucentar,Gold,Gračanica,Tuzlanski kanton,6,16,0,0,2,nije_auto,prvi,shop_category_id nije 17 i histogram nema dominantnu kategoriju 928 (auto dijelovi); nema veze sa automobilima,https://olx.ba/shops/Zeka_Baucentar/aktivni
ZlatanKovacecic,IKANA SHOP,Gold,Gračanica,Tuzlanski kanton,1,0,0,0,18,neaktivan,prvi,,https://olx.ba/shops/ZlatanKovacecic/aktivni
BaciOKOShop,BaciOKOShop,Platinum,Gradačac,Tuzlanski kanton,1589,1240,0,0,18,nije_auto,prvi,shop_category_id nije 17 i histogram nema dominantnu kategoriju 928 (auto dijelovi); nema veze sa automobilima,https://olx.ba/shops/BaciOKOShop/aktivni
GlasKomerc,Glas-Komerc,Platinum,Gradačac,Tuzlanski kanton,1182,1131,0,0,18,nije_auto,prvi,shop_category_id nije 17 i histogram nema dominantnu kategoriju 928 (auto dijelovi); nema veze sa automobilima,https://olx.ba/shops/GlasKomerc/aktivni
GOLDEN_SHOP_,GOLDEN_SHOP_,Platinum,Gradačac,Tuzlanski kanton,2,0,0,0,18,neaktivan,prvi,,https://olx.ba/shops/GOLDEN_SHOP_/aktivni
Henatrade,Hena Trade Doo,Platinum,Gradačac,Tuzlanski kanton,40,35,32,0.9,1,salon,prvi,,https://olx.ba/shops/Henatrade/aktivni
KubikAuto,Kubik-kop doo,Platinum,Gradačac,Tuzlanski kanton,35,35,35,1,1,salon,prvi,,https://olx.ba/shops/KubikAuto/aktivni
MBoxCars,DOO MEDIA BOX,Platinum,Gradačac,Tuzlanski kanton,24,22,22,1,1,salon,prvi,,https://olx.ba/shops/MBoxCars/aktivni
muhamedk454,Muhamed,Platinum,Gradačac,Tuzlanski kanton,1,0,0,0,18,neaktivan,prvi,,https://olx.ba/shops/muhamedk454/aktivni
rellye,PRODAJA VOZILA,Platinum,Gradačac,Tuzlanski kanton,93,99,99,1,1,salon,prvi,,https://olx.ba/shops/rellye/aktivni
Wizztok,INFERNOcars,Platinum,Gradačac,Tuzlanski kanton,0,0,0,0,,neaktivan,prvi,,https://olx.ba/shops/Wizztok/aktivni
ac_golf_doo,OSMANOVIC FAHRO,Gold,Gradačac,Tuzlanski kanton,19,21,21,1,1,salon,prvi,,https://olx.ba/shops/ac_golf_doo/aktivni
ACMASTERCARS,"""MASTER CARS"" d.o.o.",Gold,Gradačac,Tuzlanski kanton,0,0,0,0,18,neaktivan,prvi,,https://olx.ba/shops/ACMASTERCARS/aktivni
admirsivitic,oe6Wz7UhrNrp@HY,Gold,Gradačac,Tuzlanski kanton,1,0,0,0,18,neaktivan,prvi,,https://olx.ba/shops/admirsivitic/aktivni
akvateh1995,Akvateh1972,Gold,Gradačac,Tuzlanski kanton,0,0,0,0,18,neaktivan,prvi,,https://olx.ba/shops/akvateh1995/aktivni
Almeto,Almeto.olx.ba,Gold,Gradačac,Tuzlanski kanton,6,6,0,0,18,nije_auto,prvi,shop_category_id nije 17 i histogram nema dominantnu kategoriju 928 (auto dijelovi); nema veze sa automobilima,https://olx.ba/shops/Almeto/aktivni
amina_kukuruz1,amina_kukuruz1,Gold,Gradačac,Tuzlanski kanton,1,0,0,0,18,neaktivan,prvi,,https://olx.ba/shops/amina_kukuruz1/aktivni
AS_Omercic,Auto servis Omerčić d.o.o.,Gold,Gradačac,Tuzlanski kanton,26,24,24,1,1,salon,prvi,,https://olx.ba/shops/AS_Omercic/aktivni
AsimKomercDoo,Asim Komerc Doo,Gold,Gradačac,Tuzlanski kanton,4,4,4,1,1,salon,prvi,,https://olx.ba/shops/AsimKomercDoo/aktivni
Autoservisj,Autoservisj,Gold,Gradačac,Tuzlanski kanton,5,0,0,0,1,neaktivan,prvi,,https://olx.ba/shops/Autoservisj/aktivni
billy_shop,billy_shop,Gold,Gradačac,Tuzlanski kanton,233,0,0,0,18,neaktivan,prvi,,https://olx.ba/shops/billy_shop/aktivni
ec76,ENES COLIC,Gold,Gradačac,Tuzlanski kanton,6,6,6,1,1,salon,prvi,,https://olx.ba/shops/ec76/aktivni
Haris111,OKIC HARIS,Gold,Gradačac,Tuzlanski kanton,4,0,0,0,17,neaktivan,prvi,,https://olx.ba/shops/Haris111/aktivni
IceSteelShop,IceSteelShop,Gold,Gradačac,Tuzlanski kanton,0,0,0,0,,neaktivan,prvi,,https://olx.ba/shops/IceSteelShop/aktivni
LKWPLUSdoo,LKWPLUSdoo,Gold,Gradačac,Tuzlanski kanton,16,20,20,1,1,salon,prvi,,https://olx.ba/shops/LKWPLUSdoo/aktivni
Mahir48,MN SHOP,Gold,Gradačac,Tuzlanski kanton,86,84,0,0,18,nije_auto,prvi,shop_category_id nije 17 i histogram nema dominantnu kategoriju 928 (auto dijelovi); nema veze sa automobilima,https://olx.ba/shops/Mahir48/aktivni
Minelaa1989,K&S,Gold,Gradačac,Tuzlanski kanton,28,0,0,0,18,neaktivan,prvi,,https://olx.ba/shops/Minelaa1989/aktivni
MonsterProdaja7,Online/shop,Gold,Gradačac,Tuzlanski kanton,16,3,0,0,,nije_auto,prvi,shop_category_id nije 17 i histogram nema dominantnu kategoriju 928 (auto dijelovi); nema veze sa automobilima,https://olx.ba/shops/MonsterProdaja7/aktivni
Najjacicojkba,SMmobiteli,Gold,Gradačac,Tuzlanski kanton,0,0,0,0,,neaktivan,prvi,,https://olx.ba/shops/Najjacicojkba/aktivni
nidex1,D.o.o  NIDEX,Gold,Gradačac,Tuzlanski kanton,11,10,10,1,1,salon,prvi,,https://olx.ba/shops/nidex1/aktivni
SAMS_BIROdoo,SAMS BIRO d.o.o. Gradačac,Gold,Gradačac,Tuzlanski kanton,91,91,0,0,18,nije_auto,prvi,shop_category_id nije 17 i histogram nema dominantnu kategoriju 928 (auto dijelovi); nema veze sa automobilima,https://olx.ba/shops/SAMS_BIROdoo/aktivni
SASEMAdoo,SA_SEMA_DOO,Gold,Gradačac,Tuzlanski kanton,14,14,14,1,1,salon,prvi,,https://olx.ba/shops/SASEMAdoo/aktivni
Seller__BH,SELLER d.o.o. Gradacac,Gold,Gradačac,Tuzlanski kanton,3,3,3,1,1,salon,prvi,,https://olx.ba/shops/Seller__BH/aktivni
Supercharged,Supercharged,Gold,Gradačac,Tuzlanski kanton,10,10,0,0,18,nije_auto,prvi,shop_category_id nije 17 i histogram nema dominantnu kategoriju 928 (auto dijelovi); nema veze sa automobilima,https://olx.ba/shops/Supercharged/aktivni
TehnoPoint,TehnoLand,Gold,Gradačac,Tuzlanski kanton,0,0,0,0,18,neaktivan,prvi,,https://olx.ba/shops/TehnoPoint/aktivni
TipTopAuto36,TIP - TOP Auto d.o.o.,Gold,Gradačac,Tuzlanski kanton,3,3,3,1,1,salon,prvi,,https://olx.ba/shops/TipTopAuto36/aktivni
TMD_Hanibal,TMD_Hanibal,Gold,Gradačac,Tuzlanski kanton,0,0,0,0,18,neaktivan,prvi,,https://olx.ba/shops/TMD_Hanibal/aktivni
Yamaha855,OLC shop,Gold,Gradačac,Tuzlanski kanton,0,0,0,0,18,neaktivan,prvi,,https://olx.ba/shops/Yamaha855/aktivni
AtlasShop,/,Platinum,Gradiška,Regija Banja Luka,1,0,0,0,18,neaktivan,prvi,,https://olx.ba/shops/AtlasShop/aktivni
BioMaks,BioMaks,Platinum,Gradiška,Regija Banja Luka,451,441,0,0,18,nije_auto,prvi,shop_category_id nije 17 i histogram nema dominantnu kategoriju 928 (auto dijelovi); nema veze sa automobilima,https://olx.ba/shops/BioMaks/aktivni
BioMaks2,BioMaks2,Platinum,Gradiška,Regija Banja Luka,49,0,0,0,18,neaktivan,prvi,,https://olx.ba/shops/BioMaks2/aktivni
BojansCar,BojansCar,Platinum,Gradiška,Regija Banja Luka,0,0,0,0,,neaktivan,prvi,,https://olx.ba/shops/BojansCar/aktivni
danilo_20,Danilo_15,Platinum,Gradiška,Regija Banja Luka,0,0,0,0,18,neaktivan,prvi,,https://olx.ba/shops/danilo_20/aktivni
Dramor,Top Crkol,Platinum,Gradiška,Regija Banja Luka,3,0,0,0,18,neaktivan,prvi,,https://olx.ba/shops/Dramor/aktivni
energydoo,Energy d.o.o.,Platinum,Gradiška,Regija Banja Luka,429,431,0,0,17,dijelovi,prvi,,https://olx.ba/shops/energydoo/aktivni
ergo_gradiska,ergo_gradiska,Platinum,Gradiška,Regija Banja Luka,2014,2014,0,0,18,nije_auto,prvi,shop_category_id nije 17 i histogram nema dominantnu kategoriju 928 (auto dijelovi); nema veze sa automobilima,https://olx.ba/shops/ergo_gradiska/aktivni
forterc,Viktor9060,Platinum,Gradiška,Regija Banja Luka,0,0,0,0,18,neaktivan,prvi,,https://olx.ba/shops/forterc/aktivni
ILICDOO1,ILICDOO1,Platinum,Gradiška,Regija Banja Luka,56,55,55,1,1,salon,prvi,,https://olx.ba/shops/ILICDOO1/aktivni
MSSNekretnine,MSSNekretnine,Platinum,Gradiška,Regija Banja Luka,36,36,0,0,2,nije_auto,prvi,shop_category_id nije 17 i histogram nema dominantnu kategoriju 928 (auto dijelovi); nema veze sa automobilima,https://olx.ba/shops/MSSNekretnine/aktivni
Odgajivacnica_pasa,Odgajivacnica_pasa,Platinum,Gradiška,Regija Banja Luka,121,116,0,0,18,nije_auto,prvi,shop_category_id nije 17 i histogram nema dominantnu kategoriju 928 (auto dijelovi); nema veze sa automobilima,https://olx.ba/shops/Odgajivacnica_pasa/aktivni
RoyalMotors,RoyalMotors,Platinum,Gradiška,Regija Banja Luka,58,57,57,1,1,salon,prvi,,https://olx.ba/shops/RoyalMotors/aktivni
tatjanak598,kozict.,Platinum,Gradiška,Regija Banja Luka,0,0,0,0,18,neaktivan,prvi,,https://olx.ba/shops/tatjanak598/aktivni
vlado_10_,vlado_10_,Platinum,Gradiška,Regija Banja Luka,0,0,0,0,,neaktivan,prvi,,https://olx.ba/shops/vlado_10_/aktivni
AGRO_DUSANOVO,AGRO Dusanovo,Gold,Gradiška,Regija Banja Luka,252,249,0,0,17,dijelovi,prvi,,https://olx.ba/shops/AGRO_DUSANOVO/aktivni
Arcdiapani1_,Arcdiapani1_,Gold,Gradiška,Regija Banja Luka,0,0,0,0,18,neaktivan,prvi,,https://olx.ba/shops/Arcdiapani1_/aktivni
AutoGLAS,AUTOOautooo,Gold,Gradiška,Regija Banja Luka,10,15,15,1,1,salon,prvi,,https://olx.ba/shops/AutoGLAS/aktivni
AUTOJANKOVIC,AUTO JANKOVIC,Gold,Gradiška,Regija Banja Luka,14602,14581,0,0,17,dijelovi,prvi,,https://olx.ba/shops/AUTOJANKOVIC/aktivni
AutoNezic,AutoNezic,Gold,Gradiška,Regija Banja Luka,32,32,32,1,1,salon,prvi,,https://olx.ba/shops/AutoNezic/aktivni
autoranko,AUTO RANKO D.O.O,Gold,Gradiška,Regija Banja Luka,15,19,19,1,1,salon,prvi,,https://olx.ba/shops/autoranko/aktivni
BKL_Agro,BKL_Agro,Gold,Gradiška,Regija Banja Luka,62,63,0,0,17,dijelovi,prvi,,https://olx.ba/shops/BKL_Agro/aktivni
capital__,A+Capital D.O.O.,Gold,Gradiška,Regija Banja Luka,16,16,16,1,1,salon,prvi,,https://olx.ba/shops/capital__/aktivni
CyberZone,CyberZone,Gold,Gradiška,Regija Banja Luka,10,9,0,0,18,nije_auto,prvi,shop_category_id nije 17 i histogram nema dominantnu kategoriju 928 (auto dijelovi); nema veze sa automobilima,https://olx.ba/shops/CyberZone/aktivni
DHSauto,Auto centar DHS,Gold,Gradiška,Regija Banja Luka,10,10,10,1,1,salon,prvi,,https://olx.ba/shops/DHSauto/aktivni
djakovic93,Pik.ba,Gold,Gradiška,Regija Banja Luka,0,0,0,0,18,neaktivan,prvi,,https://olx.ba/shops/djakovic93/aktivni
ExoticAuto,ExoticAuto,Gold,Gradiška,Regija Banja Luka,9,9,9,1,1,salon,prvi,,https://olx.ba/shops/ExoticAuto/aktivni
goran007777,Goran goran,Gold,Gradiška,Regija Banja Luka,2,0,0,0,18,neaktivan,prvi,,https://olx.ba/shops/goran007777/aktivni
Gumazon,SG E-commerce d.o.o.,Gold,Gradiška,Regija Banja Luka,51,51,0,0,17,dijelovi,prvi,,https://olx.ba/shops/Gumazon/aktivni
ILICDOO,ILIC INTERNACIONAL,Gold,Gradiška,Regija Banja Luka,73,68,0,0,18,nije_auto,prvi,shop_category_id nije 17 i histogram nema dominantnu kategoriju 928 (auto dijelovi); nema veze sa automobilima,https://olx.ba/shops/ILICDOO/aktivni
Kasatvon331977,Olx.Ba,Gold,Gradiška,Regija Banja Luka,0,0,0,0,,neaktivan,prvi,,https://olx.ba/shops/Kasatvon331977/aktivni
KulNekretnine,KulNekretnine,Gold,Gradiška,Regija Banja Luka,14,14,0,0,2,nije_auto,prvi,shop_category_id nije 17 i histogram nema dominantnu kategoriju 928 (auto dijelovi); nema veze sa automobilima,https://olx.ba/shops/KulNekretnine/aktivni
ognjen_pera123,Kozinci 120,Gold,Gradiška,Regija Banja Luka,0,0,0,0,18,neaktivan,prvi,,https://olx.ba/shops/ognjen_pera123/aktivni
PecaninMirko,Pecanin Mirko,Gold,Gradiška,Regija Banja Luka,17,13,0,0,18,nije_auto,prvi,shop_category_id nije 17 i histogram nema dominantnu kategoriju 928 (auto dijelovi); nema veze sa automobilima,https://olx.ba/shops/PecaninMirko/aktivni
Sina_A8,Sina Pro Studio,Gold,Gradiška,Regija Banja Luka,0,0,0,0,18,neaktivan,prvi,,https://olx.ba/shops/Sina_A8/aktivni
sprayday,Prodaja,Gold,Gradiška,Regija Banja Luka,0,0,0,0,18,neaktivan,prvi,,https://olx.ba/shops/sprayday/aktivni
stavanka,Prodaja,Gold,Gradiška,Regija Banja Luka,2,0,0,0,17,neaktivan,prvi,,https://olx.ba/shops/stavanka/aktivni
subdrvo,Suboticdrvopromet,Gold,Gradiška,Regija Banja Luka,0,0,0,0,18,neaktivan,prvi,,https://olx.ba/shops/subdrvo/aktivni
tatjanak055,tatjanakp55,Gold,Gradiška,Regija Banja Luka,0,0,0,0,,neaktivan,prvi,,https://olx.ba/shops/tatjanak055/aktivni
Vedranagradiska,VedranaVeca,Gold,Gradiška,Regija Banja Luka,0,0,0,0,,neaktivan,prvi,,https://olx.ba/shops/Vedranagradiska/aktivni
Verovatno,Tražim Tele Žensko Simentalske Rase,Gold,Gradiška,Regija Banja Luka,0,0,0,0,18,neaktivan,prvi,,https://olx.ba/shops/Verovatno/aktivni
VVVMMM,VVVMMM,Gold,Gradiška,Regija Banja Luka,0,0,0,0,18,neaktivan,prvi,,https://olx.ba/shops/VVVMMM/aktivni
ASLaLa,AUTO_LaLa,Platinum,Grude,Zapadnohercegovački kanton,35,36,36,1,1,salon,prvi,,https://olx.ba/shops/ASLaLa/aktivni
AUTOKUCA_PALAC,AUTOKUĆA PALAC d.o.o,Platinum,Grude,Zapadnohercegovački kanton,84111,85603,0,0,17,dijelovi,prvi,,https://olx.ba/shops/AUTOKUCA_PALAC/aktivni
AUTOOTPADBAJA,AUTO BAJA,Platinum,Grude,Zapadnohercegovački kanton,9148,9147,0,0,17,dijelovi,prvi,,https://olx.ba/shops/AUTOOTPADBAJA/aktivni
AutoSalonPal,Auto Salon Pal d.o.o. Grude,Platinum,Grude,Zapadnohercegovački kanton,54,55,55,1,1,salon,prvi,,https://olx.ba/shops/AutoSalonPal/aktivni
eljugaprom,Eljugaprom,Platinum,Grude,Zapadnohercegovački kanton,40,0,0,0,18,neaktivan,prvi,,https://olx.ba/shops/eljugaprom/aktivni
gradimba,Gradim.ba,Platinum,Grude,Zapadnohercegovački kanton,4518,4461,0,0,18,nije_auto,prvi,shop_category_id nije 17 i histogram nema dominantnu kategoriju 928 (auto dijelovi); nema veze sa automobilima,https://olx.ba/shops/gradimba/aktivni
GransAuto,Prodaja vozila,Platinum,Grude,Zapadnohercegovački kanton,18,19,19,1,1,salon,prvi,,https://olx.ba/shops/GransAuto/aktivni
GumeShop,GumeShop,Platinum,Grude,Zapadnohercegovački kanton,2313,1238,0,0,17,dijelovi,prvi,,https://olx.ba/shops/GumeShop/aktivni
malgrizelj,M.A.L. GRIZELJ,Platinum,Grude,Zapadnohercegovački kanton,8228,8162,0,0,18,nije_auto,prvi,shop_category_id nije 17 i histogram nema dominantnu kategoriju 928 (auto dijelovi); nema veze sa automobilima,https://olx.ba/shops/malgrizelj/aktivni
MATIVdoo,MATIV d.o.o. GRUDE,Platinum,Grude,Zapadnohercegovački kanton,131808,131798,0,0,17,dijelovi,prvi,,https://olx.ba/shops/MATIVdoo/aktivni
AutokucaAlpina,Autodijelovi alpina,Gold,Grude,Zapadnohercegovački kanton,4026,4027,0,0,17,dijelovi,prvi,,https://olx.ba/shops/AutokucaAlpina/aktivni
BrunoDRG123,STJEPAN RADIĆ134,Gold,Grude,Zapadnohercegovački kanton,0,0,0,0,,neaktivan,prvi,,https://olx.ba/shops/BrunoDRG123/aktivni
BrziServisMaric,Brzi Servis Marić-Best Drive,Gold,Grude,Zapadnohercegovački kanton,195,202,0,0,17,dijelovi,prvi,,https://olx.ba/shops/BrziServisMaric/aktivni
DaneDaneZulj,Retro,Gold,Grude,Zapadnohercegovački kanton,0,0,0,0,18,neaktivan,prvi,,https://olx.ba/shops/DaneDaneZulj/aktivni
ELCOR,ELCOR d.o.o.,Gold,Grude,Zapadnohercegovački kanton,30,0,0,0,18,neaktivan,prvi,,https://olx.ba/shops/ELCOR/aktivni
grude007,GUME007,Gold,Grude,Zapadnohercegovački kanton,352,352,0,0,17,dijelovi,prvi,,https://olx.ba/shops/grude007/aktivni
GumiCokul,Auto servis Gumi Cokul,Gold,Grude,Zapadnohercegovački kanton,904,901,0,0,17,dijelovi,prvi,,https://olx.ba/shops/GumiCokul/aktivni
JUVENADOO,JUVENA DOO,Gold,Grude,Zapadnohercegovački kanton,0,0,0,0,2,neaktivan,prvi,,https://olx.ba/shops/JUVENADOO/aktivni
MotoSport,Moto Sport vulkanizerska radnja,Gold,Grude,Zapadnohercegovački kanton,1392,1373,0,0,17,dijelovi,prvi,,https://olx.ba/shops/MotoSport/aktivni
Naftaprom_Grude,Nafta promet d.o.o. Grude,Gold,Grude,Zapadnohercegovački kanton,18,17,0,0,18,nije_auto,prvi,shop_category_id nije 17 i histogram nema dominantnu kategoriju 928 (auto dijelovi); nema veze sa automobilima,https://olx.ba/shops/Naftaprom_Grude/aktivni
Nekotamo123456,As_ViP,Gold,Grude,Zapadnohercegovački kanton,0,0,0,0,,neaktivan,prvi,,https://olx.ba/shops/Nekotamo123456/aktivni
PREMIUM_PARTS,PREMIUM_PARTS,Gold,Grude,Zapadnohercegovački kanton,3014,2893,0,0,17,dijelovi,prvi,,https://olx.ba/shops/PREMIUM_PARTS/aktivni
TDMI,IVAN TOMAS,Gold,Grude,Zapadnohercegovački kanton,31,31,31,1,1,salon,prvi,,https://olx.ba/shops/TDMI/aktivni
Toming_Energy,Toming_Energy,Gold,Grude,Zapadnohercegovački kanton,43,0,0,0,18,neaktivan,prvi,,https://olx.ba/shops/Toming_Energy/aktivni
tony65,tony65,Gold,Grude,Zapadnohercegovački kanton,170,158,0,0,18,nije_auto,prvi,shop_category_id nije 17 i histogram nema dominantnu kategoriju 928 (auto dijelovi); nema veze sa automobilima,https://olx.ba/shops/tony65/aktivni
ajnur300,Nema,Platinum,Hadžići,Kanton Sarajevo,0,0,0,0,18,neaktivan,prvi,,https://olx.ba/shops/ajnur300/aktivni
BijelaTehnika,Bijela Tehnika Hadžići,Platinum,Hadžići,Kanton Sarajevo,274,149,0,0,18,nije_auto,prvi,shop_category_id nije 17 i histogram nema dominantnu kategoriju 928 (auto dijelovi); nema veze sa automobilima,https://olx.ba/shops/BijelaTehnika/aktivni
demoozara,demoozara,Platinum,Hadžići,Kanton Sarajevo,0,0,0,0,2,neaktivan,prvi,,https://olx.ba/shops/demoozara/aktivni
Ehodach,Ehodach Bosna i Hercegovina d.o.o.,Platinum,Hadžići,Kanton Sarajevo,38,34,0,0,18,nije_auto,prvi,shop_category_id nije 17 i histogram nema dominantnu kategoriju 928 (auto dijelovi); nema veze sa automobilima,https://olx.ba/shops/Ehodach/aktivni
Mihaita12,Mihaita12,Platinum,Hadžići,Kanton Sarajevo,0,0,0,0,,neaktivan,prvi,,https://olx.ba/shops/Mihaita12/aktivni
mkvc23,kupovina e,Platinum,Hadžići,Kanton Sarajevo,146,0,0,0,18,neaktivan,prvi,,https://olx.ba/shops/mkvc23/aktivni
Panda,Panda,Platinum,Hadžići,Kanton Sarajevo,898,818,0,0,18,nije_auto,prvi,shop_category_id nije 17 i histogram nema dominantnu kategoriju 928 (auto dijelovi); nema veze sa automobilima,https://olx.ba/shops/Panda/aktivni
Parfumeria,selam,Platinum,Hadžići,Kanton Sarajevo,0,0,0,0,18,neaktivan,prvi,,https://olx.ba/shops/Parfumeria/aktivni
selamshop,selamshop,Platinum,Hadžići,Kanton Sarajevo,0,0,0,0,18,neaktivan,prvi,,https://olx.ba/shops/selamshop/aktivni
Terrabih,Terra BH Doo,Platinum,Hadžići,Kanton Sarajevo,21,20,0,0,18,nije_auto,prvi,shop_category_id nije 17 i histogram nema dominantnu kategoriju 928 (auto dijelovi); nema veze sa automobilima,https://olx.ba/shops/Terrabih/aktivni
TerraSa,TerraSa Nekretnine,Platinum,Hadžići,Kanton Sarajevo,16,14,0,0,2,nije_auto,prvi,shop_category_id nije 17 i histogram nema dominantnu kategoriju 928 (auto dijelovi); nema veze sa automobilima,https://olx.ba/shops/TerraSa/aktivni
xxdario87,Manijaci duks stari,Platinum,Hadžići,Kanton Sarajevo,0,0,0,0,18,neaktivan,prvi,,https://olx.ba/shops/xxdario87/aktivni
AB_Electro,AB Electro,Gold,Hadžići,Kanton Sarajevo,7,0,0,0,18,neaktivan,prvi,,https://olx.ba/shops/AB_Electro/aktivni
ajdinn_281,Skuter keeway,Gold,Hadžići,Kanton Sarajevo,0,0,0,0,18,neaktivan,prvi,,https://olx.ba/shops/ajdinn_281/aktivni
Ajdooo124,Ajdin,Gold,Hadžići,Kanton Sarajevo,0,0,0,0,18,neaktivan,prvi,,https://olx.ba/shops/Ajdooo124/aktivni
ALARdoo,ALAR doo,Gold,Hadžići,Kanton Sarajevo,1986,1996,0,0,18,nije_auto,prvi,shop_category_id nije 17 i histogram nema dominantnu kategoriju 928 (auto dijelovi); nema veze sa automobilima,https://olx.ba/shops/ALARdoo/aktivni
amrealty,AM Realty,Gold,Hadžići,Kanton Sarajevo,0,0,0,0,,neaktivan,prvi,,https://olx.ba/shops/amrealty/aktivni
aprilija1212,Apriilia1212,Gold,Hadžići,Kanton Sarajevo,0,0,0,0,18,neaktivan,prvi,,https://olx.ba/shops/aprilija1212/aktivni
BosSumcaj_doo,Bosšumčaj d.o.o. Sarajevo,Gold,Hadžići,Kanton Sarajevo,79,76,0,0,18,nije_auto,prvi,shop_category_id nije 17 i histogram nema dominantnu kategoriju 928 (auto dijelovi); nema veze sa automobilima,https://olx.ba/shops/BosSumcaj_doo/aktivni
boza31,Razno,Gold,Hadžići,Kanton Sarajevo,0,0,0,0,18,neaktivan,prvi,,https://olx.ba/shops/boza31/aktivni
IRONsupplements,IRON SUPPLEMENTS,Gold,Hadžići,Kanton Sarajevo,62,5,0,0,18,nije_auto,prvi,shop_category_id nije 17 i histogram nema dominantnu kategoriju 928 (auto dijelovi); nema veze sa automobilima,https://olx.ba/shops/IRONsupplements/aktivni
mars97binjezevo,MARS '97 FAMILY CENTAR,Gold,Hadžići,Kanton Sarajevo,1965,1617,0,0,18,nije_auto,prvi,shop_category_id nije 17 i histogram nema dominantnu kategoriju 928 (auto dijelovi); nema veze sa automobilima,https://olx.ba/shops/mars97binjezevo/aktivni
MF_madraci_kreveti,MF_madraci_kreveti,Gold,Hadžići,Kanton Sarajevo,13,13,0,0,18,nije_auto,prvi,shop_category_id nije 17 i histogram nema dominantnu kategoriju 928 (auto dijelovi); nema veze sa automobilima,https://olx.ba/shops/MF_madraci_kreveti/aktivni
muhamedtrele,Muhamed,Gold,Hadžići,Kanton Sarajevo,0,0,0,0,,neaktivan,prvi,,https://olx.ba/shops/muhamedtrele/aktivni
okinej,Okinaj,Gold,Hadžići,Kanton Sarajevo,0,0,0,0,18,neaktivan,prvi,,https://olx.ba/shops/okinej/aktivni
OLEOS,Oleos,Gold,Hadžići,Kanton Sarajevo,0,0,0,0,18,neaktivan,prvi,,https://olx.ba/shops/OLEOS/aktivni
oles,Okinej,Gold,Hadžići,Kanton Sarajevo,0,0,0,0,18,neaktivan,prvi,,https://olx.ba/shops/oles/aktivni
panelibalfens23,panelibalfens23,Gold,Hadžići,Kanton Sarajevo,12,12,0,0,18,nije_auto,prvi,shop_category_id nije 17 i histogram nema dominantnu kategoriju 928 (auto dijelovi); nema veze sa automobilima,https://olx.ba/shops/panelibalfens23/aktivni
Perau,UNIVERSAL,Gold,Hadžići,Kanton Sarajevo,0,0,0,0,18,neaktivan,prvi,,https://olx.ba/shops/Perau/aktivni
Phoenix06,Rental Phoenix06 d.o.o.,Gold,Hadžići,Kanton Sarajevo,0,0,0,0,18,neaktivan,prvi,,https://olx.ba/shops/Phoenix06/aktivni
Sleep_factory,Sleep_factory,Gold,Hadžići,Kanton Sarajevo,11,9,0,0,18,nije_auto,prvi,shop_category_id nije 17 i histogram nema dominantnu kategoriju 928 (auto dijelovi); nema veze sa automobilima,https://olx.ba/shops/Sleep_factory/aktivni
Sparta_93,SPARTA,Gold,Hadžići,Kanton Sarajevo,0,0,0,0,,neaktivan,prvi,,https://olx.ba/shops/Sparta_93/aktivni
Tref25,tref25,Gold,Hadžići,Kanton Sarajevo,125,0,0,0,18,neaktivan,prvi,,https://olx.ba/shops/Tref25/aktivni
TurboShop,"""TURBO MASTER"" d.o.o.",Gold,Hadžići,Kanton Sarajevo,61,61,0,0,17,dijelovi,prvi,,https://olx.ba/shops/TurboShop/aktivni
wool_line,Wool-line doo,Gold,Hadžići,Kanton Sarajevo,11,11,0,0,18,nije_auto,prvi,shop_category_id nije 17 i histogram nema dominantnu kategoriju 928 (auto dijelovi); nema veze sa automobilima,https://olx.ba/shops/wool_line/aktivni
xalko,Salix doo,Gold,Hadžići,Kanton Sarajevo,1,0,0,0,18,neaktivan,prvi,,https://olx.ba/shops/xalko/aktivni
aemteam,AEM Team d.o.o.,Platinum,Ilidža,Kanton Sarajevo,64,65,65,1,1,salon,prvi,,https://olx.ba/shops/aemteam/aktivni
aezakmi062,aezakmi,Platinum,Ilidža,Kanton Sarajevo,1,0,0,0,18,neaktivan,prvi,,https://olx.ba/shops/aezakmi062/aktivni
AK_Kajimovic,KERIM ALJOVIC,Platinum,Ilidža,Kanton Sarajevo,99,94,0,0,17,dijelovi,prvi,,https://olx.ba/shops/AK_Kajimovic/aktivni
auto_arifagic,Arifagić d.o.o. Sarajevo,Platinum,Ilidža,Kanton Sarajevo,12,13,13,1,1,salon,prvi,,https://olx.ba/shops/auto_arifagic/aktivni
AutoEdnerSa,Edner Group,Platinum,Ilidža,Kanton Sarajevo,6,0,0,0,1,neaktivan,prvi,,https://olx.ba/shops/AutoEdnerSa/aktivni
autoem,autoem,Platinum,Ilidža,Kanton Sarajevo,33,35,35,1,1,salon,prvi,,https://olx.ba/shops/autoem/aktivni
BAUPLAN,Bau Plan d.o.o.,Platinum,Ilidža,Kanton Sarajevo,2,0,0,0,,neaktivan,prvi,,https://olx.ba/shops/BAUPLAN/aktivni
BenisMejtas,Residence Mejtaš - Benis doo,Platinum,Ilidža,Kanton Sarajevo,4,4,0,0,2,nije_auto,prvi,shop_category_id nije 17 i histogram nema dominantnu kategoriju 928 (auto dijelovi); nema veze sa automobilima,https://olx.ba/shops/BenisMejtas/aktivni
BenisStupska,Benis doo,Platinum,Ilidža,Kanton Sarajevo,4,4,0,0,2,nije_auto,prvi,shop_category_id nije 17 i histogram nema dominantnu kategoriju 928 (auto dijelovi); nema veze sa automobilima,https://olx.ba/shops/BenisStupska/aktivni
BESTPHONE,BESTPHONE,Platinum,Ilidža,Kanton Sarajevo,230,180,0,0,18,nije_auto,prvi,shop_category_id nije 17 i histogram nema dominantnu kategoriju 928 (auto dijelovi); nema veze sa automobilima,https://olx.ba/shops/BESTPHONE/aktivni
BMDecker,Braca Mujic Export-Import d.o.o.,Platinum,Ilidža,Kanton Sarajevo,59,48,0,0,18,nije_auto,prvi,shop_category_id nije 17 i histogram nema dominantnu kategoriju 928 (auto dijelovi); nema veze sa automobilima,https://olx.ba/shops/BMDecker/aktivni
BMDecker1,Braca Mujic Export-Import d.o.o.,Platinum,Ilidža,Kanton Sarajevo,14,4,4,1,1,salon,prvi,,https://olx.ba/shops/BMDecker1/aktivni
calibredoo,Calibre d.o.o.,Platinum,Ilidža,Kanton Sarajevo,6,7,6,0.8571,1,salon,prvi,,https://olx.ba/shops/calibredoo/aktivni
CarNextSarajevo,CarNextSarajevo,Platinum,Ilidža,Kanton Sarajevo,27,25,25,1,1,salon,prvi,,https://olx.ba/shops/CarNextSarajevo/aktivni
Connecta,Connecta d.o.o.,Platinum,Ilidža,Kanton Sarajevo,94,79,79,1,1,salon,prvi,,https://olx.ba/shops/Connecta/aktivni
COSHOP_,Coauto d.o.o,Platinum,Ilidža,Kanton Sarajevo,13305,13305,0,0,17,dijelovi,prvi,,https://olx.ba/shops/COSHOP_/aktivni
ctech,Ctech d.o.o Sarajevo,Platinum,Ilidža,Kanton Sarajevo,8,0,0,0,18,neaktivan,prvi,,https://olx.ba/shops/ctech/aktivni
CUPRA_PIA,SEAT Porsche Sarajevo,Platinum,Ilidža,Kanton Sarajevo,0,0,0,0,,neaktivan,prvi,,https://olx.ba/shops/CUPRA_PIA/aktivni
Diamdi,Edin_vit,Platinum,Ilidža,Kanton Sarajevo,21,19,19,1,1,salon,prvi,,https://olx.ba/shops/Diamdi/aktivni
DirectAuth,DirectAuth,Platinum,Ilidža,Kanton Sarajevo,367,367,0,0,18,nije_auto,prvi,shop_category_id nije 17 i histogram nema dominantnu kategoriju 928 (auto dijelovi); nema veze sa automobilima,https://olx.ba/shops/DirectAuth/aktivni
DRIVEandSMILE,S&Acarshop,Platinum,Ilidža,Kanton Sarajevo,12,12,12,1,1,salon,prvi,,https://olx.ba/shops/DRIVEandSMILE/aktivni
GalleryCarSales,GalleryCarSales,Platinum,Ilidža,Kanton Sarajevo,0,0,0,0,,neaktivan,prvi,,https://olx.ba/shops/GalleryCarSales/aktivni
GIGANTnek,GIGANT d.o.o. Sarajevo,Platinum,Ilidža,Kanton Sarajevo,86,88,0,0,2,nije_auto,prvi,shop_category_id nije 17 i histogram nema dominantnu kategoriju 928 (auto dijelovi); nema veze sa automobilima,https://olx.ba/shops/GIGANTnek/aktivni
Gradiz,"A-BAUCENTAR ,Gradiz doo",Platinum,Ilidža,Kanton Sarajevo,533,533,0,0,18,nije_auto,prvi,shop_category_id nije 17 i histogram nema dominantnu kategoriju 928 (auto dijelovi); nema veze sa automobilima,https://olx.ba/shops/Gradiz/aktivni
hejzing,HEJZING Društvo za transport i promet toplotnom energijom,Platinum,Ilidža,Kanton Sarajevo,18,18,0,0,18,nije_auto,prvi,shop_category_id nije 17 i histogram nema dominantnu kategoriju 928 (auto dijelovi); nema veze sa automobilima,https://olx.ba/shops/hejzing/aktivni
HitPonuda,HitPonuda,Platinum,Ilidža,Kanton Sarajevo,1899,1896,0,0,18,nije_auto,prvi,shop_category_id nije 17 i histogram nema dominantnu kategoriju 928 (auto dijelovi); nema veze sa automobilima,https://olx.ba/shops/HitPonuda/aktivni
Ilidza_Shop,Ilidza_Shop,Platinum,Ilidža,Kanton Sarajevo,8560,0,0,0,,neaktivan,prvi,,https://olx.ba/shops/Ilidza_Shop/aktivni
ITShop,TELNET d.o.o.,Platinum,Ilidža,Kanton Sarajevo,3728,2933,0,0,18,nije_auto,prvi,shop_category_id nije 17 i histogram nema dominantnu kategoriju 928 (auto dijelovi); nema veze sa automobilima,https://olx.ba/shops/ITShop/aktivni
kmtrade,KM TRADE d.o.o. ARMS & EQUIPMENT,Platinum,Ilidža,Kanton Sarajevo,879,879,0,0,18,nije_auto,prvi,shop_category_id nije 17 i histogram nema dominantnu kategoriju 928 (auto dijelovi); nema veze sa automobilima,https://olx.ba/shops/kmtrade/aktivni
Kupify,Kupify,Platinum,Ilidža,Kanton Sarajevo,5178,0,0,0,18,neaktivan,prvi,,https://olx.ba/shops/Kupify/aktivni
Mike_98,Mike_98,Platinum,Ilidža,Kanton Sarajevo,0,0,0,0,,neaktivan,prvi,,https://olx.ba/shops/Mike_98/aktivni
ML_FOREST,ML FOREST d.o.o.,Platinum,Ilidža,Kanton Sarajevo,1624,1624,0,0,18,nije_auto,prvi,shop_category_id nije 17 i histogram nema dominantnu kategoriju 928 (auto dijelovi); nema veze sa automobilima,https://olx.ba/shops/ML_FOREST/aktivni
Neskovicdoo,Nešković Doo,Platinum,Ilidža,Kanton Sarajevo,6,6,0,0,18,nije_auto,prvi,shop_category_id nije 17 i histogram nema dominantnu kategoriju 928 (auto dijelovi); nema veze sa automobilima,https://olx.ba/shops/Neskovicdoo/aktivni
NEXNEKRETNINE,NEX NEKRETNINE d.o.o.,Platinum,Ilidža,Kanton Sarajevo,34,35,0,0,2,nije_auto,prvi,shop_category_id nije 17 i histogram nema dominantnu kategoriju 928 (auto dijelovi); nema veze sa automobilima,https://olx.ba/shops/NEXNEKRETNINE/aktivni
nina_stan,Cemal-šped d.o.o.,Platinum,Ilidža,Kanton Sarajevo,5,5,0,0,2,nije_auto,prvi,shop_category_id nije 17 i histogram nema dominantnu kategoriju 928 (auto dijelovi); nema veze sa automobilima,https://olx.ba/shops/nina_stan/aktivni
OBI,OBI Market Sarajevo,Platinum,Ilidža,Kanton Sarajevo,6108,6871,0,0,18,nije_auto,prvi,shop_category_id nije 17 i histogram nema dominantnu kategoriju 928 (auto dijelovi); nema veze sa automobilima,https://olx.ba/shops/OBI/aktivni
ONTIME,ON TIME Agencija za nekretnine,Platinum,Ilidža,Kanton Sarajevo,104,91,0,0,2,nije_auto,prvi,shop_category_id nije 17 i histogram nema dominantnu kategoriju 928 (auto dijelovi); nema veze sa automobilima,https://olx.ba/shops/ONTIME/aktivni
otpadspojler,Spojler,Platinum,Ilidža,Kanton Sarajevo,6331,6385,0,0,17,dijelovi,prvi,,https://olx.ba/shops/otpadspojler/aktivni
PCotkup,PCShop,Platinum,Ilidža,Kanton Sarajevo,0,0,0,0,,neaktivan,prvi,,https://olx.ba/shops/PCotkup/aktivni
porschesarajevo,Porsche Inter Auto BH d.o.o.,Platinum,Ilidža,Kanton Sarajevo,83,83,83,1,1,salon,prvi,,https://olx.ba/shops/porschesarajevo/aktivni
prado,Prado d.o.o.,Platinum,Ilidža,Kanton Sarajevo,706,345,0,0,18,nije_auto,prvi,shop_category_id nije 17 i histogram nema dominantnu kategoriju 928 (auto dijelovi); nema veze sa automobilima,https://olx.ba/shops/prado/aktivni
prox,PROX DOO,Platinum,Ilidža,Kanton Sarajevo,11918,11718,0,0,18,nije_auto,prvi,shop_category_id nije 17 i histogram nema dominantnu kategoriju 928 (auto dijelovi); nema veze sa automobilima,https://olx.ba/shops/prox/aktivni
ROYAL_Agency,ROYAL_Agency,Platinum,Ilidža,Kanton Sarajevo,19,19,0,0,2,nije_auto,prvi,shop_category_id nije 17 i histogram nema dominantnu kategoriju 928 (auto dijelovi); nema veze sa automobilima,https://olx.ba/shops/ROYAL_Agency/aktivni
Sltvozila,SLT d.o.o,Platinum,Ilidža,Kanton Sarajevo,34,34,34,1,1,salon,prvi,,https://olx.ba/shops/Sltvozila/aktivni
SmartTimeBiH,Smart Time doo,Platinum,Ilidža,Kanton Sarajevo,2581,572,0,0,18,nije_auto,prvi,shop_category_id nije 17 i histogram nema dominantnu kategoriju 928 (auto dijelovi); nema veze sa automobilima,https://olx.ba/shops/SmartTimeBiH/aktivni
STARline,STARline d.o.o.,Platinum,Ilidža,Kanton Sarajevo,87,85,85,1,1,salon,prvi,,https://olx.ba/shops/STARline/aktivni
Tech_LM,Techno Shop LM,Platinum,Ilidža,Kanton Sarajevo,2616,2600,0,0,18,nije_auto,prvi,shop_category_id nije 17 i histogram nema dominantnu kategoriju 928 (auto dijelovi); nema veze sa automobilima,https://olx.ba/shops/Tech_LM/aktivni
UrbanTech,UrbanTech,Platinum,Ilidža,Kanton Sarajevo,592,0,0,0,18,neaktivan,prvi,,https://olx.ba/shops/UrbanTech/aktivni
VOLKSWAGEN_PIA,VOLKSWAGEN Porsche Sarajevo,Platinum,Ilidža,Kanton Sarajevo,6,6,6,1,1,salon,prvi,,https://olx.ba/shops/VOLKSWAGEN_PIA/aktivni
WorldOfRiverina,Green Stone doo,Platinum,Ilidža,Kanton Sarajevo,1,2,0,0,2,nije_auto,prvi,shop_category_id nije 17 i histogram nema dominantnu kategoriju 928 (auto dijelovi); nema veze sa automobilima,https://olx.ba/shops/WorldOfRiverina/aktivni
ZettaNekretnine,Zetta Nekretine,Platinum,Ilidža,Kanton Sarajevo,49,57,0,0,2,nije_auto,prvi,shop_category_id nije 17 i histogram nema dominantnu kategoriju 928 (auto dijelovi); nema veze sa automobilima,https://olx.ba/shops/ZettaNekretnine/aktivni
AgencijaSakic,AgencijaŠakić,Gold,Ilidža,Kanton Sarajevo,6,8,0,0,2,nije_auto,prvi,shop_category_id nije 17 i histogram nema dominantnu kategoriju 928 (auto dijelovi); nema veze sa automobilima,https://olx.ba/shops/AgencijaSakic/aktivni
AmdNekretnine,AmdNekretnine,Gold,Ilidža,Kanton Sarajevo,2,2,0,0,2,nije_auto,prvi,shop_category_id nije 17 i histogram nema dominantnu kategoriju 928 (auto dijelovi); nema veze sa automobilima,https://olx.ba/shops/AmdNekretnine/aktivni
amer741,amer741,Gold,Ilidža,Kanton Sarajevo,1,1,0,0,18,nije_auto,prvi,shop_category_id nije 17 i histogram nema dominantnu kategoriju 928 (auto dijelovi); nema veze sa automobilima,https://olx.ba/shops/amer741/aktivni
amirnhd,Amirnh,Gold,Ilidža,Kanton Sarajevo,0,0,0,0,18,neaktivan,prvi,,https://olx.ba/shops/amirnhd/aktivni
ANE_doo,ANE DOO,Gold,Ilidža,Kanton Sarajevo,12,12,0,0,18,nije_auto,prvi,shop_category_id nije 17 i histogram nema dominantnu kategoriju 928 (auto dijelovi); nema veze sa automobilima,https://olx.ba/shops/ANE_doo/aktivni
ApartmanUna,JASMIN MAMUTI,Gold,Ilidža,Kanton Sarajevo,1,1,0,0,2,nije_auto,prvi,shop_category_id nije 17 i histogram nema dominantnu kategoriju 928 (auto dijelovi); nema veze sa automobilima,https://olx.ba/shops/ApartmanUna/aktivni
ARTEH_doo,ARTEH_doo,Gold,Ilidža,Kanton Sarajevo,785,784,0,0,18,nije_auto,prvi,shop_category_id nije 17 i histogram nema dominantnu kategoriju 928 (auto dijelovi); nema veze sa automobilima,https://olx.ba/shops/ARTEH_doo/aktivni
ATKerametal,AT Kerametal PC Sarajevo-poslovna jedinica,Gold,Ilidža,Kanton Sarajevo,8,0,0,0,18,neaktivan,prvi,,https://olx.ba/shops/ATKerametal/aktivni
AutoCentarARENA,AutoCentarARENA,Gold,Ilidža,Kanton Sarajevo,4542,4548,0,0,17,dijelovi,prvi,,https://olx.ba/shops/AutoCentarARENA/aktivni
AutoLuxEU,Auto Edner Sarajevo,Gold,Ilidža,Kanton Sarajevo,8,0,0,0,1,neaktivan,prvi,,https://olx.ba/shops/AutoLuxEU/aktivni
AzerinaHamza,Azerina.Admir,Gold,Ilidža,Kanton Sarajevo,0,0,0,0,18,neaktivan,prvi,,https://olx.ba/shops/AzerinaHamza/aktivni
BBSdoo,Bosnian British service d.o.o,Gold,Ilidža,Kanton Sarajevo,25,25,0,0,17,dijelovi,prvi,,https://olx.ba/shops/BBSdoo/aktivni
benohadz,BALK DOO,Gold,Ilidža,Kanton Sarajevo,1,0,0,0,18,neaktivan,prvi,,https://olx.ba/shops/benohadz/aktivni
BHPrevoz,Balović d.o.o.,Gold,Ilidža,Kanton Sarajevo,0,0,0,0,,neaktivan,prvi,,https://olx.ba/shops/BHPrevoz/aktivni
BKlinea,BK Linea,Gold,Ilidža,Kanton Sarajevo,116,116,0,0,18,nije_auto,prvi,shop_category_id nije 17 i histogram nema dominantnu kategoriju 928 (auto dijelovi); nema veze sa automobilima,https://olx.ba/shops/BKlinea/aktivni
BOSMAN_doo,BOSMAN_doo,Gold,Ilidža,Kanton Sarajevo,54,51,0,0,18,nije_auto,prvi,shop_category_id nije 17 i histogram nema dominantnu kategoriju 928 (auto dijelovi); nema veze sa automobilima,https://olx.ba/shops/BOSMAN_doo/aktivni
Bracametovic,Braca Metovic,Gold,Ilidža,Kanton Sarajevo,64,64,0,0,18,nije_auto,prvi,shop_category_id nije 17 i histogram nema dominantnu kategoriju 928 (auto dijelovi); nema veze sa automobilima,https://olx.ba/shops/Bracametovic/aktivni
brezarcosmetics,brezarcosmetics,Gold,Ilidža,Kanton Sarajevo,21,0,0,0,18,neaktivan,prvi,,https://olx.ba/shops/brezarcosmetics/aktivni
CactusGroup,PRINTOLOGIJA,Gold,Ilidža,Kanton Sarajevo,55,55,0,0,18,nije_auto,prvi,shop_category_id nije 17 i histogram nema dominantnu kategoriju 928 (auto dijelovi); nema veze sa automobilima,https://olx.ba/shops/CactusGroup/aktivni
camphobby,Camp&hobby,Gold,Ilidža,Kanton Sarajevo,89,0,0,0,18,neaktivan,prvi,,https://olx.ba/shops/camphobby/aktivni
carobnazemlja15,carobnazemlja15,Gold,Ilidža,Kanton Sarajevo,1,1,0,0,2,nije_auto,prvi,shop_category_id nije 17 i histogram nema dominantnu kategoriju 928 (auto dijelovi); nema veze sa automobilima,https://olx.ba/shops/carobnazemlja15/aktivni
Centro_ba,CentroGroup d.o.o.,Gold,Ilidža,Kanton Sarajevo,40,0,0,0,18,neaktivan,prvi,,https://olx.ba/shops/Centro_ba/aktivni
DaaniPLUS,Daani plus namjestaj,Gold,Ilidža,Kanton Sarajevo,106,106,0,0,18,nije_auto,prvi,shop_category_id nije 17 i histogram nema dominantnu kategoriju 928 (auto dijelovi); nema veze sa automobilima,https://olx.ba/shops/DaaniPLUS/aktivni
Dhwiwvbwo,Dhwiwvbwo,Gold,Ilidža,Kanton Sarajevo,0,0,0,0,,neaktivan,prvi,,https://olx.ba/shops/Dhwiwvbwo/aktivni
EKdoo,EKdoo,Gold,Ilidža,Kanton Sarajevo,1,1,0,0,18,nije_auto,prvi,shop_category_id nije 17 i histogram nema dominantnu kategoriju 928 (auto dijelovi); nema veze sa automobilima,https://olx.ba/shops/EKdoo/aktivni
EliteKey,Elite Key d.o.o.,Gold,Ilidža,Kanton Sarajevo,10,0,0,0,,neaktivan,prvi,,https://olx.ba/shops/EliteKey/aktivni
EraAuto,Era auto d.o.o.,Gold,Ilidža,Kanton Sarajevo,15,15,15,1,1,salon,prvi,,https://olx.ba/shops/EraAuto/aktivni
ETools,E TOOLS d.o.o.,Gold,Ilidža,Kanton Sarajevo,767,765,0,0,18,nije_auto,prvi,shop_category_id nije 17 i histogram nema dominantnu kategoriju 928 (auto dijelovi); nema veze sa automobilima,https://olx.ba/shops/ETools/aktivni
EuroSun,EuroSun,Gold,Ilidža,Kanton Sarajevo,24,24,0,0,18,nije_auto,prvi,shop_category_id nije 17 i histogram nema dominantnu kategoriju 928 (auto dijelovi); nema veze sa automobilima,https://olx.ba/shops/EuroSun/aktivni
Famoss,Famoss - auto otpad,Gold,Ilidža,Kanton Sarajevo,970,969,0,0,17,dijelovi,prvi,,https://olx.ba/shops/Famoss/aktivni
Forart,Forart,Gold,Ilidža,Kanton Sarajevo,23,23,0,0,18,nije_auto,prvi,shop_category_id nije 17 i histogram nema dominantnu kategoriju 928 (auto dijelovi); nema veze sa automobilima,https://olx.ba/shops/Forart/aktivni
FORTE_SA,FORTE_SA,Gold,Ilidža,Kanton Sarajevo,46,0,0,0,18,neaktivan,prvi,,https://olx.ba/shops/FORTE_SA/aktivni
GravArt,Alibeg d.o.o. Sarajevo,Gold,Ilidža,Kanton Sarajevo,33,0,0,0,18,neaktivan,prvi,,https://olx.ba/shops/GravArt/aktivni
hercauto,HERCAUTO DOO,Gold,Ilidža,Kanton Sarajevo,25,25,25,1,1,salon,prvi,,https://olx.ba/shops/hercauto/aktivni
HIFICENTAR,AUDIO PROJEKT DOO    HI-FI CENTAR SARAJEVO,Gold,Ilidža,Kanton Sarajevo,546,537,0,0,18,nije_auto,prvi,shop_category_id nije 17 i histogram nema dominantnu kategoriju 928 (auto dijelovi); nema veze sa automobilima,https://olx.ba/shops/HIFICENTAR/aktivni
hob,hob,Gold,Ilidža,Kanton Sarajevo,2,2,0,0,18,nije_auto,prvi,shop_category_id nije 17 i histogram nema dominantnu kategoriju 928 (auto dijelovi); nema veze sa automobilima,https://olx.ba/shops/hob/aktivni
isko_buzoku,Trgovina,Gold,Ilidža,Kanton Sarajevo,0,0,0,0,18,neaktivan,prvi,,https://olx.ba/shops/isko_buzoku/aktivni
KaleEfendic,Kale,Gold,Ilidža,Kanton Sarajevo,0,0,0,0,18,neaktivan,prvi,,https://olx.ba/shops/KaleEfendic/aktivni
keail,Kemal,Gold,Ilidža,Kanton Sarajevo,0,0,0,0,,neaktivan,prvi,,https://olx.ba/shops/keail/aktivni
kojahobby,Kojahobby,Gold,Ilidža,Kanton Sarajevo,0,0,0,0,18,neaktivan,prvi,,https://olx.ba/shops/kojahobby/aktivni
LPPSarajevo,LPPSarajevo,Gold,Ilidža,Kanton Sarajevo,4,0,0,0,2,neaktivan,prvi,,https://olx.ba/shops/LPPSarajevo/aktivni
LUKdoo,LUK,Gold,Ilidža,Kanton Sarajevo,0,0,0,0,2,neaktivan,prvi,,https://olx.ba/shops/LUKdoo/aktivni
Luxuri_Partneri,Luxuri & Partneri - Prodaja i najam nekretnina,Gold,Ilidža,Kanton Sarajevo,16,16,0,0,2,nije_auto,prvi,shop_category_id nije 17 i histogram nema dominantnu kategoriju 928 (auto dijelovi); nema veze sa automobilima,https://olx.ba/shops/Luxuri_Partneri/aktivni
manave,Mado bakery,Gold,Ilidža,Kanton Sarajevo,12,11,0,0,18,nije_auto,prvi,shop_category_id nije 17 i histogram nema dominantnu kategoriju 928 (auto dijelovi); nema veze sa automobilima,https://olx.ba/shops/manave/aktivni
MANKOvelemotor,MANKO velemotor d.o.o. Sarajevo,Gold,Ilidža,Kanton Sarajevo,116,76,0,0,18,nije_auto,prvi,shop_category_id nije 17 i histogram nema dominantnu kategoriju 928 (auto dijelovi); nema veze sa automobilima,https://olx.ba/shops/MANKOvelemotor/aktivni
Melina71,Busenje Bunara,Gold,Ilidža,Kanton Sarajevo,0,0,0,0,,neaktivan,prvi,,https://olx.ba/shops/Melina71/aktivni
MerjemDe,mobile_shop,Gold,Ilidža,Kanton Sarajevo,0,0,0,0,,neaktivan,prvi,,https://olx.ba/shops/MerjemDe/aktivni
MFCba,Mfc.ba,Gold,Ilidža,Kanton Sarajevo,5,4,0,0,2,nije_auto,prvi,shop_category_id nije 17 i histogram nema dominantnu kategoriju 928 (auto dijelovi); nema veze sa automobilima,https://olx.ba/shops/MFCba/aktivni
MirelaSenchi,Olx shop,Gold,Ilidža,Kanton Sarajevo,0,0,0,0,18,neaktivan,prvi,,https://olx.ba/shops/MirelaSenchi/aktivni
Mobilbox4rent,Mobilbox d.o.o.,Gold,Ilidža,Kanton Sarajevo,4,0,0,0,18,neaktivan,prvi,,https://olx.ba/shops/Mobilbox4rent/aktivni
MOBILNO,MOBILNO,Gold,Ilidža,Kanton Sarajevo,194,167,0,0,18,nije_auto,prvi,shop_category_id nije 17 i histogram nema dominantnu kategoriju 928 (auto dijelovi); nema veze sa automobilima,https://olx.ba/shops/MOBILNO/aktivni
Monarkon,Monark d.o.o.,Gold,Ilidža,Kanton Sarajevo,1,1,0,0,2,nije_auto,prvi,shop_category_id nije 17 i histogram nema dominantnu kategoriju 928 (auto dijelovi); nema veze sa automobilima,https://olx.ba/shops/Monarkon/aktivni
MontisInvest,MontisInvestdoo,Gold,Ilidža,Kanton Sarajevo,1,0,0,0,,neaktivan,prvi,,https://olx.ba/shops/MontisInvest/aktivni
MusanovicTrans,Sarajlia_,Gold,Ilidža,Kanton Sarajevo,14,14,0,0,18,nije_auto,prvi,shop_category_id nije 17 i histogram nema dominantnu kategoriju 928 (auto dijelovi); nema veze sa automobilima,https://olx.ba/shops/MusanovicTrans/aktivni
nimrecrc,ERMINCRC,Gold,Ilidža,Kanton Sarajevo,0,0,0,0,18,neaktivan,prvi,,https://olx.ba/shops/nimrecrc/aktivni
Ol24,Ol24,Gold,Ilidža,Kanton Sarajevo,143,0,0,0,18,neaktivan,prvi,,https://olx.ba/shops/Ol24/aktivni
OMROnekretnine,OMRO d.o.o. Sarajevo,Gold,Ilidža,Kanton Sarajevo,8,7,0,0,2,nije_auto,prvi,shop_category_id nije 17 i histogram nema dominantnu kategoriju 928 (auto dijelovi); nema veze sa automobilima,https://olx.ba/shops/OMROnekretnine/aktivni
Only111,Only1,Gold,Ilidža,Kanton Sarajevo,0,0,0,0,,neaktivan,prvi,,https://olx.ba/shops/Only111/aktivni
opanci,Autotops,Gold,Ilidža,Kanton Sarajevo,4,3,0,0,1,nije_auto,prvi,shop_category_id nije 17 i histogram nema dominantnu kategoriju 928 (auto dijelovi); nema veze sa automobilima,https://olx.ba/shops/opanci/aktivni
poliko_doo,Poliko Internacional,Gold,Ilidža,Kanton Sarajevo,83,0,0,0,18,neaktivan,prvi,,https://olx.ba/shops/poliko_doo/aktivni
PrivateInvestor,PrivateInvestor,Gold,Ilidža,Kanton Sarajevo,0,0,0,0,,neaktivan,prvi,,https://olx.ba/shops/PrivateInvestor/aktivni
Proton_Ilidza,ProtonIlidza,Gold,Ilidža,Kanton Sarajevo,425,384,0,0,18,nije_auto,prvi,shop_category_id nije 17 i histogram nema dominantnu kategoriju 928 (auto dijelovi); nema veze sa automobilima,https://olx.ba/shops/Proton_Ilidza/aktivni
RAWAN_DOO,Rawan real estate,Gold,Ilidža,Kanton Sarajevo,10,10,0,0,2,nije_auto,prvi,shop_category_id nije 17 i histogram nema dominantnu kategoriju 928 (auto dijelovi); nema veze sa automobilima,https://olx.ba/shops/RAWAN_DOO/aktivni
Roti_cars,Roti_cars,Gold,Ilidža,Kanton Sarajevo,9,9,9,1,1,salon,prvi,,https://olx.ba/shops/Roti_cars/aktivni
RoyaltyEstates,Royalty of Bosnia d.o.o.,Gold,Ilidža,Kanton Sarajevo,0,1,0,0,2,nije_auto,prvi,shop_category_id nije 17 i histogram nema dominantnu kategoriju 928 (auto dijelovi); nema veze sa automobilima,https://olx.ba/shops/RoyaltyEstates/aktivni
ScaniaBH,Scania BH d.o.o.,Gold,Ilidža,Kanton Sarajevo,8,6,6,1,1,salon,prvi,,https://olx.ba/shops/ScaniaBH/aktivni
schmitzpolovna,Schmitz Cargobull doo,Gold,Ilidža,Kanton Sarajevo,6,6,6,1,1,salon,prvi,,https://olx.ba/shops/schmitzpolovna/aktivni
sedatoba,Sedatoba,Gold,Ilidža,Kanton Sarajevo,0,0,0,0,,neaktivan,prvi,,https://olx.ba/shops/sedatoba/aktivni
selminotes,Mbo,Gold,Ilidža,Kanton Sarajevo,0,0,0,0,,neaktivan,prvi,,https://olx.ba/shops/selminotes/aktivni
selmxin,Seđlmin,Gold,Ilidža,Kanton Sarajevo,0,0,0,0,,neaktivan,prvi,,https://olx.ba/shops/selmxin/aktivni
semicAli,Prodaja,Gold,Ilidža,Kanton Sarajevo,0,0,0,0,18,neaktivan,prvi,,https://olx.ba/shops/semicAli/aktivni
SevenSA,SevenSA,Gold,Ilidža,Kanton Sarajevo,265,264,0,0,18,nije_auto,prvi,shop_category_id nije 17 i histogram nema dominantnu kategoriju 928 (auto dijelovi); nema veze sa automobilima,https://olx.ba/shops/SevenSA/aktivni
SevenSOLUTIONS,"SEVEN d.o.o. Sarajevo, Azici br. 110",Gold,Ilidža,Kanton Sarajevo,16,16,0,0,18,nije_auto,prvi,shop_category_id nije 17 i histogram nema dominantnu kategoriju 928 (auto dijelovi); nema veze sa automobilima,https://olx.ba/shops/SevenSOLUTIONS/aktivni
SolarCentar,SolarCentar,Gold,Ilidža,Kanton Sarajevo,37,36,0,0,18,nije_auto,prvi,shop_category_id nije 17 i histogram nema dominantnu kategoriju 928 (auto dijelovi); nema veze sa automobilima,https://olx.ba/shops/SolarCentar/aktivni
SOLARSHOP,EMT SOLAR d.o.o.,Gold,Ilidža,Kanton Sarajevo,17,0,0,0,18,neaktivan,prvi,,https://olx.ba/shops/SOLARSHOP/aktivni
ST_AutoSA,ST_AutoSA,Gold,Ilidža,Kanton Sarajevo,5,5,5,1,1,salon,prvi,,https://olx.ba/shops/ST_AutoSA/aktivni
STARI_AVIS,STARI AVIS d.o.o.,Gold,Ilidža,Kanton Sarajevo,4,4,4,1,1,salon,prvi,,https://olx.ba/shops/STARI_AVIS/aktivni
SWISSPRIME,swissprime,Gold,Ilidža,Kanton Sarajevo,18,16,16,1,1,salon,prvi,,https://olx.ba/shops/SWISSPRIME/aktivni
SWrealestate,S&W d.o.o. Sarajevo,Gold,Ilidža,Kanton Sarajevo,0,0,0,0,,neaktivan,prvi,,https://olx.ba/shops/SWrealestate/aktivni
technoguide,technoguide,Gold,Ilidža,Kanton Sarajevo,0,0,0,0,,neaktivan,prvi,,https://olx.ba/shops/technoguide/aktivni
tefa77,OLX,Gold,Ilidža,Kanton Sarajevo,0,0,0,0,18,neaktivan,prvi,,https://olx.ba/shops/tefa77/aktivni
tehnogama,Tehnogama doo,Gold,Ilidža,Kanton Sarajevo,84,83,0,0,18,nije_auto,prvi,shop_category_id nije 17 i histogram nema dominantnu kategoriju 928 (auto dijelovi); nema veze sa automobilima,https://olx.ba/shops/tehnogama/aktivni
TehnoklixGPS,TehnoklixGPS,Gold,Ilidža,Kanton Sarajevo,43,43,0,0,17,dijelovi,prvi,,https://olx.ba/shops/TehnoklixGPS/aktivni
TEIKOMBH,TEIKOM BH d.o.o. Sarajevo,Gold,Ilidža,Kanton Sarajevo,32,32,0,0,18,nije_auto,prvi,shop_category_id nije 17 i histogram nema dominantnu kategoriju 928 (auto dijelovi); nema veze sa automobilima,https://olx.ba/shops/TEIKOMBH/aktivni
transportersaj,Transporter SAJ,Gold,Ilidža,Kanton Sarajevo,10,10,7,0.7,1,salon,drugi,"Dublji uzorak (10) pokazuje udio vozila 0.7, naslovi su modeli automobila.",https://olx.ba/shops/transportersaj/aktivni
TruckLand_HD,BULE KOMERC d.o.o. Sarajevo,Gold,Ilidža,Kanton Sarajevo,3,3,3,1,1,salon,prvi,,https://olx.ba/shops/TruckLand_HD/aktivni
TWISTSHAKE,TWISTSHAKE,Gold,Ilidža,Kanton Sarajevo,0,0,0,0,,neaktivan,prvi,,https://olx.ba/shops/TWISTSHAKE/aktivni
VapeShop,VapeShop,Gold,Ilidža,Kanton Sarajevo,0,0,0,0,,neaktivan,prvi,,https://olx.ba/shops/VapeShop/aktivni
velabosna,Armatrgovina,Gold,Ilidža,Kanton Sarajevo,0,0,0,0,18,neaktivan,prvi,,https://olx.ba/shops/velabosna/aktivni
VIF,GRADIZ DOO (PJ BELLONA),Gold,Ilidža,Kanton Sarajevo,38,28,0,0,18,nije_auto,prvi,shop_category_id nije 17 i histogram nema dominantnu kategoriju 928 (auto dijelovi); nema veze sa automobilima,https://olx.ba/shops/VIF/aktivni
VIP_Apartments,Keno1123,Gold,Ilidža,Kanton Sarajevo,1,1,0,0,2,nije_auto,prvi,shop_category_id nije 17 i histogram nema dominantnu kategoriju 928 (auto dijelovi); nema veze sa automobilima,https://olx.ba/shops/VIP_Apartments/aktivni
VIPnekretnine,Premium Nekretnine,Gold,Ilidža,Kanton Sarajevo,1,0,0,0,,neaktivan,prvi,,https://olx.ba/shops/VIPnekretnine/aktivni
WizardPC,WIZARD PC TR,Gold,Ilidža,Kanton Sarajevo,2366,2345,0,0,18,nije_auto,prvi,shop_category_id nije 17 i histogram nema dominantnu kategoriju 928 (auto dijelovi); nema veze sa automobilima,https://olx.ba/shops/WizardPC/aktivni
Husejin666,asdas,Platinum,Ilijaš,Kanton Sarajevo,3,1,0,0,18,nije_auto,prvi,shop_category_id nije 17 i histogram nema dominantnu kategoriju 928 (auto dijelovi); nema veze sa automobilima,https://olx.ba/shops/Husejin666/aktivni
MGAUTOCENTAR,D.O.O. MG AUTO CENTAR,Platinum,Ilijaš,Kanton Sarajevo,9,10,10,1,1,salon,prvi,,https://olx.ba/shops/MGAUTOCENTAR/aktivni
PRESTIGEPBS,PRESTIGE Agencija za promet nekretnina,Platinum,Ilijaš,Kanton Sarajevo,49,42,0,0,2,nije_auto,prvi,shop_category_id nije 17 i histogram nema dominantnu kategoriju 928 (auto dijelovi); nema veze sa automobilima,https://olx.ba/shops/PRESTIGEPBS/aktivni
rasimdelija1235,Delija rasim 1001,Platinum,Ilijaš,Kanton Sarajevo,0,0,0,0,18,neaktivan,prvi,,https://olx.ba/shops/rasimdelija1235/aktivni
SelimMjenjaci,SelimMjenjaci,Platinum,Ilijaš,Kanton Sarajevo,0,0,0,0,18,neaktivan,prvi,,https://olx.ba/shops/SelimMjenjaci/aktivni
VisokoMjenjaci,VisokoMjenjaci,Platinum,Ilijaš,Kanton Sarajevo,0,0,0,0,18,neaktivan,prvi,,https://olx.ba/shops/VisokoMjenjaci/aktivni
VrtSemina,Garden Centar Semina,Platinum,Ilijaš,Kanton Sarajevo,1397,1348,0,0,18,nije_auto,prvi,shop_category_id nije 17 i histogram nema dominantnu kategoriju 928 (auto dijelovi); nema veze sa automobilima,https://olx.ba/shops/VrtSemina/aktivni
ACSmajlovic,Auto Centar Smajlović,Gold,Ilijaš,Kanton Sarajevo,8,8,8,1,1,salon,prvi,,https://olx.ba/shops/ACSmajlovic/aktivni
aczenga1,aczenga1,Gold,Ilijaš,Kanton Sarajevo,23,17,17,1,1,salon,prvi,,https://olx.ba/shops/aczenga1/aktivni
Alee88,Alee88,Gold,Ilijaš,Kanton Sarajevo,0,0,0,0,18,neaktivan,prvi,,https://olx.ba/shops/Alee88/aktivni
anci7878,anci78,Gold,Ilijaš,Kanton Sarajevo,0,0,0,0,18,neaktivan,prvi,,https://olx.ba/shops/anci7878/aktivni
Atilaprodaje,Privat,Gold,Ilijaš,Kanton Sarajevo,0,0,0,0,,neaktivan,prvi,,https://olx.ba/shops/Atilaprodaje/aktivni
AtoCNekretnine,AtoC Nekretnine Sarajevo,Gold,Ilijaš,Kanton Sarajevo,6,6,0,0,2,nije_auto,prvi,shop_category_id nije 17 i histogram nema dominantnu kategoriju 928 (auto dijelovi); nema veze sa automobilima,https://olx.ba/shops/AtoCNekretnine/aktivni
autocovjek,Semikem,Gold,Ilijaš,Kanton Sarajevo,0,0,0,0,18,neaktivan,prvi,,https://olx.ba/shops/autocovjek/aktivni
CelikPrometdoo,CELIK PROMET DOO,Gold,Ilijaš,Kanton Sarajevo,19,18,17,0.9444,1,salon,prvi,,https://olx.ba/shops/CelikPrometdoo/aktivni
czlokooo,Czloko,Gold,Ilijaš,Kanton Sarajevo,0,0,0,0,18,neaktivan,prvi,,https://olx.ba/shops/czlokooo/aktivni
guras,Puni,Gold,Ilijaš,Kanton Sarajevo,0,0,0,0,,neaktivan,prvi,,https://olx.ba/shops/guras/aktivni
Hujbaba28,Automobili,Gold,Ilijaš,Kanton Sarajevo,0,0,0,0,18,neaktivan,prvi,,https://olx.ba/shops/Hujbaba28/aktivni
Ido332,Orion,Gold,Ilijaš,Kanton Sarajevo,0,0,0,0,,neaktivan,prvi,,https://olx.ba/shops/Ido332/aktivni
jtigsoq99,jtigsoq99,Gold,Ilijaš,Kanton Sarajevo,0,0,0,0,18,neaktivan,prvi,,https://olx.ba/shops/jtigsoq99/aktivni
merol,merol,Gold,Ilijaš,Kanton Sarajevo,1,1,1,1,1,salon,prvi,,https://olx.ba/shops/merol/aktivni
ORMANCARWASH,ORMAN car wash doo,Gold,Ilijaš,Kanton Sarajevo,5,5,0,0,18,nije_auto,prvi,shop_category_id nije 17 i histogram nema dominantnu kategoriju 928 (auto dijelovi); nema veze sa automobilima,https://olx.ba/shops/ORMANCARWASH/aktivni
StandardFF,STANDARD FURNITURE FACTORY,Gold,Ilijaš,Kanton Sarajevo,128,0,0,0,18,neaktivan,prvi,,https://olx.ba/shops/StandardFF/aktivni
patike_bih321,patike_bih321,Gold,Istočna Ilidža,Regija Istočno Sarajevo,0,0,0,0,18,neaktivan,prvi,,https://olx.ba/shops/patike_bih321/aktivni
PorodicaVesic2,Veskify.ba,Gold,Istočna Ilidža,Regija Istočno Sarajevo,12,5,0,0,18,nije_auto,prvi,shop_category_id nije 17 i histogram nema dominantnu kategoriju 928 (auto dijelovi); nema veze sa automobilima,https://olx.ba/shops/PorodicaVesic2/aktivni
Ppavle213,Ppavle213,Gold,Istočna Ilidža,Regija Istočno Sarajevo,1,0,0,0,18,neaktivan,prvi,,https://olx.ba/shops/Ppavle213/aktivni
akvamontmerc,AKVAMONTMERC,Platinum,Istočno Sarajevo,Regija Istočno Sarajevo,9,9,0,0,2,nije_auto,prvi,shop_category_id nije 17 i histogram nema dominantnu kategoriju 928 (auto dijelovi); nema veze sa automobilima,https://olx.ba/shops/akvamontmerc/aktivni
MZAUTO,MZAUTO,Platinum,Istočno Sarajevo,Regija Istočno Sarajevo,42,39,39,1,1,salon,prvi,,https://olx.ba/shops/MZAUTO/aktivni
NPLproject,NPL-PROJECT DOO,Platinum,Istočno Sarajevo,Regija Istočno Sarajevo,20,20,0,0,2,nije_auto,prvi,shop_category_id nije 17 i histogram nema dominantnu kategoriju 928 (auto dijelovi); nema veze sa automobilima,https://olx.ba/shops/NPLproject/aktivni
RolexMafia,RolexMafia,Platinum,Istočno Sarajevo,Regija Istočno Sarajevo,0,0,0,0,,neaktivan,prvi,,https://olx.ba/shops/RolexMafia/aktivni
SKSAUTO,SKS doo,Platinum,Istočno Sarajevo,Regija Istočno Sarajevo,60,58,58,1,1,salon,prvi,,https://olx.ba/shops/SKSAUTO/aktivni
Studioizgradnja,Studioizgradnja,Platinum,Istočno Sarajevo,Regija Istočno Sarajevo,0,0,0,0,2,neaktivan,prvi,,https://olx.ba/shops/Studioizgradnja/aktivni
TechnoMIN,Techno MIN,Platinum,Istočno Sarajevo,Regija Istočno Sarajevo,10534,10544,0,0,18,nije_auto,prvi,shop_category_id nije 17 i histogram nema dominantnu kategoriju 928 (auto dijelovi); nema veze sa automobilima,https://olx.ba/shops/TechnoMIN/aktivni
Vlado369,Imperium,Platinum,Istočno Sarajevo,Regija Istočno Sarajevo,1,0,0,0,18,neaktivan,prvi,,https://olx.ba/shops/Vlado369/aktivni
ACGamaMotors,GamaMotors,Gold,Istočno Sarajevo,Regija Istočno Sarajevo,24,22,22,1,1,salon,prvi,,https://olx.ba/shops/ACGamaMotors/aktivni
ACNeskovicISA,Autocentar Nešković P.J. I. Sarajevo,Gold,Istočno Sarajevo,Regija Istočno Sarajevo,45,39,35,0.9,1,salon,prvi,,https://olx.ba/shops/ACNeskovicISA/aktivni
adrian5,AlatShop.ba,Gold,Istočno Sarajevo,Regija Istočno Sarajevo,3613,3579,0,0,18,nije_auto,prvi,shop_category_id nije 17 i histogram nema dominantnu kategoriju 928 (auto dijelovi); nema veze sa automobilima,https://olx.ba/shops/adrian5/aktivni
autootpadbrembo,Auto otpad Brembo,Gold,Istočno Sarajevo,Regija Istočno Sarajevo,831,831,0,0,17,dijelovi,prvi,,https://olx.ba/shops/autootpadbrembo/aktivni
AventisAM,AventisAM,Gold,Istočno Sarajevo,Regija Istočno Sarajevo,605,606,0,0,18,nije_auto,prvi,shop_category_id nije 17 i histogram nema dominantnu kategoriju 928 (auto dijelovi); nema veze sa automobilima,https://olx.ba/shops/AventisAM/aktivni
CONNECT_CONCEPT,CONNECT CONCEPT STORE,Gold,Istočno Sarajevo,Regija Istočno Sarajevo,18,0,0,0,18,neaktivan,prvi,,https://olx.ba/shops/CONNECT_CONCEPT/aktivni
Empero,Empero home,Gold,Istočno Sarajevo,Regija Istočno Sarajevo,25,1,0,0,18,nije_auto,prvi,shop_category_id nije 17 i histogram nema dominantnu kategoriju 928 (auto dijelovi); nema veze sa automobilima,https://olx.ba/shops/Empero/aktivni
Euro_stan,Euro_stan,Gold,Istočno Sarajevo,Regija Istočno Sarajevo,5,5,0,0,2,nije_auto,prvi,shop_category_id nije 17 i histogram nema dominantnu kategoriju 928 (auto dijelovi); nema veze sa automobilima,https://olx.ba/shops/Euro_stan/aktivni
LuxTehnika,LuxTehnika,Gold,Istočno Sarajevo,Regija Istočno Sarajevo,0,0,0,0,18,neaktivan,prvi,,https://olx.ba/shops/LuxTehnika/aktivni
Mapoba,MAPO DOO,Gold,Istočno Sarajevo,Regija Istočno Sarajevo,0,3,0,0,,nije_auto,prvi,shop_category_id nije 17 i histogram nema dominantnu kategoriju 928 (auto dijelovi); nema veze sa automobilima,https://olx.ba/shops/Mapoba/aktivni
Marvel_doo,Marvel d.o.o.,Gold,Istočno Sarajevo,Regija Istočno Sarajevo,7,7,0,0,2,nije_auto,prvi,shop_category_id nije 17 i histogram nema dominantnu kategoriju 928 (auto dijelovi); nema veze sa automobilima,https://olx.ba/shops/Marvel_doo/aktivni
neknekretnine,NEK-IR doo,Gold,Istočno Sarajevo,Regija Istočno Sarajevo,7,7,0,0,2,nije_auto,prvi,shop_category_id nije 17 i histogram nema dominantnu kategoriju 928 (auto dijelovi); nema veze sa automobilima,https://olx.ba/shops/neknekretnine/aktivni
NekretnineRadan,Agencija za nekretnine Radan,Gold,Istočno Sarajevo,Regija Istočno Sarajevo,25,22,0,0,2,nije_auto,prvi,shop_category_id nije 17 i histogram nema dominantnu kategoriju 928 (auto dijelovi); nema veze sa automobilima,https://olx.ba/shops/NekretnineRadan/aktivni
Novella,Novella East Sarajevo Novogradnja,Gold,Istočno Sarajevo,Regija Istočno Sarajevo,1,1,0,0,2,nije_auto,prvi,shop_category_id nije 17 i histogram nema dominantnu kategoriju 928 (auto dijelovi); nema veze sa automobilima,https://olx.ba/shops/Novella/aktivni
Tfactory_doo,Tfactory,Gold,Istočno Sarajevo,Regija Istočno Sarajevo,22,0,0,0,18,neaktivan,prvi,,https://olx.ba/shops/Tfactory_doo/aktivni
Umbrella_BiH,Umbrella Corporation BH,Gold,Istočno Sarajevo,Regija Istočno Sarajevo,244,2,0,0,18,nije_auto,prvi,shop_category_id nije 17 i histogram nema dominantnu kategoriju 928 (auto dijelovi); nema veze sa automobilima,https://olx.ba/shops/Umbrella_BiH/aktivni
Uniotec,URBANIS D.O.O,Gold,Istočno Sarajevo,Regija Istočno Sarajevo,2,2,0,0,2,nije_auto,prvi,shop_category_id nije 17 i histogram nema dominantnu kategoriju 928 (auto dijelovi); nema veze sa automobilima,https://olx.ba/shops/Uniotec/aktivni
zoran_699,Zooka69,Gold,Istočno Sarajevo,Regija Istočno Sarajevo,0,0,0,0,18,neaktivan,prvi,,https://olx.ba/shops/zoran_699/aktivni
AS_AUTO,ASehic95,Gold,Jablanica,Hercegovačko-neretvanski kanton,3,3,3,1,1,salon,prvi,,https://olx.ba/shops/AS_AUTO/aktivni
AutoGaleria,AutoGaleria,Gold,Jablanica,Hercegovačko-neretvanski kanton,8,8,8,1,1,salon,prvi,,https://olx.ba/shops/AutoGaleria/aktivni
BGStechnic,BGStech,Gold,Jablanica,Hercegovačko-neretvanski kanton,1659,1292,0,0,18,nije_auto,prvi,shop_category_id nije 17 i histogram nema dominantnu kategoriju 928 (auto dijelovi); nema veze sa automobilima,https://olx.ba/shops/BGStechnic/aktivni
Marinkic,Termoflus,Platinum,Jajce,Srednjobosanski kanton,1,0,0,0,18,neaktivan,prvi,,https://olx.ba/shops/Marinkic/aktivni
tr_12_34,Trans trninic,Platinum,Jajce,Srednjobosanski kanton,0,0,0,0,18,neaktivan,prvi,,https://olx.ba/shops/tr_12_34/aktivni
CR7JZ7,Prodaja,Gold,Jajce,Srednjobosanski kanton,0,0,0,0,18,neaktivan,prvi,,https://olx.ba/shops/CR7JZ7/aktivni
ERNOPS4,PS4Jajce,Gold,Jajce,Srednjobosanski kanton,0,0,0,0,18,neaktivan,prvi,,https://olx.ba/shops/ERNOPS4/aktivni
komotin_jajce,VIBAU,Gold,Jajce,Srednjobosanski kanton,2,0,0,0,,neaktivan,prvi,,https://olx.ba/shops/komotin_jajce/aktivni
markic1729,Termoflus,Gold,Jajce,Srednjobosanski kanton,0,0,0,0,18,neaktivan,prvi,,https://olx.ba/shops/markic1729/aktivni
markic82891,Termoflus,Gold,Jajce,Srednjobosanski kanton,0,0,0,0,18,neaktivan,prvi,,https://olx.ba/shops/markic82891/aktivni
Rifeta_Ekrem,OLX,Gold,Jajce,Srednjobosanski kanton,0,0,0,0,18,neaktivan,prvi,,https://olx.ba/shops/Rifeta_Ekrem/aktivni
rudnik_mesihovina,Rudnik Mesihovina,Gold,Jajce,Srednjobosanski kanton,1,1,0,0,18,nije_auto,prvi,shop_category_id nije 17 i histogram nema dominantnu kategoriju 928 (auto dijelovi); nema veze sa automobilima,https://olx.ba/shops/rudnik_mesihovina/aktivni
ThermoDIGITAL,Thermo Digita d.o.o.,Gold,Jajce,Srednjobosanski kanton,21,21,0,0,18,nije_auto,prvi,shop_category_id nije 17 i histogram nema dominantnu kategoriju 928 (auto dijelovi); nema veze sa automobilima,https://olx.ba/shops/ThermoDIGITAL/aktivni
velidadzore,Dzore,Gold,Jajce,Srednjobosanski kanton,0,0,0,0,18,neaktivan,prvi,,https://olx.ba/shops/velidadzore/aktivni
VIBAU2021,VIBAU Građevinska Tehnika d.o.o. Jajce,Gold,Jajce,Srednjobosanski kanton,7,3,3,1,1,salon,prvi,,https://olx.ba/shops/VIBAU2021/aktivni
xvhggh,Haleco,Platinum,Jezero,Regija Banja Luka,0,0,0,0,18,neaktivan,prvi,,https://olx.ba/shops/xvhggh/aktivni
milan190000,Milan,Gold,Jezero,Regija Banja Luka,0,0,0,0,18,neaktivan,prvi,,https://olx.ba/shops/milan190000/aktivni
Davex123,Davex123,Platinum,Kakanj,Zeničko-dobojski kanton,2,0,0,0,18,neaktivan,prvi,,https://olx.ba/shops/Davex123/aktivni
Digitan,fNetflix,Platinum,Kakanj,Zeničko-dobojski kanton,1,0,0,0,18,neaktivan,prvi,,https://olx.ba/shops/Digitan/aktivni
Gugu_Robna,Gugu_Robna,Platinum,Kakanj,Zeničko-dobojski kanton,27,0,0,0,18,neaktivan,prvi,,https://olx.ba/shops/Gugu_Robna/aktivni
gutifufjxjwp,Jdjejfekjwsn,Platinum,Kakanj,Zeničko-dobojski kanton,0,0,0,0,18,neaktivan,prvi,,https://olx.ba/shops/gutifufjxjwp/aktivni
TR_COOL,Autodijelovi COOL,Platinum,Kakanj,Zeničko-dobojski kanton,15039,14933,0,0,17,dijelovi,prvi,,https://olx.ba/shops/TR_COOL/aktivni
Uwrriyeuyui,Uwrriyeuyui,Platinum,Kakanj,Zeničko-dobojski kanton,0,0,0,0,18,neaktivan,prvi,,https://olx.ba/shops/Uwrriyeuyui/aktivni
alme8921,Almedin,Gold,Kakanj,Zeničko-dobojski kanton,0,0,0,0,18,neaktivan,prvi,,https://olx.ba/shops/alme8921/aktivni
Arminibranvic,Arminibranvic8@gmail,Gold,Kakanj,Zeničko-dobojski kanton,0,0,0,0,18,neaktivan,prvi,,https://olx.ba/shops/Arminibranvic/aktivni
beco1407,BECIROVIC SABAHUDIN,Gold,Kakanj,Zeničko-dobojski kanton,3,2,2,1,1,salon,prvi,,https://olx.ba/shops/beco1407/aktivni
BestMedia,BestMedia,Gold,Kakanj,Zeničko-dobojski kanton,0,0,0,0,18,neaktivan,prvi,,https://olx.ba/shops/BestMedia/aktivni
bialll,Bilal,Gold,Kakanj,Zeničko-dobojski kanton,0,0,0,0,,neaktivan,prvi,,https://olx.ba/shops/bialll/aktivni
bosna1407,BECIROVIC SABAHUDIN,Gold,Kakanj,Zeničko-dobojski kanton,5,5,5,1,1,salon,prvi,,https://olx.ba/shops/bosna1407/aktivni
brzi1407,BECIROVIC SABAHUDIN,Gold,Kakanj,Zeničko-dobojski kanton,1,0,0,0,17,neaktivan,prvi,,https://olx.ba/shops/brzi1407/aktivni
citytime2,Kod Reme,Gold,Kakanj,Zeničko-dobojski kanton,0,0,0,0,18,neaktivan,prvi,,https://olx.ba/shops/citytime2/aktivni
kara6898,Olxkupovina,Gold,Kakanj,Zeničko-dobojski kanton,0,0,0,0,18,neaktivan,prvi,,https://olx.ba/shops/kara6898/aktivni
MagnumAuto,AutoKinetic d.o.o.,Gold,Kakanj,Zeničko-dobojski kanton,10727,7528,0,0,17,dijelovi,prvi,,https://olx.ba/shops/MagnumAuto/aktivni
monky23145,Bronze Olx shop ,Gold,Kakanj,Zeničko-dobojski kanton,0,0,0,0,,neaktivan,prvi,,https://olx.ba/shops/monky23145/aktivni
Nemanja_stef,https://Nemanja_Stef.olx.ba,Gold,Kakanj,Zeničko-dobojski kanton,9,0,0,0,18,neaktivan,prvi,,https://olx.ba/shops/Nemanja_stef/aktivni
sejdicalmedin,Mali. Biznis,Gold,Kakanj,Zeničko-dobojski kanton,0,0,0,0,,neaktivan,prvi,,https://olx.ba/shops/sejdicalmedin/aktivni
Velispahicanes,AV Gerüstbau/Skele+tribine,Gold,Kakanj,Zeničko-dobojski kanton,0,0,0,0,,neaktivan,prvi,,https://olx.ba/shops/Velispahicanes/aktivni
enesm862,eneam862,Platinum,Kalesija,Tuzlanski kanton,0,0,0,0,18,neaktivan,prvi,,https://olx.ba/shops/enesm862/aktivni
Info_Gamer,TR QC Game Vl. Delić Emir - infogamer,Platinum,Kalesija,Tuzlanski kanton,135,0,0,0,18,neaktivan,prvi,,https://olx.ba/shops/Info_Gamer/aktivni
irfan_irfan,Irfan,Platinum,Kalesija,Tuzlanski kanton,16,0,0,0,18,neaktivan,prvi,,https://olx.ba/shops/irfan_irfan/aktivni
Megatronba,T.R QC GAME VL. DELIĆ EMIR,Platinum,Kalesija,Tuzlanski kanton,9870,9981,0,0,18,nije_auto,prvi,shop_category_id nije 17 i histogram nema dominantnu kategoriju 928 (auto dijelovi); nema veze sa automobilima,https://olx.ba/shops/Megatronba/aktivni
PulseSync,Pulse Sync,Platinum,Kalesija,Tuzlanski kanton,1401,0,0,0,18,neaktivan,prvi,,https://olx.ba/shops/PulseSync/aktivni
senadhamzic,Senad Hamzić,Platinum,Kalesija,Tuzlanski kanton,0,0,0,0,18,neaktivan,prvi,,https://olx.ba/shops/senadhamzic/aktivni
SmartBH,QC-Game,Platinum,Kalesija,Tuzlanski kanton,2319,5,0,0,18,nije_auto,prvi,shop_category_id nije 17 i histogram nema dominantnu kategoriju 928 (auto dijelovi); nema veze sa automobilima,https://olx.ba/shops/SmartBH/aktivni
Tech_Up,TechUp,Platinum,Kalesija,Tuzlanski kanton,893,4,0,0,18,nije_auto,prvi,shop_category_id nije 17 i histogram nema dominantnu kategoriju 928 (auto dijelovi); nema veze sa automobilima,https://olx.ba/shops/Tech_Up/aktivni
trBaden,BADEN t.r.,Platinum,Kalesija,Tuzlanski kanton,277,274,0,0,18,nije_auto,prvi,shop_category_id nije 17 i histogram nema dominantnu kategoriju 928 (auto dijelovi); nema veze sa automobilima,https://olx.ba/shops/trBaden/aktivni
alfaaaa_adoo,Ajjjdooo,Gold,Kalesija,Tuzlanski kanton,2,0,0,0,17,neaktivan,prvi,,https://olx.ba/shops/alfaaaa_adoo/aktivni
allenn_akki1234,Allen_akki1234,Gold,Kalesija,Tuzlanski kanton,0,0,0,0,18,neaktivan,prvi,,https://olx.ba/shops/allenn_akki1234/aktivni
alupvc21,alupvc21,Gold,Kalesija,Tuzlanski kanton,67,65,0,0,18,nije_auto,prvi,shop_category_id nije 17 i histogram nema dominantnu kategoriju 928 (auto dijelovi); nema veze sa automobilima,https://olx.ba/shops/alupvc21/aktivni
BRACA_PEZIC,BRACA_PEZIC,Gold,Kalesija,Tuzlanski kanton,7,7,0,0,18,nije_auto,prvi,shop_category_id nije 17 i histogram nema dominantnu kategoriju 928 (auto dijelovi); nema veze sa automobilima,https://olx.ba/shops/BRACA_PEZIC/aktivni
brendauto,brendauto,Gold,Kalesija,Tuzlanski kanton,14,14,14,1,1,salon,prvi,,https://olx.ba/shops/brendauto/aktivni
Cargo_Deal,Cargo_Deal,Gold,Kalesija,Tuzlanski kanton,10,9,9,1,1,salon,prvi,,https://olx.ba/shops/Cargo_Deal/aktivni
DOOMESAAUTOMOBI,MESA AUTOMOBILI D.O.O. Kalesija,Gold,Kalesija,Tuzlanski kanton,15,14,14,1,1,salon,prvi,,https://olx.ba/shops/DOOMESAAUTOMOBI/aktivni
Doopoljosemir,VrtniCentarSema,Gold,Kalesija,Tuzlanski kanton,20,20,20,1,1,salon,prvi,,https://olx.ba/shops/Doopoljosemir/aktivni
Dzenannshop,Hodzic_77,Gold,Kalesija,Tuzlanski kanton,0,0,0,0,,neaktivan,prvi,,https://olx.ba/shops/Dzenannshop/aktivni
EdoAutoKalesija,EdoAutoKalesija,Gold,Kalesija,Tuzlanski kanton,25,24,24,1,1,salon,prvi,,https://olx.ba/shops/EdoAutoKalesija/aktivni
emir76,IBEM KOMERC DOO,Gold,Kalesija,Tuzlanski kanton,21,20,20,1,1,salon,prvi,,https://olx.ba/shops/emir76/aktivni
faziilaa,Šarko.199.2023,Gold,Kalesija,Tuzlanski kanton,0,0,0,0,,neaktivan,prvi,,https://olx.ba/shops/faziilaa/aktivni
Iman_Transporti,Iman Transporti,Gold,Kalesija,Tuzlanski kanton,6,6,6,1,1,salon,prvi,,https://olx.ba/shops/Iman_Transporti/aktivni
IzetaPalos22,IzetaIzi,Gold,Kalesija,Tuzlanski kanton,0,0,0,0,18,neaktivan,prvi,,https://olx.ba/shops/IzetaPalos22/aktivni
manoard_bih,manoard_bih,Gold,Kalesija,Tuzlanski kanton,33,5,0,0,18,nije_auto,prvi,shop_category_id nije 17 i histogram nema dominantnu kategoriju 928 (auto dijelovi); nema veze sa automobilima,https://olx.ba/shops/manoard_bih/aktivni
MiniShop_BA,MiniShop_BA,Gold,Kalesija,Tuzlanski kanton,0,0,0,0,18,neaktivan,prvi,,https://olx.ba/shops/MiniShop_BA/aktivni
munjaauto,AUTO SALON &quot;MUNJA&quot;,Gold,Kalesija,Tuzlanski kanton,10,9,9,1,1,salon,prvi,,https://olx.ba/shops/munjaauto/aktivni
pahulja2222,pahulja2222,Gold,Kalesija,Tuzlanski kanton,0,0,0,0,18,neaktivan,prvi,,https://olx.ba/shops/pahulja2222/aktivni
ppppet,Macke ,Gold,Kalesija,Tuzlanski kanton,0,0,0,0,,neaktivan,prvi,,https://olx.ba/shops/ppppet/aktivni
Prodaja_onlShop,Online Prodaja,Gold,Kalesija,Tuzlanski kanton,0,0,0,0,18,neaktivan,prvi,,https://olx.ba/shops/Prodaja_onlShop/aktivni
Ratkorale99,Hororo,Gold,Kalinovik,Regija Trebinje,0,0,0,0,18,neaktivan,prvi,,https://olx.ba/shops/Ratkorale99/aktivni
ACADI,ACADI,Platinum,Kiseljak,Srednjobosanski kanton,31,22,22,1,1,salon,prvi,,https://olx.ba/shops/ACADI/aktivni
ATCautoimport,"ATC d.o.o. Kiseljak , Potkraj bb , Kiseljak",Platinum,Kiseljak,Srednjobosanski kanton,11,11,11,1,1,salon,prvi,,https://olx.ba/shops/ATCautoimport/aktivni
Auto88,Tr. AUTO 88 Kiseljak,Platinum,Kiseljak,Srednjobosanski kanton,5,5,5,1,1,salon,prvi,,https://olx.ba/shops/Auto88/aktivni
AutoOtpadSefer,AUTO OTPAD SEFER,Platinum,Kiseljak,Srednjobosanski kanton,13803,13726,0,0,17,dijelovi,prvi,,https://olx.ba/shops/AutoOtpadSefer/aktivni
autootpadvujica,Auto otpad &quot;VUJICA&quot;,Platinum,Kiseljak,Srednjobosanski kanton,16288,16272,0,0,17,dijelovi,prvi,,https://olx.ba/shops/autootpadvujica/aktivni
BARAUTO,BAR-FLOOR d.o.o. Kiseljak je registrovana u ulici Obala hrvatske mladezi 31,Platinum,Kiseljak,Srednjobosanski kanton,20,19,19,1,1,salon,prvi,,https://olx.ba/shops/BARAUTO/aktivni
BARFLOOR,BAR-FLOOR d.o.o. Kiseljak je registrovana u ulici Obala hrvatske mladezi 31,Platinum,Kiseljak,Srednjobosanski kanton,32,32,0,0,2,nije_auto,prvi,shop_category_id nije 17 i histogram nema dominantnu kategoriju 928 (auto dijelovi); nema veze sa automobilima,https://olx.ba/shops/BARFLOOR/aktivni
CarTechKis,"TR. Car-Tech, 7125 Kiseljak, Josipa Jelacica br.87",Platinum,Kiseljak,Srednjobosanski kanton,527,474,0,0,17,dijelovi,prvi,,https://olx.ba/shops/CarTechKis/aktivni
CiDkiseljak,C&D,Platinum,Kiseljak,Srednjobosanski kanton,1446,1245,0,0,18,nije_auto,prvi,shop_category_id nije 17 i histogram nema dominantnu kategoriju 928 (auto dijelovi); nema veze sa automobilima,https://olx.ba/shops/CiDkiseljak/aktivni
dopertech,Doper-Tech Doper-Tehnologije doo,Platinum,Kiseljak,Srednjobosanski kanton,7510,2295,0,0,18,nije_auto,prvi,shop_category_id nije 17 i histogram nema dominantnu kategoriju 928 (auto dijelovi); nema veze sa automobilima,https://olx.ba/shops/dopertech/aktivni
ExtraCarsKis,Extra Cars,Platinum,Kiseljak,Srednjobosanski kanton,3,4,4,1,1,salon,prvi,,https://olx.ba/shops/ExtraCarsKis/aktivni
makskise,NiF Commerce Maks doo Kiseljak,Platinum,Kiseljak,Srednjobosanski kanton,449,328,0,0,18,nije_auto,prvi,shop_category_id nije 17 i histogram nema dominantnu kategoriju 928 (auto dijelovi); nema veze sa automobilima,https://olx.ba/shops/makskise/aktivni
MIBauto,MIB Auto,Platinum,Kiseljak,Srednjobosanski kanton,26,24,24,1,1,salon,prvi,,https://olx.ba/shops/MIBauto/aktivni
NextAuto,Next Auto,Platinum,Kiseljak,Srednjobosanski kanton,43,43,43,1,1,salon,prvi,,https://olx.ba/shops/NextAuto/aktivni
P_AUTO,P_AUTO,Platinum,Kiseljak,Srednjobosanski kanton,7,7,7,1,1,salon,prvi,,https://olx.ba/shops/P_AUTO/aktivni
Pro_shoping,Pro_shoping,Platinum,Kiseljak,Srednjobosanski kanton,0,0,0,0,,neaktivan,prvi,,https://olx.ba/shops/Pro_shoping/aktivni
SERO_AUTO,ŠERO CENTAR AUTO DOO,Platinum,Kiseljak,Srednjobosanski kanton,5,7,7,1,1,salon,prvi,,https://olx.ba/shops/SERO_AUTO/aktivni
smajiccommerce,SC EXLUSIVE DOO,Platinum,Kiseljak,Srednjobosanski kanton,25,23,23,1,1,salon,prvi,,https://olx.ba/shops/smajiccommerce/aktivni
TelevizoriBa,Televizori.ba,Platinum,Kiseljak,Srednjobosanski kanton,446,436,0,0,18,nije_auto,prvi,shop_category_id nije 17 i histogram nema dominantnu kategoriju 928 (auto dijelovi); nema veze sa automobilima,https://olx.ba/shops/TelevizoriBa/aktivni
Torkks,TORKKS d.o.o. Kiseljak,Platinum,Kiseljak,Srednjobosanski kanton,499,0,0,0,18,neaktivan,prvi,,https://olx.ba/shops/Torkks/aktivni
ACKameni,ACKameni,Gold,Kiseljak,Srednjobosanski kanton,5,5,5,1,1,salon,prvi,,https://olx.ba/shops/ACKameni/aktivni
AdisCicak88,AdisCicak,Gold,Kiseljak,Srednjobosanski kanton,1,0,0,0,17,neaktivan,prvi,,https://olx.ba/shops/AdisCicak88/aktivni
arnel23224,Nista,Gold,Kiseljak,Srednjobosanski kanton,0,0,0,0,18,neaktivan,prvi,,https://olx.ba/shops/arnel23224/aktivni
AUTOJASA,AUTO JASA,Gold,Kiseljak,Srednjobosanski kanton,5,5,5,1,1,salon,prvi,,https://olx.ba/shops/AUTOJASA/aktivni
automerc_skoro,Automerc Škoro d.o.o.,Gold,Kiseljak,Srednjobosanski kanton,44,44,0,0,17,dijelovi,prvi,,https://olx.ba/shops/automerc_skoro/aktivni
AutootpadBuzuk,Auto otpad Buzuk,Gold,Kiseljak,Srednjobosanski kanton,3093,3111,0,0,17,dijelovi,prvi,,https://olx.ba/shops/AutootpadBuzuk/aktivni
AutoOtpadPAVO,AutoOtpadPAVO,Gold,Kiseljak,Srednjobosanski kanton,2139,2138,0,0,17,dijelovi,prvi,,https://olx.ba/shops/AutoOtpadPAVO/aktivni
autoprodaja10,&quot;AUTOPRODAJA 10&quot;,Gold,Kiseljak,Srednjobosanski kanton,2,0,0,0,1,neaktivan,prvi,,https://olx.ba/shops/autoprodaja10/aktivni
BARMIX,AC BAR-MIX,Gold,Kiseljak,Srednjobosanski kanton,18,19,19,1,1,salon,prvi,,https://olx.ba/shops/BARMIX/aktivni
BlueStar_,Tr Blue Star,Gold,Kiseljak,Srednjobosanski kanton,1188,1187,0,0,18,nije_auto,prvi,shop_category_id nije 17 i histogram nema dominantnu kategoriju 928 (auto dijelovi); nema veze sa automobilima,https://olx.ba/shops/BlueStar_/aktivni
Brestovsko_,B Tim,Gold,Kiseljak,Srednjobosanski kanton,17,17,0,0,18,nije_auto,prvi,shop_category_id nije 17 i histogram nema dominantnu kategoriju 928 (auto dijelovi); nema veze sa automobilima,https://olx.ba/shops/Brestovsko_/aktivni
CraftdooKis,CraftdooKis,Gold,Kiseljak,Srednjobosanski kanton,8,8,0,0,2,nije_auto,prvi,shop_category_id nije 17 i histogram nema dominantnu kategoriju 928 (auto dijelovi); nema veze sa automobilima,https://olx.ba/shops/CraftdooKis/aktivni
DunoM,DunoM,Gold,Kiseljak,Srednjobosanski kanton,8,9,9,1,1,salon,prvi,,https://olx.ba/shops/DunoM/aktivni
EuroSportApc,Euro Sport d.o.o Apc,Gold,Kiseljak,Srednjobosanski kanton,451,451,0,0,18,nije_auto,prvi,shop_category_id nije 17 i histogram nema dominantnu kategoriju 928 (auto dijelovi); nema veze sa automobilima,https://olx.ba/shops/EuroSportApc/aktivni
LT_Industries,Antić d.o.o,Gold,Kiseljak,Srednjobosanski kanton,37,25,0,0,18,nije_auto,prvi,shop_category_id nije 17 i histogram nema dominantnu kategoriju 928 (auto dijelovi); nema veze sa automobilima,https://olx.ba/shops/LT_Industries/aktivni
MAKONS,makons3,Gold,Kiseljak,Srednjobosanski kanton,7,5,5,1,1,salon,prvi,,https://olx.ba/shops/MAKONS/aktivni
Miltom_doo,Miltom_doo,Gold,Kiseljak,Srednjobosanski kanton,85,84,0,0,17,dijelovi,prvi,,https://olx.ba/shops/Miltom_doo/aktivni
Tradelli,Tradelli doo,Gold,Kiseljak,Srednjobosanski kanton,46,46,0,0,18,nije_auto,prvi,shop_category_id nije 17 i histogram nema dominantnu kategoriju 928 (auto dijelovi); nema veze sa automobilima,https://olx.ba/shops/Tradelli/aktivni
VIP_AUTO,Ivanaa2022,Gold,Kiseljak,Srednjobosanski kanton,18,16,16,1,1,salon,prvi,,https://olx.ba/shops/VIP_AUTO/aktivni
Xlakyyy,Online Shop,Gold,Kiseljak,Srednjobosanski kanton,6,0,0,0,18,neaktivan,prvi,,https://olx.ba/shops/Xlakyyy/aktivni
zoks81,Auto otpad ZOKS,Gold,Kiseljak,Srednjobosanski kanton,2244,2243,0,0,17,dijelovi,prvi,,https://olx.ba/shops/zoks81/aktivni
zucoo123,zucoo,Gold,Kiseljak,Srednjobosanski kanton,0,0,0,0,18,neaktivan,prvi,,https://olx.ba/shops/zucoo123/aktivni
ammar0987654321,Ammar7392,Platinum,Kladanj,Tuzlanski kanton,0,0,0,0,18,neaktivan,prvi,,https://olx.ba/shops/ammar0987654321/aktivni
castellani,castellani,Platinum,Kladanj,Tuzlanski kanton,0,0,0,0,18,neaktivan,prvi,,https://olx.ba/shops/castellani/aktivni
NERMIN6890,NERMIN6890,Platinum,Kladanj,Tuzlanski kanton,0,0,0,0,18,neaktivan,prvi,,https://olx.ba/shops/NERMIN6890/aktivni
zagurc,zagurc,Gold,Kladanj,Tuzlanski kanton,0,0,0,0,,neaktivan,prvi,,https://olx.ba/shops/zagurc/aktivni
Arlind12,Arlind12,Platinum,Ključ,Unsko-sanski kanton,0,0,0,0,18,neaktivan,prvi,,https://olx.ba/shops/Arlind12/aktivni
amirgolf4,golf 4,Gold,Ključ,Unsko-sanski kanton,14,14,14,1,1,salon,prvi,,https://olx.ba/shops/amirgolf4/aktivni
Cuba2jz,Cuba,Gold,Ključ,Unsko-sanski kanton,0,0,0,0,18,neaktivan,prvi,,https://olx.ba/shops/Cuba2jz/aktivni
DOOPLATINUM,"D.o.o. ""Platinum""",Gold,Ključ,Unsko-sanski kanton,3,0,0,0,18,neaktivan,prvi,,https://olx.ba/shops/DOOPLATINUM/aktivni
EaForest,EaGroup,Gold,Ključ,Unsko-sanski kanton,71,0,0,0,18,neaktivan,prvi,,https://olx.ba/shops/EaForest/aktivni
EaGroup,HardenBa,Gold,Ključ,Unsko-sanski kanton,560,1,0,0,18,nije_auto,prvi,shop_category_id nije 17 i histogram nema dominantnu kategoriju 928 (auto dijelovi); nema veze sa automobilima,https://olx.ba/shops/EaGroup/aktivni
eMuhedinovic,emu.ba,Gold,Ključ,Unsko-sanski kanton,7,7,0,0,18,nije_auto,prvi,shop_category_id nije 17 i histogram nema dominantnu kategoriju 928 (auto dijelovi); nema veze sa automobilima,https://olx.ba/shops/eMuhedinovic/aktivni
Knele668,Knele668,Gold,Ključ,Unsko-sanski kanton,0,0,0,0,,neaktivan,prvi,,https://olx.ba/shops/Knele668/aktivni
ljiljani_ba,ljiljani.ba,Gold,Ključ,Unsko-sanski kanton,254,240,0,0,18,nije_auto,prvi,shop_category_id nije 17 i histogram nema dominantnu kategoriju 928 (auto dijelovi); nema veze sa automobilima,https://olx.ba/shops/ljiljani_ba/aktivni
OgradeElax,Ograde ELAX,Gold,Ključ,Unsko-sanski kanton,30,27,0,0,18,nije_auto,prvi,shop_category_id nije 17 i histogram nema dominantnu kategoriju 928 (auto dijelovi); nema veze sa automobilima,https://olx.ba/shops/OgradeElax/aktivni
PowerSport,PowerSport,Gold,Ključ,Unsko-sanski kanton,54,0,0,0,17,neaktivan,prvi,,https://olx.ba/shops/PowerSport/aktivni
progaminggshop,gaming prodaja,Gold,Ključ,Unsko-sanski kanton,0,2,0,0,,nije_auto,prvi,shop_category_id nije 17 i histogram nema dominantnu kategoriju 928 (auto dijelovi); nema veze sa automobilima,https://olx.ba/shops/progaminggshop/aktivni
nada09987,Nada,Platinum,Kneževo,Regija Banja Luka,0,0,0,0,18,neaktivan,prvi,,https://olx.ba/shops/nada09987/aktivni
sodolovicnada,Igor?,Platinum,Kneževo,Regija Banja Luka,0,0,0,0,18,neaktivan,prvi,,https://olx.ba/shops/sodolovicnada/aktivni
Hurem75,Hurem75,Platinum,Konjic,Hercegovačko-neretvanski kanton,1,0,0,0,18,neaktivan,prvi,,https://olx.ba/shops/Hurem75/aktivni
Mistery127,Myster1,Platinum,Konjic,Hercegovačko-neretvanski kanton,2,0,0,0,17,neaktivan,prvi,,https://olx.ba/shops/Mistery127/aktivni
AquaBalkan,AquaBalkan d.o.o,Gold,Konjic,Hercegovačko-neretvanski kanton,2229,2228,0,0,18,nije_auto,prvi,shop_category_id nije 17 i histogram nema dominantnu kategoriju 928 (auto dijelovi); nema veze sa automobilima,https://olx.ba/shops/AquaBalkan/aktivni
Aroks,Man,Gold,Konjic,Hercegovačko-neretvanski kanton,0,0,0,0,18,neaktivan,prvi,,https://olx.ba/shops/Aroks/aktivni
brajo87,Balkan kamen,Gold,Konjic,Hercegovačko-neretvanski kanton,2,0,0,0,18,neaktivan,prvi,,https://olx.ba/shops/brajo87/aktivni
Kdkdkdkr,Orhavica,Gold,Konjic,Hercegovačko-neretvanski kanton,0,0,0,0,18,neaktivan,prvi,,https://olx.ba/shops/Kdkdkdkr/aktivni
sejokonjic,sejokonjic,Gold,Konjic,Hercegovačko-neretvanski kanton,482,482,0,0,17,dijelovi,prvi,,https://olx.ba/shops/sejokonjic/aktivni
Semso19656,Olx,Gold,Konjic,Hercegovačko-neretvanski kanton,0,0,0,0,18,neaktivan,prvi,,https://olx.ba/shops/Semso19656/aktivni
KING_AUTOMOBILI,KING AUTOMOBILI,Gold,Kostajnica,Regija Prijedor,11,10,10,1,1,salon,prvi,,https://olx.ba/shops/KING_AUTOMOBILI/aktivni
Mileauto,MILEAUTO,Gold,Kostajnica,Regija Prijedor,10,10,10,1,1,salon,prvi,,https://olx.ba/shops/Mileauto/aktivni
Sreckoles,Suncica22,Gold,Kostajnica,Regija Prijedor,0,0,0,0,18,neaktivan,prvi,,https://olx.ba/shops/Sreckoles/aktivni
David529,David45,Platinum,Kotor Varoš,Regija Banja Luka,0,0,0,0,18,neaktivan,prvi,,https://olx.ba/shops/David529/aktivni
Emstil,Emstil,Platinum,Kotor Varoš,Regija Banja Luka,5410,5181,0,0,18,nije_auto,prvi,shop_category_id nije 17 i histogram nema dominantnu kategoriju 928 (auto dijelovi); nema veze sa automobilima,https://olx.ba/shops/Emstil/aktivni
Milana_m,nemam firmu,Platinum,Kotor Varoš,Regija Banja Luka,0,0,0,0,18,neaktivan,prvi,,https://olx.ba/shops/Milana_m/aktivni
Fenixx527,Pik.ba,Gold,Kotor Varoš,Regija Banja Luka,0,0,0,0,18,neaktivan,prvi,,https://olx.ba/shops/Fenixx527/aktivni
GRADJUSAPARTMAN,GRADJUSAPARTMAN,Gold,Kotor Varoš,Regija Banja Luka,1,0,0,0,18,neaktivan,prvi,,https://olx.ba/shops/GRADJUSAPARTMAN/aktivni
imte55,Ermin Husic,Gold,Kotor Varoš,Regija Banja Luka,1,1,0,0,18,nije_auto,prvi,shop_category_id nije 17 i histogram nema dominantnu kategoriju 928 (auto dijelovi); nema veze sa automobilima,https://olx.ba/shops/imte55/aktivni
Intepexx,EP AUTO,Gold,Kotor Varoš,Regija Banja Luka,4,3,3,1,1,salon,prvi,,https://olx.ba/shops/Intepexx/aktivni
MAMOTORS,MA MOTORS TRADE D.O.O.,Gold,Kotor Varoš,Regija Banja Luka,20,20,20,1,1,salon,prvi,,https://olx.ba/shops/MAMOTORS/aktivni
mediaMAX,mediaMAX,Gold,Kotor Varoš,Regija Banja Luka,147,147,0,0,18,nije_auto,prvi,shop_category_id nije 17 i histogram nema dominantnu kategoriju 928 (auto dijelovi); nema veze sa automobilima,https://olx.ba/shops/mediaMAX/aktivni
reprodukuj,VBDŽ,Gold,Kotor Varoš,Regija Banja Luka,0,0,0,0,,neaktivan,prvi,,https://olx.ba/shops/reprodukuj/aktivni
RISTO_DIJELOVI,RISTONI,Gold,Kotor Varoš,Regija Banja Luka,0,0,0,0,18,neaktivan,prvi,,https://olx.ba/shops/RISTO_DIJELOVI/aktivni
SAJOMC,SASAMARIC6 ,Gold,Kotor Varoš,Regija Banja Luka,0,0,0,0,,neaktivan,prvi,,https://olx.ba/shops/SAJOMC/aktivni
SAJOMC9,SASAMARIC6 ,Gold,Kotor Varoš,Regija Banja Luka,0,0,0,0,,neaktivan,prvi,,https://olx.ba/shops/SAJOMC9/aktivni
TEHNOMONT_KV,TEHNOMONT_KV,Gold,Kotor Varoš,Regija Banja Luka,24,24,0,0,18,nije_auto,prvi,shop_category_id nije 17 i histogram nema dominantnu kategoriju 928 (auto dijelovi); nema veze sa automobilima,https://olx.ba/shops/TEHNOMONT_KV/aktivni
Aco2025,https://Aco2025.old.ba,Platinum,Kozarska Dubica,Regija Prijedor,2,0,0,0,17,neaktivan,prvi,,https://olx.ba/shops/Aco2025/aktivni
Fermendi,ASIA D.O.O,Platinum,Kozarska Dubica,Regija Prijedor,11,11,0,0,2,nije_auto,prvi,shop_category_id nije 17 i histogram nema dominantnu kategoriju 928 (auto dijelovi); nema veze sa automobilima,https://olx.ba/shops/Fermendi/aktivni
AutoUna24,"Auto kuća ""Auto Una"" s.p.",Gold,Kozarska Dubica,Regija Prijedor,6,6,6,1,1,salon,prvi,,https://olx.ba/shops/AutoUna24/aktivni
BaneBaneBane82,BaneBaneBane82,Gold,Kozarska Dubica,Regija Prijedor,0,0,0,0,,neaktivan,prvi,,https://olx.ba/shops/BaneBaneBane82/aktivni
dubgarden17,"""DUB-GARDEN"" d.o.o.",Gold,Kozarska Dubica,Regija Prijedor,11,11,0,0,18,nije_auto,prvi,shop_category_id nije 17 i histogram nema dominantnu kategoriju 928 (auto dijelovi); nema veze sa automobilima,https://olx.ba/shops/dubgarden17/aktivni
Markohahaha,Markohahaha,Gold,Kozarska Dubica,Regija Prijedor,0,0,0,0,,neaktivan,prvi,,https://olx.ba/shops/Markohahaha/aktivni
Miladin4532,Miladin mićo,Gold,Kozarska Dubica,Regija Prijedor,1,0,0,0,18,neaktivan,prvi,,https://olx.ba/shops/Miladin4532/aktivni
NINO1805,N.P NINO1805,Gold,Kozarska Dubica,Regija Prijedor,668,576,0,0,18,nije_auto,prvi,shop_category_id nije 17 i histogram nema dominantnu kategoriju 928 (auto dijelovi); nema veze sa automobilima,https://olx.ba/shops/NINO1805/aktivni
Jdjddjdjdjsj,Jdjddjdjdjsj,Gold,Kreševo,Srednjobosanski kanton,0,0,0,0,18,neaktivan,prvi,,https://olx.ba/shops/Jdjddjdjdjsj/aktivni
NovaMarket,NovaMarket,Gold,Kupres,Kanton 10,2,0,0,0,18,neaktivan,prvi,,https://olx.ba/shops/NovaMarket/aktivni
AUTOMANDIC,Premiumauto,Platinum,Laktaši,Regija Banja Luka,2,2,2,1,1,salon,prvi,,https://olx.ba/shops/AUTOMANDIC/aktivni
AUTOOTPADPOLIC,djelovi sale,Platinum,Laktaši,Regija Banja Luka,7545,7544,0,0,17,dijelovi,prvi,,https://olx.ba/shops/AUTOOTPADPOLIC/aktivni
bmwm,AC Milinkovic,Platinum,Laktaši,Regija Banja Luka,3,3,3,1,1,salon,prvi,,https://olx.ba/shops/bmwm/aktivni
cargoprom,cargoprom,Platinum,Laktaši,Regija Banja Luka,7,7,7,1,1,salon,prvi,,https://olx.ba/shops/cargoprom/aktivni
coss7897,Mark,Platinum,Laktaši,Regija Banja Luka,0,0,0,0,18,neaktivan,prvi,,https://olx.ba/shops/coss7897/aktivni
Darkwoodkamini,Darkwood SP,Platinum,Laktaši,Regija Banja Luka,237,236,0,0,18,nije_auto,prvi,shop_category_id nije 17 i histogram nema dominantnu kategoriju 928 (auto dijelovi); nema veze sa automobilima,https://olx.ba/shops/Darkwoodkamini/aktivni
DraganaMakaric,Gavrić,Platinum,Laktaši,Regija Banja Luka,0,0,0,0,18,neaktivan,prvi,,https://olx.ba/shops/DraganaMakaric/aktivni
kupujodkuce,AM TRADING Milan Dukic s.p. Laktasi,Platinum,Laktaši,Regija Banja Luka,2518,1877,0,0,18,nije_auto,prvi,shop_category_id nije 17 i histogram nema dominantnu kategoriju 928 (auto dijelovi); nema veze sa automobilima,https://olx.ba/shops/kupujodkuce/aktivni
MOTOCENTAR,MARKETAUTO_MOTO,Platinum,Laktaši,Regija Banja Luka,127,124,124,1,1,salon,prvi,,https://olx.ba/shops/MOTOCENTAR/aktivni
NINECOSolutions,NINECO Solutions d.o.o.,Platinum,Laktaši,Regija Banja Luka,125,119,0,0,2,nije_auto,prvi,shop_category_id nije 17 i histogram nema dominantnu kategoriju 928 (auto dijelovi); nema veze sa automobilima,https://olx.ba/shops/NINECOSolutions/aktivni
ProdajaPanela,ProdajaPanela,Platinum,Laktaši,Regija Banja Luka,6,3,0,0,18,nije_auto,prvi,shop_category_id nije 17 i histogram nema dominantnu kategoriju 928 (auto dijelovi); nema veze sa automobilima,https://olx.ba/shops/ProdajaPanela/aktivni
Radovanovicpp,Radovanovicpp,Platinum,Laktaši,Regija Banja Luka,1,1,0,0,18,nije_auto,prvi,shop_category_id nije 17 i histogram nema dominantnu kategoriju 928 (auto dijelovi); nema veze sa automobilima,https://olx.ba/shops/Radovanovicpp/aktivni
RossiAuto,RossiAuto,Platinum,Laktaši,Regija Banja Luka,8,8,7,0.875,1,salon,prvi,,https://olx.ba/shops/RossiAuto/aktivni
alatiproagro,AGRO PLUS NEBOJSA VASILIC SP,Gold,Laktaši,Regija Banja Luka,241,5,0,0,18,nije_auto,prvi,shop_category_id nije 17 i histogram nema dominantnu kategoriju 928 (auto dijelovi); nema veze sa automobilima,https://olx.ba/shops/alatiproagro/aktivni
aleksa2902,Aleksa2901,Gold,Laktaši,Regija Banja Luka,0,0,0,0,18,neaktivan,prvi,,https://olx.ba/shops/aleksa2902/aktivni
argdoo1,argdoo1,Gold,Laktaši,Regija Banja Luka,5,4,4,1,1,salon,prvi,,https://olx.ba/shops/argdoo1/aktivni
ASCO_BH,ASCO BH doo,Gold,Laktaši,Regija Banja Luka,5,5,0,0,18,nije_auto,prvi,shop_category_id nije 17 i histogram nema dominantnu kategoriju 928 (auto dijelovi); nema veze sa automobilima,https://olx.ba/shops/ASCO_BH/aktivni
Autodijelovi33,Autodijelovi33,Gold,Laktaši,Regija Banja Luka,1065,1065,0,0,17,dijelovi,prvi,,https://olx.ba/shops/Autodijelovi33/aktivni
BIROTON,BIROTON d.o.o.,Gold,Laktaši,Regija Banja Luka,50,49,0,0,18,nije_auto,prvi,shop_category_id nije 17 i histogram nema dominantnu kategoriju 928 (auto dijelovi); nema veze sa automobilima,https://olx.ba/shops/BIROTON/aktivni
BrandingFurni,Brendiranje Opremanje,Gold,Laktaši,Regija Banja Luka,33,33,0,0,18,nije_auto,prvi,shop_category_id nije 17 i histogram nema dominantnu kategoriju 928 (auto dijelovi); nema veze sa automobilima,https://olx.ba/shops/BrandingFurni/aktivni
Brogdoo,Brog doo,Gold,Laktaši,Regija Banja Luka,31,1,0,0,18,nije_auto,prvi,shop_category_id nije 17 i histogram nema dominantnu kategoriju 928 (auto dijelovi); nema veze sa automobilima,https://olx.ba/shops/Brogdoo/aktivni
CarXchange,CarXchange,Gold,Laktaši,Regija Banja Luka,0,0,0,0,,neaktivan,prvi,,https://olx.ba/shops/CarXchange/aktivni
CastraPet,CastraPet,Gold,Laktaši,Regija Banja Luka,14,14,0,0,18,nije_auto,prvi,shop_category_id nije 17 i histogram nema dominantnu kategoriju 928 (auto dijelovi); nema veze sa automobilima,https://olx.ba/shops/CastraPet/aktivni
Dado_vucetic,Pik,Gold,Laktaši,Regija Banja Luka,0,0,0,0,18,neaktivan,prvi,,https://olx.ba/shops/Dado_vucetic/aktivni
DS_Cargo,DS_Cargo,Gold,Laktaši,Regija Banja Luka,867,868,0,0,17,dijelovi,prvi,,https://olx.ba/shops/DS_Cargo/aktivni
EUROMODUS,EUROMODUS doo,Gold,Laktaši,Regija Banja Luka,9,8,8,1,1,salon,prvi,,https://olx.ba/shops/EUROMODUS/aktivni
gumeDisAndA,gumeDisAndA,Gold,Laktaši,Regija Banja Luka,550,550,0,0,17,dijelovi,prvi,,https://olx.ba/shops/gumeDisAndA/aktivni
Majice_Lobby,Lobby d.o.o.,Gold,Laktaši,Regija Banja Luka,0,0,0,0,18,neaktivan,prvi,,https://olx.ba/shops/Majice_Lobby/aktivni
MARKETAUTO,MARKETAUTO DOO,Gold,Laktaši,Regija Banja Luka,33,32,32,1,1,salon,prvi,,https://olx.ba/shops/MARKETAUTO/aktivni
MDBAUDOM,MDBAUDOM,Gold,Laktaši,Regija Banja Luka,10,0,0,0,18,neaktivan,prvi,,https://olx.ba/shops/MDBAUDOM/aktivni
milanmican,Adeo s.p.,Gold,Laktaši,Regija Banja Luka,47,45,0,0,18,nije_auto,prvi,shop_category_id nije 17 i histogram nema dominantnu kategoriju 928 (auto dijelovi); nema veze sa automobilima,https://olx.ba/shops/milanmican/aktivni
mitar1697,Mitarmisic,Gold,Laktaši,Regija Banja Luka,0,0,0,0,18,neaktivan,prvi,,https://olx.ba/shops/mitar1697/aktivni
niko93,niko93,Gold,Laktaši,Regija Banja Luka,2547,2547,0,0,17,dijelovi,prvi,,https://olx.ba/shops/niko93/aktivni
shanja12,Prodaja,Gold,Laktaši,Regija Banja Luka,0,0,0,0,18,neaktivan,prvi,,https://olx.ba/shops/shanja12/aktivni
sinoma89ja,Sonima67,Gold,Laktaši,Regija Banja Luka,0,0,0,0,,neaktivan,prvi,,https://olx.ba/shops/sinoma89ja/aktivni
sisma_doo,Sisma d.o.o.,Gold,Laktaši,Regija Banja Luka,27,27,0,0,18,nije_auto,prvi,shop_category_id nije 17 i histogram nema dominantnu kategoriju 928 (auto dijelovi); nema veze sa automobilima,https://olx.ba/shops/sisma_doo/aktivni
soho_doo,Soho doo,Gold,Laktaši,Regija Banja Luka,35,0,0,0,18,neaktivan,prvi,,https://olx.ba/shops/soho_doo/aktivni
SpasaM55,Silver Iptv,Gold,Laktaši,Regija Banja Luka,0,0,0,0,18,neaktivan,prvi,,https://olx.ba/shops/SpasaM55/aktivni
svcompanydoo,svcompanydoo,Gold,Laktaši,Regija Banja Luka,14,16,15,0.9375,1,salon,prvi,,https://olx.ba/shops/svcompanydoo/aktivni
vanadijumdoo,Vanadijum Company d.o.o. Laktaši - LINDE MH,Gold,Laktaši,Regija Banja Luka,21,21,0,0,18,nije_auto,prvi,shop_category_id nije 17 i histogram nema dominantnu kategoriju 928 (auto dijelovi); nema veze sa automobilima,https://olx.ba/shops/vanadijumdoo/aktivni
VETEKSdoo,Veteks d.o.o.,Gold,Laktaši,Regija Banja Luka,16,0,0,0,18,neaktivan,prvi,,https://olx.ba/shops/VETEKSdoo/aktivni
zvoncic50,Ratkovic,Gold,Laktaši,Regija Banja Luka,3,0,0,0,17,neaktivan,prvi,,https://olx.ba/shops/zvoncic50/aktivni
Bornac,Bornac,Platinum,Livno,Kanton 10,0,0,0,0,18,neaktivan,prvi,,https://olx.ba/shops/Bornac/aktivni
MultiTechDoo,MultiTechLivno,Platinum,Livno,Kanton 10,0,0,0,0,,neaktivan,prvi,,https://olx.ba/shops/MultiTechDoo/aktivni
Zdravko_curko,Zdravko,Platinum,Livno,Kanton 10,1,0,0,0,18,neaktivan,prvi,,https://olx.ba/shops/Zdravko_curko/aktivni
ferotermo,ferotermo,Gold,Livno,Kanton 10,0,0,0,0,2,neaktivan,prvi,,https://olx.ba/shops/ferotermo/aktivni
gdjjkurd67,Agkkktesy,Gold,Livno,Kanton 10,0,0,0,0,18,neaktivan,prvi,,https://olx.ba/shops/gdjjkurd67/aktivni
Kokarda66o,Kokoši,Gold,Livno,Kanton 10,0,0,0,0,18,neaktivan,prvi,,https://olx.ba/shops/Kokarda66o/aktivni
Kokito5555,Kokoši,Gold,Livno,Kanton 10,0,0,0,0,18,neaktivan,prvi,,https://olx.ba/shops/Kokito5555/aktivni
MostafaEid,MostafaEid,Gold,Livno,Kanton 10,0,0,0,0,18,neaktivan,prvi,,https://olx.ba/shops/MostafaEid/aktivni
ricarilson,Neum,Gold,Livno,Kanton 10,0,0,0,0,,neaktivan,prvi,,https://olx.ba/shops/ricarilson/aktivni
shoppingpavic22,"Pavić doo, Žabljak",Gold,Livno,Kanton 10,7,7,0,0,17,dijelovi,prvi,,https://olx.ba/shops/shoppingpavic22/aktivni
Stara_Stala1962,Stara_Stala1962,Gold,Livno,Kanton 10,19,18,18,1,1,salon,prvi,,https://olx.ba/shops/Stara_Stala1962/aktivni
pavle_dangubic,pavle_dangubic,Platinum,Ljubinje,Regija Trebinje,0,0,0,0,18,neaktivan,prvi,,https://olx.ba/shops/pavle_dangubic/aktivni
ASDALMI,AS DALMI,Platinum,Ljubuški,Zapadnohercegovački kanton,643,614,614,1,1,salon,prvi,,https://olx.ba/shops/ASDALMI/aktivni
ASKRAMAR,Auto Salon Kramar,Platinum,Ljubuški,Zapadnohercegovački kanton,378,369,369,1,1,salon,prvi,,https://olx.ba/shops/ASKRAMAR/aktivni
ASPREMIUM,AS PREMIUM d.o.o,Platinum,Ljubuški,Zapadnohercegovački kanton,20,17,17,1,1,salon,prvi,,https://olx.ba/shops/ASPREMIUM/aktivni
AUTOOTPADBILIC,AUTOOTPADBILIĆ,Platinum,Ljubuški,Zapadnohercegovački kanton,5539,5539,0,0,17,dijelovi,prvi,,https://olx.ba/shops/AUTOOTPADBILIC/aktivni
Borass88,Borass88,Platinum,Ljubuški,Zapadnohercegovački kanton,0,0,0,0,18,neaktivan,prvi,,https://olx.ba/shops/Borass88/aktivni
CAMINOrabljena,Camino group - rabljena vozila,Platinum,Ljubuški,Zapadnohercegovački kanton,37,34,34,1,1,salon,prvi,,https://olx.ba/shops/CAMINOrabljena/aktivni
DALMI_MACHINERY,DALMI MACHINERY,Platinum,Ljubuški,Zapadnohercegovački kanton,55,55,0,0,18,nije_auto,prvi,shop_category_id nije 17 i histogram nema dominantnu kategoriju 928 (auto dijelovi); nema veze sa automobilima,https://olx.ba/shops/DALMI_MACHINERY/aktivni
DELMAK,DELMAK,Platinum,Ljubuški,Zapadnohercegovački kanton,132834,131522,0,0,17,dijelovi,prvi,,https://olx.ba/shops/DELMAK/aktivni
Gradurtdi,Gradurtdi,Platinum,Ljubuški,Zapadnohercegovački kanton,0,0,0,0,,neaktivan,prvi,,https://olx.ba/shops/Gradurtdi/aktivni
KIWISPORT,KIWISPORT,Platinum,Ljubuški,Zapadnohercegovački kanton,0,0,0,0,18,neaktivan,prvi,,https://olx.ba/shops/KIWISPORT/aktivni
P_NEKRETNINE,HANDY & CO d.o.o.,Platinum,Ljubuški,Zapadnohercegovački kanton,10,10,0,0,2,nije_auto,prvi,shop_category_id nije 17 i histogram nema dominantnu kategoriju 928 (auto dijelovi); nema veze sa automobilima,https://olx.ba/shops/P_NEKRETNINE/aktivni
TC_mblogistik,TUNING CONCEPT,Platinum,Ljubuški,Zapadnohercegovački kanton,6098,6097,0,0,17,dijelovi,prvi,,https://olx.ba/shops/TC_mblogistik/aktivni
TehnoFENIKSdoo,Tehno Feniks d.o.o.,Platinum,Ljubuški,Zapadnohercegovački kanton,232,229,0,0,18,nije_auto,prvi,shop_category_id nije 17 i histogram nema dominantnu kategoriju 928 (auto dijelovi); nema veze sa automobilima,https://olx.ba/shops/TehnoFENIKSdoo/aktivni
vipautocentar,VIP AUTOCENTAR,Platinum,Ljubuški,Zapadnohercegovački kanton,29941,29941,0,0,17,dijelovi,prvi,,https://olx.ba/shops/vipautocentar/aktivni
BMWM12345678,M AUTO,Gold,Ljubuški,Zapadnohercegovački kanton,4,4,4,1,1,salon,prvi,,https://olx.ba/shops/BMWM12345678/aktivni
dj_automotiv,DJ Automotiv,Gold,Ljubuški,Zapadnohercegovački kanton,2272,2272,0,0,17,dijelovi,prvi,,https://olx.ba/shops/dj_automotiv/aktivni
DoktorLinde,DoktorLinde,Gold,Ljubuški,Zapadnohercegovački kanton,32,28,0,0,18,nije_auto,prvi,shop_category_id nije 17 i histogram nema dominantnu kategoriju 928 (auto dijelovi); nema veze sa automobilima,https://olx.ba/shops/DoktorLinde/aktivni
eres1,ERES D.O.O.,Gold,Ljubuški,Zapadnohercegovački kanton,164,164,0,0,18,nije_auto,prvi,shop_category_id nije 17 i histogram nema dominantnu kategoriju 928 (auto dijelovi); nema veze sa automobilima,https://olx.ba/shops/eres1/aktivni
IMTgroupdoo,"IMT Group d.o.o. Dr. Ive Bojanovskog 8, Humac, BiH",Gold,Ljubuški,Zapadnohercegovački kanton,2,0,0,0,,neaktivan,prvi,,https://olx.ba/shops/IMTgroupdoo/aktivni
InvesticijeDOO,Investicije d.o.o.,Gold,Ljubuški,Zapadnohercegovački kanton,16,15,0,0,2,nije_auto,prvi,shop_category_id nije 17 i histogram nema dominantnu kategoriju 928 (auto dijelovi); nema veze sa automobilima,https://olx.ba/shops/InvesticijeDOO/aktivni
Joshua00,Joshua00,Gold,Ljubuški,Zapadnohercegovački kanton,0,0,0,0,18,neaktivan,prvi,,https://olx.ba/shops/Joshua00/aktivni
KETA2007,KETA2007,Gold,Ljubuški,Zapadnohercegovački kanton,9,6,0,0,18,nije_auto,prvi,shop_category_id nije 17 i histogram nema dominantnu kategoriju 928 (auto dijelovi); nema veze sa automobilima,https://olx.ba/shops/KETA2007/aktivni
kkk111,Namjestaj stolarija grijanje hlađenje,Gold,Ljubuški,Zapadnohercegovački kanton,0,0,0,0,18,neaktivan,prvi,,https://olx.ba/shops/kkk111/aktivni
Laurusdoo,Laurus d.o.o.,Gold,Ljubuški,Zapadnohercegovački kanton,48,48,0,0,18,nije_auto,prvi,shop_category_id nije 17 i histogram nema dominantnu kategoriju 928 (auto dijelovi); nema veze sa automobilima,https://olx.ba/shops/Laurusdoo/aktivni
Luka_culjak,Pik,Gold,Ljubuški,Zapadnohercegovački kanton,0,0,0,0,18,neaktivan,prvi,,https://olx.ba/shops/Luka_culjak/aktivni
markomg91,Olx.ba,Gold,Ljubuški,Zapadnohercegovački kanton,0,0,0,0,18,neaktivan,prvi,,https://olx.ba/shops/markomg91/aktivni
maslidjan,maslidjan,Gold,Ljubuški,Zapadnohercegovački kanton,62,36,0,0,18,nije_auto,prvi,shop_category_id nije 17 i histogram nema dominantnu kategoriju 928 (auto dijelovi); nema veze sa automobilima,https://olx.ba/shops/maslidjan/aktivni
MMTRADE,MM TRADE,Gold,Ljubuški,Zapadnohercegovački kanton,933,732,0,0,18,nije_auto,prvi,shop_category_id nije 17 i histogram nema dominantnu kategoriju 928 (auto dijelovi); nema veze sa automobilima,https://olx.ba/shops/MMTRADE/aktivni
NatCo,Nat & Co,Gold,Ljubuški,Zapadnohercegovački kanton,10042,4948,0,0,17,dijelovi,prvi,,https://olx.ba/shops/NatCo/aktivni
pazi22222,Moto55,Gold,Ljubuški,Zapadnohercegovački kanton,0,0,0,0,,neaktivan,prvi,,https://olx.ba/shops/pazi22222/aktivni
shopauto12,Shop Auto Premium,Gold,Ljubuški,Zapadnohercegovački kanton,0,0,0,0,18,neaktivan,prvi,,https://olx.ba/shops/shopauto12/aktivni
UnitradeDoo,Unitrade d.o.o.,Gold,Ljubuški,Zapadnohercegovački kanton,0,0,0,0,,neaktivan,prvi,,https://olx.ba/shops/UnitradeDoo/aktivni
Bager_Swiss,Bager_Swiss,Platinum,Lopare,Regija Bijeljina,52,52,0,0,18,nije_auto,prvi,shop_category_id nije 17 i histogram nema dominantnu kategoriju 928 (auto dijelovi); nema veze sa automobilima,https://olx.ba/shops/Bager_Swiss/aktivni
maksi1202,Nede47,Gold,Lopare,Regija Bijeljina,0,0,0,0,,neaktivan,prvi,,https://olx.ba/shops/maksi1202/aktivni
mersudinines,Mercedes ,Gold,Lopare,Regija Bijeljina,0,0,0,0,,neaktivan,prvi,,https://olx.ba/shops/mersudinines/aktivni
SwissLopare,Mihajlovic sp,Gold,Lopare,Regija Bijeljina,5,5,5,1,1,salon,prvi,,https://olx.ba/shops/SwissLopare/aktivni
AMG_S63,AMG_S63,Platinum,Lukavac,Tuzlanski kanton,281,0,0,0,18,neaktivan,prvi,,https://olx.ba/shops/AMG_S63/aktivni
deltashop4,Delta Shop,Platinum,Lukavac,Tuzlanski kanton,1204,0,0,0,18,neaktivan,prvi,,https://olx.ba/shops/deltashop4/aktivni
HareComputers,Hare Computers,Platinum,Lukavac,Tuzlanski kanton,1293,1168,0,0,18,nije_auto,prvi,shop_category_id nije 17 i histogram nema dominantnu kategoriju 928 (auto dijelovi); nema veze sa automobilima,https://olx.ba/shops/HareComputers/aktivni
Lumex,lumex,Platinum,Lukavac,Tuzlanski kanton,658,658,0,0,18,nije_auto,prvi,shop_category_id nije 17 i histogram nema dominantnu kategoriju 928 (auto dijelovi); nema veze sa automobilima,https://olx.ba/shops/Lumex/aktivni
PC_ONER,PC ONER D.O.O.,Platinum,Lukavac,Tuzlanski kanton,603,603,0,0,18,nije_auto,prvi,shop_category_id nije 17 i histogram nema dominantnu kategoriju 928 (auto dijelovi); nema veze sa automobilima,https://olx.ba/shops/PC_ONER/aktivni
PGLshop,PGL PROTECT D.O.O.,Platinum,Lukavac,Tuzlanski kanton,1739,1026,0,0,17,dijelovi,prvi,,https://olx.ba/shops/PGLshop/aktivni
PrometBa,PrometBa,Platinum,Lukavac,Tuzlanski kanton,782,772,0,0,18,nije_auto,prvi,shop_category_id nije 17 i histogram nema dominantnu kategoriju 928 (auto dijelovi); nema veze sa automobilima,https://olx.ba/shops/PrometBa/aktivni
two4one,two4one,Platinum,Lukavac,Tuzlanski kanton,12622,12510,0,0,18,nije_auto,prvi,shop_category_id nije 17 i histogram nema dominantnu kategoriju 928 (auto dijelovi); nema veze sa automobilima,https://olx.ba/shops/two4one/aktivni
ANUELEX1,Turija,Gold,Lukavac,Tuzlanski kanton,0,0,0,0,18,neaktivan,prvi,,https://olx.ba/shops/ANUELEX1/aktivni
Betrex,Betrex doo Lukavac,Gold,Lukavac,Tuzlanski kanton,31,17,17,1,1,salon,prvi,,https://olx.ba/shops/Betrex/aktivni
climb2top,climb2top,Gold,Lukavac,Tuzlanski kanton,4,4,0,0,17,dijelovi,prvi,,https://olx.ba/shops/climb2top/aktivni
Dr_Jasarevic,Dr_Jasarevic,Gold,Lukavac,Tuzlanski kanton,0,0,0,0,18,neaktivan,prvi,,https://olx.ba/shops/Dr_Jasarevic/aktivni
DzenexShop,DŽENEX d.o.o. Tuzla,Gold,Lukavac,Tuzlanski kanton,192,192,0,0,18,nije_auto,prvi,shop_category_id nije 17 i histogram nema dominantnu kategoriju 928 (auto dijelovi); nema veze sa automobilima,https://olx.ba/shops/DzenexShop/aktivni
Eilas_Shop,Eilas doo,Gold,Lukavac,Tuzlanski kanton,76,77,0,0,18,nije_auto,prvi,shop_category_id nije 17 i histogram nema dominantnu kategoriju 928 (auto dijelovi); nema veze sa automobilima,https://olx.ba/shops/Eilas_Shop/aktivni
EkremBjelic19,Traktorekrem,Gold,Lukavac,Tuzlanski kanton,2,0,0,0,18,neaktivan,prvi,,https://olx.ba/shops/EkremBjelic19/aktivni
Enistahirovic3,Halida12345,Gold,Lukavac,Tuzlanski kanton,0,0,0,0,18,neaktivan,prvi,,https://olx.ba/shops/Enistahirovic3/aktivni
FiveMShop,FiveMShop,Gold,Lukavac,Tuzlanski kanton,21,0,0,0,18,neaktivan,prvi,,https://olx.ba/shops/FiveMShop/aktivni
imel,Imel Shop,Gold,Lukavac,Tuzlanski kanton,0,0,0,0,18,neaktivan,prvi,,https://olx.ba/shops/imel/aktivni
KONCEPTDOO,KONCEPTDOO,Gold,Lukavac,Tuzlanski kanton,266,3,0,0,18,nije_auto,prvi,shop_category_id nije 17 i histogram nema dominantnu kategoriju 928 (auto dijelovi); nema veze sa automobilima,https://olx.ba/shops/KONCEPTDOO/aktivni
MERTERHOME,MERTER D.O.O,Gold,Lukavac,Tuzlanski kanton,6,0,0,0,18,neaktivan,prvi,,https://olx.ba/shops/MERTERHOME/aktivni
morenja,morenja,Gold,Lukavac,Tuzlanski kanton,9,3,0,0,17,dijelovi,prvi,,https://olx.ba/shops/morenja/aktivni
naidse22222,Prodaja,Gold,Lukavac,Tuzlanski kanton,0,0,0,0,18,neaktivan,prvi,,https://olx.ba/shops/naidse22222/aktivni
NDNFLOR,NDNFLOR,Gold,Lukavac,Tuzlanski kanton,0,0,0,0,,neaktivan,prvi,,https://olx.ba/shops/NDNFLOR/aktivni
NetGreen,NetGreen d.o.o.,Gold,Lukavac,Tuzlanski kanton,184,116,0,0,18,nije_auto,prvi,shop_category_id nije 17 i histogram nema dominantnu kategoriju 928 (auto dijelovi); nema veze sa automobilima,https://olx.ba/shops/NetGreen/aktivni
Nili31,Rile84,Gold,Lukavac,Tuzlanski kanton,0,0,0,0,,neaktivan,prvi,,https://olx.ba/shops/Nili31/aktivni
Nonameshop,https://Nonameshop.olx.ba,Gold,Lukavac,Tuzlanski kanton,83,0,0,0,18,neaktivan,prvi,,https://olx.ba/shops/Nonameshop/aktivni
Osmoosmanowic,Osmo,Gold,Lukavac,Tuzlanski kanton,0,0,0,0,,neaktivan,prvi,,https://olx.ba/shops/Osmoosmanowic/aktivni
OsmoOsmwnovic,Dobar ,Gold,Lukavac,Tuzlanski kanton,0,0,0,0,,neaktivan,prvi,,https://olx.ba/shops/OsmoOsmwnovic/aktivni
PrimeAlati,PrimeAlati,Gold,Lukavac,Tuzlanski kanton,0,0,0,0,18,neaktivan,prvi,,https://olx.ba/shops/PrimeAlati/aktivni
s_amna,Sana,Gold,Lukavac,Tuzlanski kanton,0,0,0,0,18,neaktivan,prvi,,https://olx.ba/shops/s_amna/aktivni
Sejo_1964,Sejo2,Gold,Lukavac,Tuzlanski kanton,0,0,0,0,18,neaktivan,prvi,,https://olx.ba/shops/Sejo_1964/aktivni
shsbdbd,Tadic,Gold,Lukavac,Tuzlanski kanton,0,0,0,0,18,neaktivan,prvi,,https://olx.ba/shops/shsbdbd/aktivni
TEHNIX_Lukavac,ELEKTRO TEHNIX Lukavac,Gold,Lukavac,Tuzlanski kanton,73,0,0,0,18,neaktivan,prvi,,https://olx.ba/shops/TEHNIX_Lukavac/aktivni
TMLUX,TM-LUX d.o.o.,Gold,Lukavac,Tuzlanski kanton,0,0,0,0,18,neaktivan,prvi,,https://olx.ba/shops/TMLUX/aktivni
VrtniCentar,NET GREEN Vrtni Centar,Gold,Lukavac,Tuzlanski kanton,0,0,0,0,18,neaktivan,prvi,,https://olx.ba/shops/VrtniCentar/aktivni
Adisqwerty,Istekao shop novi profil AdisA0,Platinum,Maglaj,Zeničko-dobojski kanton,0,0,0,0,18,neaktivan,prvi,,https://olx.ba/shops/Adisqwerty/aktivni
mujakovic56,Iihnbhj,Platinum,Maglaj,Zeničko-dobojski kanton,0,0,0,0,18,neaktivan,prvi,,https://olx.ba/shops/mujakovic56/aktivni
poljo_tim,DOO POLJO-TIM,Platinum,Maglaj,Zeničko-dobojski kanton,171,171,0,0,18,nije_auto,prvi,shop_category_id nije 17 i histogram nema dominantnu kategoriju 928 (auto dijelovi); nema veze sa automobilima,https://olx.ba/shops/poljo_tim/aktivni
ADMIR____,AUTO-LOT,Gold,Maglaj,Zeničko-dobojski kanton,1263,1265,0,0,17,dijelovi,prvi,,https://olx.ba/shops/ADMIR____/aktivni
AMR017,"SAMOPOSLUGA ""ARMIN"" vl. Bešo Azem N.Šeher-Maglaj",Gold,Maglaj,Zeničko-dobojski kanton,7,7,0,0,18,nije_auto,prvi,shop_category_id nije 17 i histogram nema dominantnu kategoriju 928 (auto dijelovi); nema veze sa automobilima,https://olx.ba/shops/AMR017/aktivni
AutosalonPiri,AUTOSALON PIRI,Gold,Maglaj,Zeničko-dobojski kanton,28,21,21,1,1,salon,prvi,,https://olx.ba/shops/AutosalonPiri/aktivni
babyoprema_BENI,babyoprema_BENI,Gold,Maglaj,Zeničko-dobojski kanton,1,0,0,0,18,neaktivan,prvi,,https://olx.ba/shops/babyoprema_BENI/aktivni
batan78,"""ASR Basic Rent a Car",Gold,Maglaj,Zeničko-dobojski kanton,5,5,4,0.8,1,salon,drugi,"Dublji uzorak (5) pokazuje udio vozila 0.8, naslovi su modeli automobila.",https://olx.ba/shops/batan78/aktivni
BestAutomobile,BestAutomobile,Gold,Maglaj,Zeničko-dobojski kanton,10,10,10,1,1,salon,prvi,,https://olx.ba/shops/BestAutomobile/aktivni
dairadurkovic,Daira Đurkovic,Gold,Maglaj,Zeničko-dobojski kanton,0,0,0,0,,neaktivan,prvi,,https://olx.ba/shops/dairadurkovic/aktivni
h4sicn7,h4sicn7,Gold,Maglaj,Zeničko-dobojski kanton,1,0,0,0,18,neaktivan,prvi,,https://olx.ba/shops/h4sicn7/aktivni
KTM250zedo,Samo ktm,Gold,Maglaj,Zeničko-dobojski kanton,0,0,0,0,18,neaktivan,prvi,,https://olx.ba/shops/KTM250zedo/aktivni
Mehic_Meha,Mehic_Meha,Gold,Maglaj,Zeničko-dobojski kanton,0,0,0,0,,neaktivan,prvi,,https://olx.ba/shops/Mehic_Meha/aktivni
poljo_tim1,poljo_tim1,Gold,Maglaj,Zeničko-dobojski kanton,5,5,5,1,1,salon,prvi,,https://olx.ba/shops/poljo_tim1/aktivni
Rony77,AutoFero,Gold,Maglaj,Zeničko-dobojski kanton,4,4,4,1,1,salon,prvi,,https://olx.ba/shops/Rony77/aktivni
Cionesoress,Cionesoress,Platinum,Milići,Regija Bijeljina,0,0,0,0,,neaktivan,prvi,,https://olx.ba/shops/Cionesoress/aktivni
CNCParts1,CNC-Parts doo,Gold,Milići,Regija Bijeljina,188,185,0,0,18,nije_auto,prvi,shop_category_id nije 17 i histogram nema dominantnu kategoriju 928 (auto dijelovi); nema veze sa automobilima,https://olx.ba/shops/CNCParts1/aktivni
kipicjovica123,Jovica,Gold,Milići,Regija Bijeljina,0,0,0,0,18,neaktivan,prvi,,https://olx.ba/shops/kipicjovica123/aktivni
meldincehajic,Na prodaju golf 4 1.4  u solidnom stanju ,Gold,Milići,Regija Bijeljina,0,0,0,0,,neaktivan,prvi,,https://olx.ba/shops/meldincehajic/aktivni
ostojica1,Ostoja1,Gold,Milići,Regija Bijeljina,0,0,0,0,,neaktivan,prvi,,https://olx.ba/shops/ostojica1/aktivni
ExtraPonudaMD,ExtraPonudaMD,Platinum,Modriča,Regija Doboj,1,0,0,0,18,neaktivan,prvi,,https://olx.ba/shops/ExtraPonudaMD/aktivni
tared0,Bdbd,Platinum,Modriča,Regija Doboj,0,0,0,0,18,neaktivan,prvi,,https://olx.ba/shops/tared0/aktivni
BPselo,Prodaja,Gold,Modriča,Regija Doboj,0,0,0,0,,neaktivan,prvi,,https://olx.ba/shops/BPselo/aktivni
FasProm,Fas Prom d.o.o,Gold,Modriča,Regija Doboj,138,138,0,0,18,nije_auto,prvi,shop_category_id nije 17 i histogram nema dominantnu kategoriju 928 (auto dijelovi); nema veze sa automobilima,https://olx.ba/shops/FasProm/aktivni
InterCopp,"D.O.O. ""MARTIĆ - INTER - COPP"" Modriča",Gold,Modriča,Regija Doboj,5,4,4,1,1,salon,prvi,,https://olx.ba/shops/InterCopp/aktivni
kuki346,Kiki678,Gold,Modriča,Regija Doboj,0,0,0,0,18,neaktivan,prvi,,https://olx.ba/shops/kuki346/aktivni
milenkok506,milenkok506,Gold,Modriča,Regija Doboj,0,0,0,0,18,neaktivan,prvi,,https://olx.ba/shops/milenkok506/aktivni
Modrica92,Modrica,Gold,Modriča,Regija Doboj,0,0,0,0,,neaktivan,prvi,,https://olx.ba/shops/Modrica92/aktivni
statebriga35,musakesedžija,Gold,Modriča,Regija Doboj,0,0,0,0,18,neaktivan,prvi,,https://olx.ba/shops/statebriga35/aktivni
Yamaha4,Jole_Djurić,Gold,Modriča,Regija Doboj,3,1,0,0,18,nije_auto,prvi,shop_category_id nije 17 i histogram nema dominantnu kategoriju 928 (auto dijelovi); nema veze sa automobilima,https://olx.ba/shops/Yamaha4/aktivni
AC_BOBIS,Bobis Auto,Platinum,Mostar,Hercegovačko-neretvanski kanton,29,28,28,1,1,salon,prvi,,https://olx.ba/shops/AC_BOBIS/aktivni
ado_CH,Noza doo,Platinum,Mostar,Hercegovačko-neretvanski kanton,26,28,28,1,1,salon,prvi,,https://olx.ba/shops/ado_CH/aktivni
AsMoAuto,MoAuto,Platinum,Mostar,Hercegovačko-neretvanski kanton,39,39,39,1,1,salon,prvi,,https://olx.ba/shops/AsMoAuto/aktivni
AUTOLIJANOVICI,AUTO LIJANOVIĆI d.o.o. Mostar,Platinum,Mostar,Hercegovačko-neretvanski kanton,40,40,40,1,1,salon,prvi,,https://olx.ba/shops/AUTOLIJANOVICI/aktivni
AutoNuic,Auto Nuić d.o.o.,Platinum,Mostar,Hercegovačko-neretvanski kanton,85,84,84,1,1,salon,prvi,,https://olx.ba/shops/AutoNuic/aktivni
AUTOPLAZZA,JURINOVIC DOO,Platinum,Mostar,Hercegovačko-neretvanski kanton,73,72,72,1,1,salon,prvi,,https://olx.ba/shops/AUTOPLAZZA/aktivni
CAMINOgroup,Camino group - Ovlašteni Audi i Volkswagen partner,Platinum,Mostar,Hercegovačko-neretvanski kanton,95,92,92,1,1,salon,prvi,,https://olx.ba/shops/CAMINOgroup/aktivni
CentarAuto,Centar Auto D.O.O.,Platinum,Mostar,Hercegovačko-neretvanski kanton,102,100,95,0.9524,1,salon,prvi,,https://olx.ba/shops/CentarAuto/aktivni
DMautomobili,DMAUTOMOBILI DOO MOSTAR,Platinum,Mostar,Hercegovačko-neretvanski kanton,41,42,42,1,1,salon,prvi,,https://olx.ba/shops/DMautomobili/aktivni
EkaCars,EkaCars,Platinum,Mostar,Hercegovačko-neretvanski kanton,3,2,2,1,1,salon,prvi,,https://olx.ba/shops/EkaCars/aktivni
GUMAM,GUMAM,Platinum,Mostar,Hercegovačko-neretvanski kanton,48,46,46,1,1,salon,prvi,,https://olx.ba/shops/GUMAM/aktivni
GUMAMrabljena,GUMA M,Platinum,Mostar,Hercegovačko-neretvanski kanton,160,150,150,1,1,salon,prvi,,https://olx.ba/shops/GUMAMrabljena/aktivni
HercegovinaAuto,Hercegovina Auto,Platinum,Mostar,Hercegovačko-neretvanski kanton,38,36,36,1,1,salon,prvi,,https://olx.ba/shops/HercegovinaAuto/aktivni
Lotus1,Lotus d.o.o export-import,Platinum,Mostar,Hercegovačko-neretvanski kanton,14002,14033,0,0,17,dijelovi,prvi,,https://olx.ba/shops/Lotus1/aktivni
LuxuryGradnja,DIV DESIGN STUDIO d.o.o.,Platinum,Mostar,Hercegovačko-neretvanski kanton,65,65,0,0,2,nije_auto,prvi,shop_category_id nije 17 i histogram nema dominantnu kategoriju 928 (auto dijelovi); nema veze sa automobilima,https://olx.ba/shops/LuxuryGradnja/aktivni
MaccaoAC,Maccao d.o.o. Mostar,Platinum,Mostar,Hercegovačko-neretvanski kanton,2,2,2,1,1,salon,prvi,,https://olx.ba/shops/MaccaoAC/aktivni
MediaEF,MediaEF,Platinum,Mostar,Hercegovačko-neretvanski kanton,1,0,0,0,18,neaktivan,prvi,,https://olx.ba/shops/MediaEF/aktivni
Najbolja_TV,Najbolja_TV,Platinum,Mostar,Hercegovačko-neretvanski kanton,0,0,0,0,18,neaktivan,prvi,,https://olx.ba/shops/Najbolja_TV/aktivni
NamZSveMostar,Namještaj za Sve Mostar,Platinum,Mostar,Hercegovačko-neretvanski kanton,3900,3901,0,0,18,nije_auto,prvi,shop_category_id nije 17 i histogram nema dominantnu kategoriju 928 (auto dijelovi); nema veze sa automobilima,https://olx.ba/shops/NamZSveMostar/aktivni
OtpadGOSTO,Auto servis Gosto d.o.o.,Platinum,Mostar,Hercegovačko-neretvanski kanton,8865,8863,0,0,17,dijelovi,prvi,,https://olx.ba/shops/OtpadGOSTO/aktivni
Prodaj_1,Prodaj_1,Platinum,Mostar,Hercegovačko-neretvanski kanton,0,0,0,0,2,neaktivan,prvi,,https://olx.ba/shops/Prodaj_1/aktivni
SMARTnekretnine,Smart nekretnine,Platinum,Mostar,Hercegovačko-neretvanski kanton,40,39,0,0,2,nije_auto,prvi,shop_category_id nije 17 i histogram nema dominantnu kategoriju 928 (auto dijelovi); nema veze sa automobilima,https://olx.ba/shops/SMARTnekretnine/aktivni
SMAUTOMOSTAR,SMAUTOMOSTAR,Platinum,Mostar,Hercegovačko-neretvanski kanton,20,18,18,1,1,salon,prvi,,https://olx.ba/shops/SMAUTOMOSTAR/aktivni
AdidaS1234,AUTO,Gold,Mostar,Hercegovačko-neretvanski kanton,0,0,0,0,,neaktivan,prvi,,https://olx.ba/shops/AdidaS1234/aktivni
AgencyPlus,Agency Plus d.o.o,Gold,Mostar,Hercegovačko-neretvanski kanton,17,17,0,0,2,nije_auto,prvi,shop_category_id nije 17 i histogram nema dominantnu kategoriju 928 (auto dijelovi); nema veze sa automobilima,https://olx.ba/shops/AgencyPlus/aktivni
Almena,ALMENA NEKRETNINE,Gold,Mostar,Hercegovačko-neretvanski kanton,27,29,0,0,2,nije_auto,prvi,shop_category_id nije 17 i histogram nema dominantnu kategoriju 928 (auto dijelovi); nema veze sa automobilima,https://olx.ba/shops/Almena/aktivni
ALRabljena,Auto Lijanovići doo,Gold,Mostar,Hercegovačko-neretvanski kanton,23,23,23,1,1,salon,prvi,,https://olx.ba/shops/ALRabljena/aktivni
AN2901,AN2901,Gold,Mostar,Hercegovačko-neretvanski kanton,9,0,0,0,17,neaktivan,prvi,,https://olx.ba/shops/AN2901/aktivni
AP_M,AP_M,Gold,Mostar,Hercegovačko-neretvanski kanton,1,0,0,0,1,neaktivan,prvi,,https://olx.ba/shops/AP_M/aktivni
apolo_,Apolo,Gold,Mostar,Hercegovačko-neretvanski kanton,68,59,59,1,1,salon,prvi,,https://olx.ba/shops/apolo_/aktivni
AS_Detailing,AS Detailing D.O.O.,Gold,Mostar,Hercegovačko-neretvanski kanton,1874,1872,0,0,17,dijelovi,prvi,,https://olx.ba/shops/AS_Detailing/aktivni
AS_GUME,AS_GUME,Gold,Mostar,Hercegovačko-neretvanski kanton,66,0,0,0,17,neaktivan,prvi,,https://olx.ba/shops/AS_GUME/aktivni
AutoBoras,Auto Centar BORAS,Gold,Mostar,Hercegovačko-neretvanski kanton,49,48,48,1,1,salon,prvi,,https://olx.ba/shops/AutoBoras/aktivni
AutomobiliAM,AutomobiliAM,Gold,Mostar,Hercegovačko-neretvanski kanton,4,2,2,1,1,salon,prvi,,https://olx.ba/shops/AutomobiliAM/aktivni
AutoMTdoo,AutoMTdoo,Gold,Mostar,Hercegovačko-neretvanski kanton,19,16,16,1,1,salon,prvi,,https://olx.ba/shops/AutoMTdoo/aktivni
AutoOmega,AutoOmega,Gold,Mostar,Hercegovačko-neretvanski kanton,4,3,3,1,1,salon,prvi,,https://olx.ba/shops/AutoOmega/aktivni
autoprevoztp,autoprevoztp,Gold,Mostar,Hercegovačko-neretvanski kanton,5,0,0,0,17,neaktivan,prvi,,https://olx.ba/shops/autoprevoztp/aktivni
AUTOPROM,AUTOPROM,Gold,Mostar,Hercegovačko-neretvanski kanton,1482,505,0,0,17,dijelovi,prvi,,https://olx.ba/shops/AUTOPROM/aktivni
AutoSportic,Novi Sportic,Gold,Mostar,Hercegovačko-neretvanski kanton,32,40,40,1,1,salon,prvi,,https://olx.ba/shops/AutoSportic/aktivni
autostart_mo,Auto Start,Gold,Mostar,Hercegovačko-neretvanski kanton,40,39,39,1,1,salon,prvi,,https://olx.ba/shops/autostart_mo/aktivni
BAMESTATE,Agencija za nekretnine BAM ESTATE,Gold,Mostar,Hercegovačko-neretvanski kanton,0,0,0,0,,neaktivan,prvi,,https://olx.ba/shops/BAMESTATE/aktivni
Beglrvc_amina,Beglrvc_amina,Gold,Mostar,Hercegovačko-neretvanski kanton,0,0,0,0,18,neaktivan,prvi,,https://olx.ba/shops/Beglrvc_amina/aktivni
Beka33,Mpack group,Gold,Mostar,Hercegovačko-neretvanski kanton,1,0,0,0,,neaktivan,prvi,,https://olx.ba/shops/Beka33/aktivni
BIOPROTEX,BIOPROTEX,Gold,Mostar,Hercegovačko-neretvanski kanton,82,82,0,0,18,nije_auto,prvi,shop_category_id nije 17 i histogram nema dominantnu kategoriju 928 (auto dijelovi); nema veze sa automobilima,https://olx.ba/shops/BIOPROTEX/aktivni
Champion_d_o_o,Autodijelovimostar,Gold,Mostar,Hercegovačko-neretvanski kanton,2222,2222,0,0,17,dijelovi,prvi,,https://olx.ba/shops/Champion_d_o_o/aktivni
citroenmercedes,Mira doo,Gold,Mostar,Hercegovačko-neretvanski kanton,0,0,0,0,2,neaktivan,prvi,,https://olx.ba/shops/citroenmercedes/aktivni
CitroenMostar,HERCEGOVINAPROMET,Gold,Mostar,Hercegovačko-neretvanski kanton,15,14,14,1,1,salon,prvi,,https://olx.ba/shops/CitroenMostar/aktivni
colic12345,Colic123,Gold,Mostar,Hercegovačko-neretvanski kanton,0,0,0,0,18,neaktivan,prvi,,https://olx.ba/shops/colic12345/aktivni
colic12356,Colic123,Gold,Mostar,Hercegovačko-neretvanski kanton,0,0,0,0,18,neaktivan,prvi,,https://olx.ba/shops/colic12356/aktivni
DELUX_PLUS_DOO,DELUX_PLUS_DOO,Gold,Mostar,Hercegovačko-neretvanski kanton,12,13,11,0.8462,1,salon,drugi,"Dublji uzorak (13) pokazuje udio vozila 0.8462, naslovi su modeli automobila.",https://olx.ba/shops/DELUX_PLUS_DOO/aktivni
Dino1_7,BASICBASIC,Gold,Mostar,Hercegovačko-neretvanski kanton,0,0,0,0,18,neaktivan,prvi,,https://olx.ba/shops/Dino1_7/aktivni
dkajan,dkajan,Gold,Mostar,Hercegovačko-neretvanski kanton,6,6,5,0.8333,1,salon,drugi,"Dublji uzorak (6) pokazuje udio vozila 0.8333, naslovi su modeli automobila.",https://olx.ba/shops/dkajan/aktivni
elijatulji0,Kamera,Gold,Mostar,Hercegovačko-neretvanski kanton,0,0,0,0,18,neaktivan,prvi,,https://olx.ba/shops/elijatulji0/aktivni
elvis1984mujic,Prosaha i pitraznja,Gold,Mostar,Hercegovačko-neretvanski kanton,0,0,0,0,18,neaktivan,prvi,,https://olx.ba/shops/elvis1984mujic/aktivni
EXCLUSIVE_PARTS,EXCLUSIVE_PARTS,Gold,Mostar,Hercegovačko-neretvanski kanton,4469,4438,0,0,17,dijelovi,prvi,,https://olx.ba/shops/EXCLUSIVE_PARTS/aktivni
FRIGOLERIC,ELEKTRO FRIGO LERIC,Gold,Mostar,Hercegovačko-neretvanski kanton,155,145,0,0,18,nije_auto,prvi,shop_category_id nije 17 i histogram nema dominantnu kategoriju 928 (auto dijelovi); nema veze sa automobilima,https://olx.ba/shops/FRIGOLERIC/aktivni
frka88,Nn,Gold,Mostar,Hercegovačko-neretvanski kanton,0,0,0,0,18,neaktivan,prvi,,https://olx.ba/shops/frka88/aktivni
gumam_motors,gumam_motors,Gold,Mostar,Hercegovačko-neretvanski kanton,3,3,3,1,1,salon,prvi,,https://olx.ba/shops/gumam_motors/aktivni
Hari1966_,Hari1966_,Gold,Mostar,Hercegovačko-neretvanski kanton,0,0,0,0,18,neaktivan,prvi,,https://olx.ba/shops/Hari1966_/aktivni
IMPERIAAUTO,IMPERIAAUTO,Gold,Mostar,Hercegovačko-neretvanski kanton,0,0,0,0,18,neaktivan,prvi,,https://olx.ba/shops/IMPERIAAUTO/aktivni
IT_Elektronika,IT_Elektronika,Gold,Mostar,Hercegovačko-neretvanski kanton,704,373,0,0,18,nije_auto,prvi,shop_category_id nije 17 i histogram nema dominantnu kategoriju 928 (auto dijelovi); nema veze sa automobilima,https://olx.ba/shops/IT_Elektronika/aktivni
ivan001,ivan001,Gold,Mostar,Hercegovačko-neretvanski kanton,28,27,0,0,18,nije_auto,prvi,shop_category_id nije 17 i histogram nema dominantnu kategoriju 928 (auto dijelovi); nema veze sa automobilima,https://olx.ba/shops/ivan001/aktivni
jukiii111,Juki11,Gold,Mostar,Hercegovačko-neretvanski kanton,0,0,0,0,18,neaktivan,prvi,,https://olx.ba/shops/jukiii111/aktivni
kapriol1927,Kapriol Point d.o.o. Mostar,Gold,Mostar,Hercegovačko-neretvanski kanton,623,600,0,0,18,nije_auto,prvi,shop_category_id nije 17 i histogram nema dominantnu kategoriju 928 (auto dijelovi); nema veze sa automobilima,https://olx.ba/shops/kapriol1927/aktivni
KartelAgencija,Agencija za imovinsko pravne poslove,Gold,Mostar,Hercegovačko-neretvanski kanton,21,20,0,0,2,nije_auto,prvi,shop_category_id nije 17 i histogram nema dominantnu kategoriju 928 (auto dijelovi); nema veze sa automobilima,https://olx.ba/shops/KartelAgencija/aktivni
M17moto,M17moto,Gold,Mostar,Hercegovačko-neretvanski kanton,27,24,24,1,1,salon,prvi,,https://olx.ba/shops/M17moto/aktivni
markishop123,Stari_novac,Gold,Mostar,Hercegovačko-neretvanski kanton,0,0,0,0,,neaktivan,prvi,,https://olx.ba/shops/markishop123/aktivni
markoxprodaja,Stari_novac,Gold,Mostar,Hercegovačko-neretvanski kanton,0,0,0,0,,neaktivan,prvi,,https://olx.ba/shops/markoxprodaja/aktivni
MBautomobili,MB automobili doo,Gold,Mostar,Hercegovačko-neretvanski kanton,22,23,23,1,1,salon,prvi,,https://olx.ba/shops/MBautomobili/aktivni
MBikeMostar,M-Bike Shop Mostar,Gold,Mostar,Hercegovačko-neretvanski kanton,561,561,123,0.4,18,mjesovito,drugi,"Dublji uzorak (41) pokazuje udio vozila 0.2195, tezisno i vozila i dijelovi.",https://olx.ba/shops/MBikeMostar/aktivni
MediteranAuto,MediteranAuto,Gold,Mostar,Hercegovačko-neretvanski kanton,21,31,31,1,1,salon,prvi,,https://olx.ba/shops/MediteranAuto/aktivni
megasolution,Mega Solution,Gold,Mostar,Hercegovačko-neretvanski kanton,2,0,0,0,18,neaktivan,prvi,,https://olx.ba/shops/megasolution/aktivni
Meris_19,Meris_19,Gold,Mostar,Hercegovačko-neretvanski kanton,272,246,0,0,18,nije_auto,prvi,shop_category_id nije 17 i histogram nema dominantnu kategoriju 928 (auto dijelovi); nema veze sa automobilima,https://olx.ba/shops/Meris_19/aktivni
MGPerlaAuto,MG PERLA d.o.o.,Gold,Mostar,Hercegovačko-neretvanski kanton,17,19,19,1,1,salon,prvi,,https://olx.ba/shops/MGPerlaAuto/aktivni
mikanmiko37r,Mikan1233r,Gold,Mostar,Hercegovačko-neretvanski kanton,0,0,0,0,,neaktivan,prvi,,https://olx.ba/shops/mikanmiko37r/aktivni
mkabsk124,Hamo,Gold,Mostar,Hercegovačko-neretvanski kanton,0,0,0,0,18,neaktivan,prvi,,https://olx.ba/shops/mkabsk124/aktivni
ms_auto,ms_auto,Gold,Mostar,Hercegovačko-neretvanski kanton,0,0,0,0,,neaktivan,prvi,,https://olx.ba/shops/ms_auto/aktivni
nekretnineinn,Nekretnineinn doo Mostar,Gold,Mostar,Hercegovačko-neretvanski kanton,23,24,0,0,2,nije_auto,prvi,shop_category_id nije 17 i histogram nema dominantnu kategoriju 928 (auto dijelovi); nema veze sa automobilima,https://olx.ba/shops/nekretnineinn/aktivni
Nobeldoo,Nobel Corporation,Gold,Mostar,Hercegovačko-neretvanski kanton,157,117,0,0,18,nije_auto,prvi,shop_category_id nije 17 i histogram nema dominantnu kategoriju 928 (auto dijelovi); nema veze sa automobilima,https://olx.ba/shops/Nobeldoo/aktivni
Omiii,MO Auto,Gold,Mostar,Hercegovačko-neretvanski kanton,1,1,1,1,1,salon,prvi,,https://olx.ba/shops/Omiii/aktivni
orbiter,Orbiter G d.o.o.,Gold,Mostar,Hercegovačko-neretvanski kanton,1937,1018,0,0,18,nije_auto,prvi,shop_category_id nije 17 i histogram nema dominantnu kategoriju 928 (auto dijelovi); nema veze sa automobilima,https://olx.ba/shops/orbiter/aktivni
Orline,Orline,Gold,Mostar,Hercegovačko-neretvanski kanton,0,0,0,0,,neaktivan,prvi,,https://olx.ba/shops/Orline/aktivni
pelgogo,Gogopel,Gold,Mostar,Hercegovačko-neretvanski kanton,0,0,0,0,18,neaktivan,prvi,,https://olx.ba/shops/pelgogo/aktivni
prostorperic,prostorperic,Gold,Mostar,Hercegovačko-neretvanski kanton,0,0,0,0,2,neaktivan,prvi,,https://olx.ba/shops/prostorperic/aktivni
PSE,PSE,Gold,Mostar,Hercegovačko-neretvanski kanton,1,1,1,1,1,salon,prvi,,https://olx.ba/shops/PSE/aktivni
rori2323,Rori2323,Gold,Mostar,Hercegovačko-neretvanski kanton,6,6,6,1,1,salon,prvi,,https://olx.ba/shops/rori2323/aktivni
Safet0183,Kompjuter Shop,Gold,Mostar,Hercegovačko-neretvanski kanton,0,0,0,0,,neaktivan,prvi,,https://olx.ba/shops/Safet0183/aktivni
Selex10,Jedinstveni nacin promocije vase trgovine,Gold,Mostar,Hercegovačko-neretvanski kanton,0,0,0,0,18,neaktivan,prvi,,https://olx.ba/shops/Selex10/aktivni
SERVISPEZIC,AUTO SERVIS - AUTO DIJELOVI PEZIĆ,Gold,Mostar,Hercegovačko-neretvanski kanton,152,152,0,0,17,dijelovi,prvi,,https://olx.ba/shops/SERVISPEZIC/aktivni
SkyNet,SkyNet,Gold,Mostar,Hercegovačko-neretvanski kanton,23,21,0,0,2,nije_auto,prvi,shop_category_id nije 17 i histogram nema dominantnu kategoriju 928 (auto dijelovi); nema veze sa automobilima,https://olx.ba/shops/SkyNet/aktivni
starinovac1012,Stari_novac,Gold,Mostar,Hercegovačko-neretvanski kanton,0,0,0,0,,neaktivan,prvi,,https://olx.ba/shops/starinovac1012/aktivni
Sync,SYNC d.o.o,Gold,Mostar,Hercegovačko-neretvanski kanton,32,21,0,0,18,nije_auto,prvi,shop_category_id nije 17 i histogram nema dominantnu kategoriju 928 (auto dijelovi); nema veze sa automobilima,https://olx.ba/shops/Sync/aktivni
TechnoMedia,TECHNO-MEDIA tr.,Gold,Mostar,Hercegovačko-neretvanski kanton,1310,241,0,0,18,nije_auto,prvi,shop_category_id nije 17 i histogram nema dominantnu kategoriju 928 (auto dijelovi); nema veze sa automobilima,https://olx.ba/shops/TechnoMedia/aktivni
TerraEuro,TERRA EURO d.o.o. MOSTAR,Gold,Mostar,Hercegovačko-neretvanski kanton,519,519,0,0,17,dijelovi,prvi,,https://olx.ba/shops/TerraEuro/aktivni
Toppp777,Toppp777,Gold,Mostar,Hercegovačko-neretvanski kanton,4,4,4,1,1,salon,prvi,,https://olx.ba/shops/Toppp777/aktivni
UniCreditBank,UniCredit Bank dd,Gold,Mostar,Hercegovačko-neretvanski kanton,1,1,0,0,18,nije_auto,prvi,shop_category_id nije 17 i histogram nema dominantnu kategoriju 928 (auto dijelovi); nema veze sa automobilima,https://olx.ba/shops/UniCreditBank/aktivni
Velomarija,VeloMarija,Gold,Mostar,Hercegovačko-neretvanski kanton,0,0,0,0,18,neaktivan,prvi,,https://olx.ba/shops/Velomarija/aktivni
VlatkoHo,DOVTOM,Gold,Mostar,Hercegovačko-neretvanski kanton,1,0,0,0,,neaktivan,prvi,,https://olx.ba/shops/VlatkoHo/aktivni
vozila_1,vozila_mostar,Gold,Mostar,Hercegovačko-neretvanski kanton,0,0,0,0,18,neaktivan,prvi,,https://olx.ba/shops/vozila_1/aktivni
zajko54321,Zajko321,Gold,Mostar,Hercegovačko-neretvanski kanton,0,0,0,0,18,neaktivan,prvi,,https://olx.ba/shops/zajko54321/aktivni
Zelenikaauto,Dijelovi Fast,Gold,Mostar,Hercegovačko-neretvanski kanton,1053,1038,0,0,17,dijelovi,prvi,,https://olx.ba/shops/Zelenikaauto/aktivni
Agro_MG,AGRO MG d.o.o.,Platinum,Mrkonjić Grad,Regija Banja Luka,413,412,0,0,18,nije_auto,prvi,shop_category_id nije 17 i histogram nema dominantnu kategoriju 928 (auto dijelovi); nema veze sa automobilima,https://olx.ba/shops/Agro_MG/aktivni
PinProm,PinProm,Platinum,Mrkonjić Grad,Regija Banja Luka,0,0,0,0,18,neaktivan,prvi,,https://olx.ba/shops/PinProm/aktivni
AlphaTech_,AlphaTech_,Gold,Mrkonjić Grad,Regija Banja Luka,0,0,0,0,18,neaktivan,prvi,,https://olx.ba/shops/AlphaTech_/aktivni
AutoSimetic,Auto Simetic - Komisiona Prodaja,Gold,Mrkonjić Grad,Regija Banja Luka,6,5,5,1,1,salon,prvi,,https://olx.ba/shops/AutoSimetic/aktivni
gacic68,B1K3,Gold,Mrkonjić Grad,Regija Banja Luka,0,0,0,0,18,neaktivan,prvi,,https://olx.ba/shops/gacic68/aktivni
lizii321,Lizi,Gold,Mrkonjić Grad,Regija Banja Luka,0,0,0,0,18,neaktivan,prvi,,https://olx.ba/shops/lizii321/aktivni
MGauto9,MGauto9,Gold,Mrkonjić Grad,Regija Banja Luka,0,0,0,0,18,neaktivan,prvi,,https://olx.ba/shops/MGauto9/aktivni
radomir789,Tolomir kopani,Gold,Mrkonjić Grad,Regija Banja Luka,0,0,0,0,2,neaktivan,prvi,,https://olx.ba/shops/radomir789/aktivni
strelac777,Zivotinje,Gold,Mrkonjić Grad,Regija Banja Luka,0,0,0,0,18,neaktivan,prvi,,https://olx.ba/shops/strelac777/aktivni
VivCentar,VivCentar,Gold,Mrkonjić Grad,Regija Banja Luka,55,52,0,0,18,nije_auto,prvi,shop_category_id nije 17 i histogram nema dominantnu kategoriju 928 (auto dijelovi); nema veze sa automobilima,https://olx.ba/shops/VivCentar/aktivni
zorannzokaa,Zoranzoka,Gold,Mrkonjić Grad,Regija Banja Luka,0,0,0,0,18,neaktivan,prvi,,https://olx.ba/shops/zorannzokaa/aktivni
bronzer,Grilici,Platinum,Neum,Hercegovačko-neretvanski kanton,0,0,0,0,18,neaktivan,prvi,,https://olx.ba/shops/bronzer/aktivni
Cm_mostar,Cm_mostar,Platinum,Neum,Hercegovačko-neretvanski kanton,0,0,0,0,2,neaktivan,prvi,,https://olx.ba/shops/Cm_mostar/aktivni
koronavirusFREE,koronavirusFREE,Platinum,Neum,Hercegovačko-neretvanski kanton,0,0,0,0,,neaktivan,prvi,,https://olx.ba/shops/koronavirusFREE/aktivni
opppiitujgkgut,opppiitujgkgut,Platinum,Neum,Hercegovačko-neretvanski kanton,0,0,0,0,18,neaktivan,prvi,,https://olx.ba/shops/opppiitujgkgut/aktivni
menager12,menager12,Gold,Neum,Hercegovačko-neretvanski kanton,1,1,0,0,2,nije_auto,prvi,shop_category_id nije 17 i histogram nema dominantnu kategoriju 928 (auto dijelovi); nema veze sa automobilima,https://olx.ba/shops/menager12/aktivni
Mix2006,Mix2006,Gold,Neum,Hercegovačko-neretvanski kanton,0,0,0,0,18,neaktivan,prvi,,https://olx.ba/shops/Mix2006/aktivni
AutosalonDjuro,"""AUTOSALON ĐURO"" d.o.o.  NEVESINJE",Platinum,Nevesinje,Regija Trebinje,7,7,7,1,1,salon,prvi,,https://olx.ba/shops/AutosalonDjuro/aktivni
cargotr,cargotr,Platinum,Nevesinje,Regija Trebinje,144,145,0,0,18,nije_auto,prvi,shop_category_id nije 17 i histogram nema dominantnu kategoriju 928 (auto dijelovi); nema veze sa automobilima,https://olx.ba/shops/cargotr/aktivni
ProOnline,ProOnline,Platinum,Nevesinje,Regija Trebinje,0,0,0,0,18,neaktivan,prvi,,https://olx.ba/shops/ProOnline/aktivni
RentAndPlayNeve,Rent and Play Nevesinje,Platinum,Nevesinje,Regija Trebinje,1,0,0,0,18,neaktivan,prvi,,https://olx.ba/shops/RentAndPlayNeve/aktivni
SmartDigitalSH,Smart digital shop,Platinum,Nevesinje,Regija Trebinje,329,322,0,0,18,nije_auto,prvi,shop_category_id nije 17 i histogram nema dominantnu kategoriju 928 (auto dijelovi); nema veze sa automobilima,https://olx.ba/shops/SmartDigitalSH/aktivni
vg073,vg973,Gold,Nevesinje,Regija Trebinje,0,0,0,0,18,neaktivan,prvi,,https://olx.ba/shops/vg073/aktivni
AUTOJELACA,Jelaca Auto DD,Platinum,Novi Grad,Regija Prijedor,43,42,42,1,1,salon,prvi,,https://olx.ba/shops/AUTOJELACA/aktivni
BOBANDES,BOBAN.DES,Platinum,Novi Grad,Regija Prijedor,12,11,11,1,1,salon,prvi,,https://olx.ba/shops/BOBANDES/aktivni
guest_44,Firma je nije kiosk,Platinum,Novi Grad,Regija Prijedor,2,0,0,0,18,neaktivan,prvi,,https://olx.ba/shops/guest_44/aktivni
INTERCOP,Gacic intercop,Platinum,Novi Grad,Regija Prijedor,0,0,0,0,18,neaktivan,prvi,,https://olx.ba/shops/INTERCOP/aktivni
MojAuto_ch,Moj Auto d.o.o.,Platinum,Novi Grad,Regija Prijedor,62,50,50,1,1,salon,prvi,,https://olx.ba/shops/MojAuto_ch/aktivni
bilbao1,bilbao1,Gold,Novi Grad,Regija Prijedor,3,0,0,0,17,neaktivan,prvi,,https://olx.ba/shops/bilbao1/aktivni
DakiPro08,3D Box,Gold,Novi Grad,Regija Prijedor,0,0,0,0,18,neaktivan,prvi,,https://olx.ba/shops/DakiPro08/aktivni
Dareba1211,Dareba.shop,Gold,Novi Grad,Regija Prijedor,0,0,0,0,18,neaktivan,prvi,,https://olx.ba/shops/Dareba1211/aktivni
dragan9228,OLX.BA,Gold,Novi Grad,Regija Prijedor,0,0,0,0,,neaktivan,prvi,,https://olx.ba/shops/dragan9228/aktivni
EKOPelet,bioConcept d.o.o.,Gold,Novi Grad,Regija Prijedor,4,4,0,0,18,nije_auto,prvi,shop_category_id nije 17 i histogram nema dominantnu kategoriju 928 (auto dijelovi); nema veze sa automobilima,https://olx.ba/shops/EKOPelet/aktivni
HIDRO__MONT,HIDROMONT-TEMPO d.o.o.,Gold,Novi Grad,Regija Prijedor,85,85,0,0,18,nije_auto,prvi,shop_category_id nije 17 i histogram nema dominantnu kategoriju 928 (auto dijelovi); nema veze sa automobilima,https://olx.ba/shops/HIDRO__MONT/aktivni
Maki15a,Rale13,Gold,Novi Grad,Regija Prijedor,0,0,0,0,18,neaktivan,prvi,,https://olx.ba/shops/Maki15a/aktivni
MandicDS,Mandic DS,Gold,Novi Grad,Regija Prijedor,4,5,5,1,1,salon,prvi,,https://olx.ba/shops/MandicDS/aktivni
Nindzaz,Nindzaz,Gold,Novi Grad,Regija Prijedor,0,0,0,0,18,neaktivan,prvi,,https://olx.ba/shops/Nindzaz/aktivni
racoje911,Raco911,Gold,Novi Grad,Regija Prijedor,0,0,0,0,18,neaktivan,prvi,,https://olx.ba/shops/racoje911/aktivni
Rodjakkkk,Prodaja,Gold,Novi Grad,Regija Prijedor,3,0,0,0,18,neaktivan,prvi,,https://olx.ba/shops/Rodjakkkk/aktivni
sasagroblje,Sasa ljepija,Gold,Novi Grad,Regija Prijedor,0,0,0,0,,neaktivan,prvi,,https://olx.ba/shops/sasagroblje/aktivni
sasalokepi,Sasaljepijasoopp,Gold,Novi Grad,Regija Prijedor,0,0,0,0,,neaktivan,prvi,,https://olx.ba/shops/sasalokepi/aktivni
sasaprrrr,Olx,Gold,Novi Grad,Regija Prijedor,0,0,0,0,,neaktivan,prvi,,https://olx.ba/shops/sasaprrrr/aktivni
TEMOX_AUTO,Auto KucaM&M Cars D.O.O. Novi Grad,Gold,Novi Grad,Regija Prijedor,40,40,40,1,1,salon,prvi,,https://olx.ba/shops/TEMOX_AUTO/aktivni
Zeljkolazarevic,Zeljko,Gold,Novi Grad,Regija Prijedor,0,0,0,0,18,neaktivan,prvi,,https://olx.ba/shops/Zeljkolazarevic/aktivni
ARESgaMingShop,ProGamingBalkan,Platinum,Novi Travnik,Srednjobosanski kanton,7,1,0,0,18,nije_auto,prvi,shop_category_id nije 17 i histogram nema dominantnu kategoriju 928 (auto dijelovi); nema veze sa automobilima,https://olx.ba/shops/ARESgaMingShop/aktivni
BELEGIC111,BELEGIC111,Platinum,Novi Travnik,Srednjobosanski kanton,0,0,0,0,18,neaktivan,prvi,,https://olx.ba/shops/BELEGIC111/aktivni
Kanticaaaaa,Kanticaaaaa,Platinum,Novi Travnik,Srednjobosanski kanton,0,0,0,0,18,neaktivan,prvi,,https://olx.ba/shops/Kanticaaaaa/aktivni
Kavatdoo,Limited Kavat Store,Platinum,Novi Travnik,Srednjobosanski kanton,125,0,0,0,18,neaktivan,prvi,,https://olx.ba/shops/Kavatdoo/aktivni
kiksnnddn,Hikola since 2022,Platinum,Novi Travnik,Srednjobosanski kanton,0,0,0,0,18,neaktivan,prvi,,https://olx.ba/shops/kiksnnddn/aktivni
Sedin201743,Sedin201743,Platinum,Novi Travnik,Srednjobosanski kanton,0,0,0,0,18,neaktivan,prvi,,https://olx.ba/shops/Sedin201743/aktivni
ANMOBILE,an | mobile,Gold,Novi Travnik,Srednjobosanski kanton,36,36,2,0.05,18,nije_auto,prvi,shop_category_id nije 17 i histogram nema dominantnu kategoriju 928 (auto dijelovi); nema veze sa automobilima,https://olx.ba/shops/ANMOBILE/aktivni
davordr,Davor,Gold,Novi Travnik,Srednjobosanski kanton,4,2,2,1,1,salon,prvi,,https://olx.ba/shops/davordr/aktivni
dragann85,Dragann13,Gold,Novi Travnik,Srednjobosanski kanton,0,0,0,0,18,neaktivan,prvi,,https://olx.ba/shops/dragann85/aktivni
Ernoerno234,Ernoerno234,Gold,Novi Travnik,Srednjobosanski kanton,0,0,0,0,18,neaktivan,prvi,,https://olx.ba/shops/Ernoerno234/aktivni
Espace00,Tablerone33,Gold,Novi Travnik,Srednjobosanski kanton,0,0,0,0,18,neaktivan,prvi,,https://olx.ba/shops/Espace00/aktivni
hariszu7,haris,Gold,Novi Travnik,Srednjobosanski kanton,0,0,0,0,18,neaktivan,prvi,,https://olx.ba/shops/hariszu7/aktivni
OnlineMixShop,online_mix_shop,Gold,Novi Travnik,Srednjobosanski kanton,1406,1145,0,0,18,nije_auto,prvi,shop_category_id nije 17 i histogram nema dominantnu kategoriju 928 (auto dijelovi); nema veze sa automobilima,https://olx.ba/shops/OnlineMixShop/aktivni
sedino94325,Zahirovic,Gold,Novi Travnik,Srednjobosanski kanton,0,0,0,0,,neaktivan,prvi,,https://olx.ba/shops/sedino94325/aktivni
SteelProject,STEEL PROJECT d.o.o.,Gold,Novi Travnik,Srednjobosanski kanton,6,0,0,0,2,neaktivan,prvi,,https://olx.ba/shops/SteelProject/aktivni
woomart,Woomart,Gold,Novi Travnik,Srednjobosanski kanton,215,216,0,0,18,nije_auto,prvi,shop_category_id nije 17 i histogram nema dominantnu kategoriju 928 (auto dijelovi); nema veze sa automobilima,https://olx.ba/shops/woomart/aktivni
Brdarcomputers,Brdarcomputers,Platinum,Odžak,Posavski kanton,0,0,0,0,,neaktivan,prvi,,https://olx.ba/shops/Brdarcomputers/aktivni
DigitaliNope,DigitaliNope,Platinum,Odžak,Posavski kanton,0,0,0,0,18,neaktivan,prvi,,https://olx.ba/shops/DigitaliNope/aktivni
Orbixa,Orbixa,Platinum,Odžak,Posavski kanton,1,1,0,0,18,nije_auto,prvi,shop_category_id nije 17 i histogram nema dominantnu kategoriju 928 (auto dijelovi); nema veze sa automobilima,https://olx.ba/shops/Orbixa/aktivni
ASSenkovic,ASSenkovic,Gold,Odžak,Posavski kanton,36,0,0,0,,neaktivan,prvi,,https://olx.ba/shops/ASSenkovic/aktivni
FehimAhmetovic,TechHome,Gold,Odžak,Posavski kanton,0,0,0,0,,neaktivan,prvi,,https://olx.ba/shops/FehimAhmetovic/aktivni
Masicanto18,Masicanto18,Gold,Odžak,Posavski kanton,0,0,0,0,,neaktivan,prvi,,https://olx.ba/shops/Masicanto18/aktivni
Max_Shop,MaxShop,Gold,Odžak,Posavski kanton,384,384,0,0,18,nije_auto,prvi,shop_category_id nije 17 i histogram nema dominantnu kategoriju 928 (auto dijelovi); nema veze sa automobilima,https://olx.ba/shops/Max_Shop/aktivni
SKODAODZAK,ŠKODA - AS SENKOVIĆ ODŽAK,Gold,Odžak,Posavski kanton,4,4,4,1,1,salon,prvi,,https://olx.ba/shops/SKODAODZAK/aktivni
srcajdinovici,AJDINOVICI,Platinum,Olovo,Zeničko-dobojski kanton,0,0,0,0,,neaktivan,prvi,,https://olx.ba/shops/srcajdinovici/aktivni
alenmerdan123,https://alen.olx.ba,Gold,Olovo,Zeničko-dobojski kanton,0,0,0,0,18,neaktivan,prvi,,https://olx.ba/shops/alenmerdan123/aktivni
djukaolovo,Bjelic,Gold,Olovo,Zeničko-dobojski kanton,0,0,0,0,18,neaktivan,prvi,,https://olx.ba/shops/djukaolovo/aktivni
preradadrvetabo,Preradadrveta,Gold,Olovo,Zeničko-dobojski kanton,0,0,0,0,18,neaktivan,prvi,,https://olx.ba/shops/preradadrvetabo/aktivni
Autotec,Autotec doo,Platinum,Orašje,Posavski kanton,122,122,0,0,17,dijelovi,prvi,,https://olx.ba/shops/Autotec/aktivni
BRANDS,Brands,Gold,Orašje,Posavski kanton,314,314,0,0,18,nije_auto,prvi,shop_category_id nije 17 i histogram nema dominantnu kategoriju 928 (auto dijelovi); nema veze sa automobilima,https://olx.ba/shops/BRANDS/aktivni
DHMA,DHMA,Gold,Orašje,Posavski kanton,867,734,37,0.05,18,nije_auto,prvi,shop_category_id nije 17 i histogram nema dominantnu kategoriju 928 (auto dijelovi); nema veze sa automobilima,https://olx.ba/shops/DHMA/aktivni
matok1,Automobili vozila,Gold,Orašje,Posavski kanton,0,0,0,0,2,neaktivan,prvi,,https://olx.ba/shops/matok1/aktivni
Maxhof_Shop,Maxhof_Shop,Gold,Orašje,Posavski kanton,0,0,0,0,18,neaktivan,prvi,,https://olx.ba/shops/Maxhof_Shop/aktivni
QuantumComp,Quantum Computers,Gold,Orašje,Posavski kanton,24,4,0,0,18,nije_auto,prvi,shop_category_id nije 17 i histogram nema dominantnu kategoriju 928 (auto dijelovi); nema veze sa automobilima,https://olx.ba/shops/QuantumComp/aktivni
Tronex_MobilM,Tronex-Mobilmedia d.o.o.,Gold,Orašje,Posavski kanton,860,521,0,0,18,nije_auto,prvi,shop_category_id nije 17 i histogram nema dominantnu kategoriju 928 (auto dijelovi); nema veze sa automobilima,https://olx.ba/shops/Tronex_MobilM/aktivni
ZK007,ZK007,Gold,Orašje,Posavski kanton,1,0,0,0,,neaktivan,prvi,,https://olx.ba/shops/ZK007/aktivni
Sinergo,Sinergo,Gold,Osmaci,Regija Bijeljina,3,3,0,0,18,nije_auto,prvi,shop_category_id nije 17 i histogram nema dominantnu kategoriju 928 (auto dijelovi); nema veze sa automobilima,https://olx.ba/shops/Sinergo/aktivni
AUTORASEVIC,Auto Rasevic Komisiona prodaja,Platinum,Pale,Regija Istočno Sarajevo,39,39,37,0.95,1,salon,prvi,,https://olx.ba/shops/AUTORASEVIC/aktivni
ImperialPale,Imperial nekretnine,Platinum,Pale,Regija Istočno Sarajevo,76,68,0,0,2,nije_auto,prvi,shop_category_id nije 17 i histogram nema dominantnu kategoriju 928 (auto dijelovi); nema veze sa automobilima,https://olx.ba/shops/ImperialPale/aktivni
Jelenaaa81,Jelenaaa81,Platinum,Pale,Regija Istočno Sarajevo,0,0,0,0,2,neaktivan,prvi,,https://olx.ba/shops/Jelenaaa81/aktivni
NekretnineVuk,"Agencija za nekretnine ""VUKSANOVIĆ PREMIUM"" Pale",Platinum,Pale,Regija Istočno Sarajevo,86,85,0,0,2,nije_auto,prvi,shop_category_id nije 17 i histogram nema dominantnu kategoriju 928 (auto dijelovi); nema veze sa automobilima,https://olx.ba/shops/NekretnineVuk/aktivni
ANGELS_Cars,ANGELS,Gold,Pale,Regija Istočno Sarajevo,7,0,0,0,1,neaktivan,prvi,,https://olx.ba/shops/ANGELS_Cars/aktivni
FOREXXX,FOREX,Gold,Pale,Regija Istočno Sarajevo,0,0,0,0,18,neaktivan,prvi,,https://olx.ba/shops/FOREXXX/aktivni
Lenterijer,Lamperija Enterijer,Gold,Pale,Regija Istočno Sarajevo,57,56,0,0,18,nije_auto,prvi,shop_category_id nije 17 i histogram nema dominantnu kategoriju 928 (auto dijelovi); nema veze sa automobilima,https://olx.ba/shops/Lenterijer/aktivni
Medo1233214,lukakovacevic_2014,Gold,Pale,Regija Istočno Sarajevo,0,0,0,0,18,neaktivan,prvi,,https://olx.ba/shops/Medo1233214/aktivni
ONIXSP,Onix SP,Gold,Pale,Regija Istočno Sarajevo,7,0,0,0,18,neaktivan,prvi,,https://olx.ba/shops/ONIXSP/aktivni
PKraljica,Planinska Kraljica,Gold,Pale,Regija Istočno Sarajevo,2,0,0,0,,neaktivan,prvi,,https://olx.ba/shops/PKraljica/aktivni
Villa_Dinarica,DUBOS doo Sarajevo,Gold,Pale,Regija Istočno Sarajevo,0,0,0,0,2,neaktivan,prvi,,https://olx.ba/shops/Villa_Dinarica/aktivni
jugojovickakmuz,Pik.ba,Gold,Petrovo,Regija Doboj,0,0,0,0,18,neaktivan,prvi,,https://olx.ba/shops/jugojovickakmuz/aktivni
Panex,PANEX,Gold,Petrovo,Regija Doboj,8,8,0,0,18,nije_auto,prvi,shop_category_id nije 17 i histogram nema dominantnu kategoriju 928 (auto dijelovi); nema veze sa automobilima,https://olx.ba/shops/Panex/aktivni
BASICCAR,BASICCAR,Platinum,Posušje,Zapadnohercegovački kanton,2,2,2,1,1,salon,prvi,,https://olx.ba/shops/BASICCAR/aktivni
CARBA,CARBA,Platinum,Posušje,Zapadnohercegovački kanton,28500,28545,0,0,17,dijelovi,prvi,,https://olx.ba/shops/CARBA/aktivni
ENERGO,Energo d.o.o.,Platinum,Posušje,Zapadnohercegovački kanton,863,863,0,0,18,nije_auto,prvi,shop_category_id nije 17 i histogram nema dominantnu kategoriju 928 (auto dijelovi); nema veze sa automobilima,https://olx.ba/shops/ENERGO/aktivni
GTSauto,GTSauto,Platinum,Posušje,Zapadnohercegovački kanton,55,49,49,1,1,salon,prvi,,https://olx.ba/shops/GTSauto/aktivni
Marikuza,Marikuza,Platinum,Posušje,Zapadnohercegovački kanton,0,0,0,0,,neaktivan,prvi,,https://olx.ba/shops/Marikuza/aktivni
SB1Posusje,SB1Posusje,Platinum,Posušje,Zapadnohercegovački kanton,206,206,0,0,18,nije_auto,prvi,shop_category_id nije 17 i histogram nema dominantnu kategoriju 928 (auto dijelovi); nema veze sa automobilima,https://olx.ba/shops/SB1Posusje/aktivni
timadore,4x4,Platinum,Posušje,Zapadnohercegovački kanton,4505,4484,0,0,17,dijelovi,prvi,,https://olx.ba/shops/timadore/aktivni
AUTOCUTURA,Auto Čutura d.o.o.,Gold,Posušje,Zapadnohercegovački kanton,1,1,1,1,1,salon,prvi,,https://olx.ba/shops/AUTOCUTURA/aktivni
AutoDanijel,AutoDanijel,Gold,Posušje,Zapadnohercegovački kanton,2,2,2,1,1,salon,prvi,,https://olx.ba/shops/AutoDanijel/aktivni
AUTOMATINGER,AUTOMATINGER,Gold,Posušje,Zapadnohercegovački kanton,9,9,9,1,1,salon,prvi,,https://olx.ba/shops/AUTOMATINGER/aktivni
BGLAUTO,BGL Commerce,Gold,Posušje,Zapadnohercegovački kanton,2,2,2,1,1,salon,prvi,,https://olx.ba/shops/BGLAUTO/aktivni
Filip1412,Olx.ba,Gold,Posušje,Zapadnohercegovački kanton,0,0,0,0,,neaktivan,prvi,,https://olx.ba/shops/Filip1412/aktivni
LagerGrupa,LAGER DOO,Gold,Posušje,Zapadnohercegovački kanton,379,379,0,0,18,nije_auto,prvi,shop_category_id nije 17 i histogram nema dominantnu kategoriju 928 (auto dijelovi); nema veze sa automobilima,https://olx.ba/shops/LagerGrupa/aktivni
MarioBasic,mario basic,Gold,Posušje,Zapadnohercegovački kanton,3,3,3,1,1,salon,prvi,,https://olx.ba/shops/MarioBasic/aktivni
Matej918373m,Matej918373m,Gold,Posušje,Zapadnohercegovački kanton,0,0,0,0,18,neaktivan,prvi,,https://olx.ba/shops/Matej918373m/aktivni
MUKINJEDOO,MUKINJEDOO,Gold,Posušje,Zapadnohercegovački kanton,3581,3581,0,0,18,nije_auto,prvi,shop_category_id nije 17 i histogram nema dominantnu kategoriju 928 (auto dijelovi); nema veze sa automobilima,https://olx.ba/shops/MUKINJEDOO/aktivni
NAJBOLJE_ZA_VAS,NAJBOLJE_ZA_VAS,Gold,Posušje,Zapadnohercegovački kanton,0,0,0,0,,neaktivan,prvi,,https://olx.ba/shops/NAJBOLJE_ZA_VAS/aktivni
penava252,Penava123,Gold,Posušje,Zapadnohercegovački kanton,0,0,0,0,,neaktivan,prvi,,https://olx.ba/shops/penava252/aktivni
Providerdoo,Provider1,Gold,Posušje,Zapadnohercegovački kanton,18,17,0,0,18,nije_auto,prvi,shop_category_id nije 17 i histogram nema dominantnu kategoriju 928 (auto dijelovi); nema veze sa automobilima,https://olx.ba/shops/Providerdoo/aktivni
soldinjo234,Ante2234,Gold,Posušje,Zapadnohercegovački kanton,0,0,0,0,18,neaktivan,prvi,,https://olx.ba/shops/soldinjo234/aktivni
ToniB97,ToniB97,Gold,Posušje,Zapadnohercegovački kanton,11,10,0,0,17,dijelovi,prvi,,https://olx.ba/shops/ToniB97/aktivni
Vidic_1,Olix,Gold,Posušje,Zapadnohercegovački kanton,0,0,0,0,18,neaktivan,prvi,,https://olx.ba/shops/Vidic_1/aktivni
admirh387,Admir,Platinum,Prijedor,Regija Prijedor,0,0,0,0,18,neaktivan,prvi,,https://olx.ba/shops/admirh387/aktivni
agropluspd,AGRO I ALTAI DOO,Platinum,Prijedor,Regija Prijedor,0,0,0,0,,neaktivan,prvi,,https://olx.ba/shops/agropluspd/aktivni
Auto_Room_Pd,Bi Company,Platinum,Prijedor,Regija Prijedor,3299,3299,0,0,17,dijelovi,prvi,,https://olx.ba/shops/Auto_Room_Pd/aktivni
AutocentarMax,Autocentar Max,Platinum,Prijedor,Regija Prijedor,6,6,6,1,1,salon,prvi,,https://olx.ba/shops/AutocentarMax/aktivni
autodijelovipd,Autodijelovi Prijedor,Platinum,Prijedor,Regija Prijedor,16820,16813,0,0,17,dijelovi,prvi,,https://olx.ba/shops/autodijelovipd/aktivni
Autolimun11,Limun auto dijelovi,Platinum,Prijedor,Regija Prijedor,11874,11958,0,0,17,dijelovi,prvi,,https://olx.ba/shops/Autolimun11/aktivni
Auyun,Auyun,Platinum,Prijedor,Regija Prijedor,0,0,0,0,2,neaktivan,prvi,,https://olx.ba/shops/Auyun/aktivni
Bizniscentar10,Bizniscentar10,Platinum,Prijedor,Regija Prijedor,1,0,0,0,2,neaktivan,prvi,,https://olx.ba/shops/Bizniscentar10/aktivni
grga_a,n,Platinum,Prijedor,Regija Prijedor,10,0,0,0,18,neaktivan,prvi,,https://olx.ba/shops/grga_a/aktivni
Marex111,SP MAREX WHEELS,Platinum,Prijedor,Regija Prijedor,133,133,0,0,17,dijelovi,prvi,,https://olx.ba/shops/Marex111/aktivni
Mi4_ca2,Mi4_ca2,Platinum,Prijedor,Regija Prijedor,0,0,0,0,18,neaktivan,prvi,,https://olx.ba/shops/Mi4_ca2/aktivni
MOBIL_AUTO,MOBIL_AUTO,Platinum,Prijedor,Regija Prijedor,55,54,54,1,1,salon,prvi,,https://olx.ba/shops/MOBIL_AUTO/aktivni
MukiServis,MukiServis,Platinum,Prijedor,Regija Prijedor,2258,2257,0,0,17,dijelovi,prvi,,https://olx.ba/shops/MukiServis/aktivni
Pavle_1136,Pavle_1136,Platinum,Prijedor,Regija Prijedor,1,1,0,0,18,nije_auto,prvi,shop_category_id nije 17 i histogram nema dominantnu kategoriju 928 (auto dijelovi); nema veze sa automobilima,https://olx.ba/shops/Pavle_1136/aktivni
rasimadergic23,Drc,Platinum,Prijedor,Regija Prijedor,0,0,0,0,18,neaktivan,prvi,,https://olx.ba/shops/rasimadergic23/aktivni
rasimadergic5,Drc,Platinum,Prijedor,Regija Prijedor,0,0,0,0,18,neaktivan,prvi,,https://olx.ba/shops/rasimadergic5/aktivni
RoundlinerBHdoo,RoundlinerBHdoo,Platinum,Prijedor,Regija Prijedor,0,0,0,0,2,neaktivan,prvi,,https://olx.ba/shops/RoundlinerBHdoo/aktivni
Aleksandar15566,Merkur,Gold,Prijedor,Regija Prijedor,12,0,0,0,18,neaktivan,prvi,,https://olx.ba/shops/Aleksandar15566/aktivni
amel1rajfa,amel-rajfa,Gold,Prijedor,Regija Prijedor,0,0,0,0,,neaktivan,prvi,,https://olx.ba/shops/amel1rajfa/aktivni
AT_AUTO,AT_AUTO,Gold,Prijedor,Regija Prijedor,9,8,8,1,1,salon,prvi,,https://olx.ba/shops/AT_AUTO/aktivni
Auto_Room,Bi Company,Gold,Prijedor,Regija Prijedor,953,953,0,0,17,dijelovi,prvi,,https://olx.ba/shops/Auto_Room/aktivni
AUTOGIGA,AUTO GIGA,Gold,Prijedor,Regija Prijedor,5,5,5,1,1,salon,prvi,,https://olx.ba/shops/AUTOGIGA/aktivni
autootpaddzeda,autootpaddzeda,Gold,Prijedor,Regija Prijedor,253,253,0,0,17,dijelovi,prvi,,https://olx.ba/shops/autootpaddzeda/aktivni
autoraca,Auto Rača,Gold,Prijedor,Regija Prijedor,26,24,24,1,1,salon,prvi,,https://olx.ba/shops/autoraca/aktivni
Bica1975,Bica75,Gold,Prijedor,Regija Prijedor,2,0,0,0,18,neaktivan,prvi,,https://olx.ba/shops/Bica1975/aktivni
breza1978,SINISA MARCETA,Gold,Prijedor,Regija Prijedor,12,11,0,0,18,nije_auto,prvi,shop_category_id nije 17 i histogram nema dominantnu kategoriju 928 (auto dijelovi); nema veze sa automobilima,https://olx.ba/shops/breza1978/aktivni
Ceca10590,Pik.ba,Gold,Prijedor,Regija Prijedor,0,0,0,0,18,neaktivan,prvi,,https://olx.ba/shops/Ceca10590/aktivni
DAMAS00,DAMAS00,Gold,Prijedor,Regija Prijedor,0,0,0,0,18,neaktivan,prvi,,https://olx.ba/shops/DAMAS00/aktivni
elviss996,jelvis,Gold,Prijedor,Regija Prijedor,0,0,0,0,18,neaktivan,prvi,,https://olx.ba/shops/elviss996/aktivni
goga12347899,Goga12345,Gold,Prijedor,Regija Prijedor,0,0,0,0,18,neaktivan,prvi,,https://olx.ba/shops/goga12347899/aktivni
Goran65vinston,OLX SOP,Gold,Prijedor,Regija Prijedor,0,0,0,0,,neaktivan,prvi,,https://olx.ba/shops/Goran65vinston/aktivni
hristosanesti,Pik ba,Gold,Prijedor,Regija Prijedor,0,0,0,0,18,neaktivan,prvi,,https://olx.ba/shops/hristosanesti/aktivni
makarije052,Honda accord,Gold,Prijedor,Regija Prijedor,0,0,0,0,18,neaktivan,prvi,,https://olx.ba/shops/makarije052/aktivni
mamjuz,Distanceri i adapteri Prijedor,Gold,Prijedor,Regija Prijedor,15,15,0,0,17,dijelovi,prvi,,https://olx.ba/shops/mamjuz/aktivni
nekretninesik,Šikman group d.o.o.,Gold,Prijedor,Regija Prijedor,21,21,0,0,2,nije_auto,prvi,shop_category_id nije 17 i histogram nema dominantnu kategoriju 928 (auto dijelovi); nema veze sa automobilima,https://olx.ba/shops/nekretninesik/aktivni
ogip10,ogip10,Gold,Prijedor,Regija Prijedor,2,0,0,0,,neaktivan,prvi,,https://olx.ba/shops/ogip10/aktivni
osebrik,Pik.ba,Gold,Prijedor,Regija Prijedor,0,0,0,0,18,neaktivan,prvi,,https://olx.ba/shops/osebrik/aktivni
PoljoSTART,PoljoSTART,Gold,Prijedor,Regija Prijedor,528,514,0,0,18,nije_auto,prvi,shop_category_id nije 17 i histogram nema dominantnu kategoriju 928 (auto dijelovi); nema veze sa automobilima,https://olx.ba/shops/PoljoSTART/aktivni
radenko_v,5,Gold,Prijedor,Regija Prijedor,1,0,0,0,17,neaktivan,prvi,,https://olx.ba/shops/radenko_v/aktivni
Rasce12,Rasce12,Gold,Prijedor,Regija Prijedor,0,0,0,0,18,neaktivan,prvi,,https://olx.ba/shops/Rasce12/aktivni
S7_P7,S7-Shop,Gold,Prijedor,Regija Prijedor,16,16,0,0,18,nije_auto,prvi,shop_category_id nije 17 i histogram nema dominantnu kategoriju 928 (auto dijelovi); nema veze sa automobilima,https://olx.ba/shops/S7_P7/aktivni
sabanbeglic90,Opel astra,Gold,Prijedor,Regija Prijedor,0,0,0,0,18,neaktivan,prvi,,https://olx.ba/shops/sabanbeglic90/aktivni
slobo989,slobo989,Gold,Prijedor,Regija Prijedor,6722,6717,0,0,17,dijelovi,prvi,,https://olx.ba/shops/slobo989/aktivni
Tadic021,H,Gold,Prijedor,Regija Prijedor,0,0,0,0,18,neaktivan,prvi,,https://olx.ba/shops/Tadic021/aktivni
Tanja130,Tanja130,Gold,Prijedor,Regija Prijedor,2,2,0,0,2,nije_auto,prvi,shop_category_id nije 17 i histogram nema dominantnu kategoriju 928 (auto dijelovi); nema veze sa automobilima,https://olx.ba/shops/Tanja130/aktivni
tijanaamij,Tijana,Gold,Prijedor,Regija Prijedor,0,0,0,0,18,neaktivan,prvi,,https://olx.ba/shops/tijanaamij/aktivni
TORZOKOM,TORZOKOM D.O.O.,Gold,Prijedor,Regija Prijedor,932,799,0,0,18,nije_auto,prvi,shop_category_id nije 17 i histogram nema dominantnu kategoriju 928 (auto dijelovi); nema veze sa automobilima,https://olx.ba/shops/TORZOKOM/aktivni
vanos46,e46shop,Gold,Prijedor,Regija Prijedor,0,0,0,0,,neaktivan,prvi,,https://olx.ba/shops/vanos46/aktivni
VhsTrade,VHS TRADE,Gold,Prijedor,Regija Prijedor,19,19,0,0,2,nije_auto,prvi,shop_category_id nije 17 i histogram nema dominantnu kategoriju 928 (auto dijelovi); nema veze sa automobilima,https://olx.ba/shops/VhsTrade/aktivni
vibbon,Boky,Gold,Prijedor,Regija Prijedor,1,0,0,0,17,neaktivan,prvi,,https://olx.ba/shops/vibbon/aktivni
VKVAUTO,Prodaja I prevoz polovnih vozila &quot;VKV AUTO&quot;,Gold,Prijedor,Regija Prijedor,19,19,19,1,1,salon,prvi,,https://olx.ba/shops/VKVAUTO/aktivni
vuklk,Petrov gaj ,Gold,Prijedor,Regija Prijedor,0,0,0,0,,neaktivan,prvi,,https://olx.ba/shops/vuklk/aktivni
ASAUTODD,AS AUTO DD d.o.o.,Platinum,Prnjavor,Regija Banja Luka,46,45,45,1,1,salon,prvi,,https://olx.ba/shops/ASAUTODD/aktivni
Bojan79830,Bojan79830,Platinum,Prnjavor,Regija Banja Luka,23,25,25,1,1,salon,prvi,,https://olx.ba/shops/Bojan79830/aktivni
ekomak,Ekohpe d.o.o.,Platinum,Prnjavor,Regija Banja Luka,61,60,0,0,18,nije_auto,prvi,shop_category_id nije 17 i histogram nema dominantnu kategoriju 928 (auto dijelovi); nema veze sa automobilima,https://olx.ba/shops/ekomak/aktivni
Goran_Simke,Goran_Simke,Platinum,Prnjavor,Regija Banja Luka,0,0,0,0,18,neaktivan,prvi,,https://olx.ba/shops/Goran_Simke/aktivni
jelenasimonic,AUTO WILL DIJELOVI,Platinum,Prnjavor,Regija Banja Luka,11026,10752,0,0,17,dijelovi,prvi,,https://olx.ba/shops/jelenasimonic/aktivni
malossi,Malossi,Platinum,Prnjavor,Regija Banja Luka,12166,12191,0,0,17,dijelovi,prvi,,https://olx.ba/shops/malossi/aktivni
Man004,Man004,Platinum,Prnjavor,Regija Banja Luka,0,0,0,0,,neaktivan,prvi,,https://olx.ba/shops/Man004/aktivni
peulaa,Dario,Platinum,Prnjavor,Regija Banja Luka,0,0,0,0,18,neaktivan,prvi,,https://olx.ba/shops/peulaa/aktivni
realauto,realauto,Platinum,Prnjavor,Regija Banja Luka,9,9,9,1,1,salon,prvi,,https://olx.ba/shops/realauto/aktivni
SPEED_AUTO,SPEED_AUTO,Platinum,Prnjavor,Regija Banja Luka,5598,5613,0,0,17,dijelovi,prvi,,https://olx.ba/shops/SPEED_AUTO/aktivni
VDTOPICDOO,V.D TOPIĆ d.o.o,Platinum,Prnjavor,Regija Banja Luka,16396,16472,0,0,17,dijelovi,prvi,,https://olx.ba/shops/VDTOPICDOO/aktivni
AQUASYSTEM,AQUASYSTEM,Gold,Prnjavor,Regija Banja Luka,456,378,0,0,18,nije_auto,prvi,shop_category_id nije 17 i histogram nema dominantnu kategoriju 928 (auto dijelovi); nema veze sa automobilima,https://olx.ba/shops/AQUASYSTEM/aktivni
arhenije123,miloš duronjić,Gold,Prnjavor,Regija Banja Luka,0,0,0,0,18,neaktivan,prvi,,https://olx.ba/shops/arhenije123/aktivni
BFShoes,BFShoes,Gold,Prnjavor,Regija Banja Luka,0,0,0,0,18,neaktivan,prvi,,https://olx.ba/shops/BFShoes/aktivni
CNCDT,CNCDT,Gold,Prnjavor,Regija Banja Luka,18,18,0,0,18,nije_auto,prvi,shop_category_id nije 17 i histogram nema dominantnu kategoriju 928 (auto dijelovi); nema veze sa automobilima,https://olx.ba/shops/CNCDT/aktivni
Crniandjeo0908,OLX. BA,Gold,Prnjavor,Regija Banja Luka,0,0,0,0,,neaktivan,prvi,,https://olx.ba/shops/Crniandjeo0908/aktivni
davidasGT,davidasGT,Gold,Prnjavor,Regija Banja Luka,0,0,0,0,,neaktivan,prvi,,https://olx.ba/shops/davidasGT/aktivni
ddinox,DD INOX-pro,Gold,Prnjavor,Regija Banja Luka,61,58,0,0,18,nije_auto,prvi,shop_category_id nije 17 i histogram nema dominantnu kategoriju 928 (auto dijelovi); nema veze sa automobilima,https://olx.ba/shops/ddinox/aktivni
djedacule,0ppp0l,Gold,Prnjavor,Regija Banja Luka,0,0,0,0,18,neaktivan,prvi,,https://olx.ba/shops/djedacule/aktivni
FLIX,FLIX,Gold,Prnjavor,Regija Banja Luka,3688,2308,0,0,17,dijelovi,prvi,,https://olx.ba/shops/FLIX/aktivni
gradnja44,VScompany,Gold,Prnjavor,Regija Banja Luka,5,3,0,0,18,nije_auto,prvi,shop_category_id nije 17 i histogram nema dominantnu kategoriju 928 (auto dijelovi); nema veze sa automobilima,https://olx.ba/shops/gradnja44/aktivni
GUMIKO,Gumiko,Gold,Prnjavor,Regija Banja Luka,1946,1934,0,0,17,dijelovi,prvi,,https://olx.ba/shops/GUMIKO/aktivni
kudric_s1,Prodaja auta,Gold,Prnjavor,Regija Banja Luka,0,0,0,0,18,neaktivan,prvi,,https://olx.ba/shops/kudric_s1/aktivni
kudric_s12,Mlin za zito,Gold,Prnjavor,Regija Banja Luka,0,0,0,0,18,neaktivan,prvi,,https://olx.ba/shops/kudric_s12/aktivni
Luka11663bih,Prodaja,Gold,Prnjavor,Regija Banja Luka,0,0,0,0,18,neaktivan,prvi,,https://olx.ba/shops/Luka11663bih/aktivni
LUKAS,Lukas TR,Gold,Prnjavor,Regija Banja Luka,712,700,0,0,18,nije_auto,prvi,shop_category_id nije 17 i histogram nema dominantnu kategoriju 928 (auto dijelovi); nema veze sa automobilima,https://olx.ba/shops/LUKAS/aktivni
MalijevicAuto,MalijevicAuto,Gold,Prnjavor,Regija Banja Luka,16,17,17,1,1,salon,prvi,,https://olx.ba/shops/MalijevicAuto/aktivni
mili_c,mili_c,Gold,Prnjavor,Regija Banja Luka,0,0,0,0,18,neaktivan,prvi,,https://olx.ba/shops/mili_c/aktivni
MoserDiS,MoserDiS,Gold,Prnjavor,Regija Banja Luka,224,224,0,0,18,nije_auto,prvi,shop_category_id nije 17 i histogram nema dominantnu kategoriju 928 (auto dijelovi); nema veze sa automobilima,https://olx.ba/shops/MoserDiS/aktivni
radilic,Pcelinjak,Gold,Prnjavor,Regija Banja Luka,0,0,0,0,18,neaktivan,prvi,,https://olx.ba/shops/radilic/aktivni
S333,S333,Gold,Prnjavor,Regija Banja Luka,5,5,5,1,1,salon,prvi,,https://olx.ba/shops/S333/aktivni
sagashop,Saga,Gold,Prnjavor,Regija Banja Luka,250,248,12,0.05,18,nije_auto,prvi,shop_category_id nije 17 i histogram nema dominantnu kategoriju 928 (auto dijelovi); nema veze sa automobilima,https://olx.ba/shops/sagashop/aktivni
Stefan723,OLX. BA,Gold,Prnjavor,Regija Banja Luka,0,0,0,0,,neaktivan,prvi,,https://olx.ba/shops/Stefan723/aktivni
unikatlux,Unikat Lux,Gold,Prnjavor,Regija Banja Luka,9,0,0,0,18,neaktivan,prvi,,https://olx.ba/shops/unikatlux/aktivni
wantri1,Autootpad Trivan,Gold,Prnjavor,Regija Banja Luka,4573,4573,0,0,17,dijelovi,prvi,,https://olx.ba/shops/wantri1/aktivni
Zeljko_Topic,Zeljko Topic,Gold,Prnjavor,Regija Banja Luka,16,17,17,1,1,salon,prvi,,https://olx.ba/shops/Zeljko_Topic/aktivni
zemundoo,Zemun,Gold,Prnjavor,Regija Banja Luka,8,8,8,1,1,salon,prvi,,https://olx.ba/shops/zemundoo/aktivni
Cokojaoo,OLX,Gold,Prozor,Hercegovačko-neretvanski kanton,0,0,0,0,,neaktivan,prvi,,https://olx.ba/shops/Cokojaoo/aktivni
Mimoyx,Mimoyx,Gold,Prozor,Hercegovačko-neretvanski kanton,0,0,0,0,,neaktivan,prvi,,https://olx.ba/shops/Mimoyx/aktivni
Smokkaking,smokkashop,Gold,Ravno,Hercegovačko-neretvanski kanton,15,0,0,0,,neaktivan,prvi,,https://olx.ba/shops/Smokkaking/aktivni
momke,Goran Galić gigi,Platinum,Ribnik,Regija Banja Luka,0,0,0,0,18,neaktivan,prvi,,https://olx.ba/shops/momke/aktivni
LUKASJA,LUKAS SAV,Gold,Ribnik,Regija Banja Luka,0,0,0,0,18,neaktivan,prvi,,https://olx.ba/shops/LUKASJA/aktivni
nnmen84,Nnmen,Gold,Rogatica,Regija Istočno Sarajevo,0,0,0,0,18,neaktivan,prvi,,https://olx.ba/shops/nnmen84/aktivni
oliviak,Olivia t.,Platinum,Rudo,Regija Istočno Sarajevo,0,0,0,0,18,neaktivan,prvi,,https://olx.ba/shops/oliviak/aktivni
luka1111ww,zokahome,Gold,Rudo,Regija Istočno Sarajevo,5,0,0,0,18,neaktivan,prvi,,https://olx.ba/shops/luka1111ww/aktivni
jfglmn,Samuraj,Gold,Šamac,Regija Doboj,0,0,0,0,18,neaktivan,prvi,,https://olx.ba/shops/jfglmn/aktivni
mladen2023,Mladen Kojić,Gold,Šamac,Regija Doboj,0,0,0,0,18,neaktivan,prvi,,https://olx.ba/shops/mladen2023/aktivni
WorldWideBiH,World Wide BiH,Gold,Šamac,Regija Doboj,0,0,0,0,18,neaktivan,prvi,,https://olx.ba/shops/WorldWideBiH/aktivni
autoedner,Auto Edner d.o.o,Platinum,Sanski Most,Unsko-sanski kanton,40,53,53,1,1,salon,prvi,,https://olx.ba/shops/autoedner/aktivni
AutoOmic,Auto Omić d.o.o.,Platinum,Sanski Most,Unsko-sanski kanton,23,23,23,1,1,salon,prvi,,https://olx.ba/shops/AutoOmic/aktivni
Catic326,B,Platinum,Sanski Most,Unsko-sanski kanton,0,0,0,0,18,neaktivan,prvi,,https://olx.ba/shops/Catic326/aktivni
Malicrniveliki,Malicrniveliki,Platinum,Sanski Most,Unsko-sanski kanton,0,0,0,0,18,neaktivan,prvi,,https://olx.ba/shops/Malicrniveliki/aktivni
MegasparDOO,MegasparDOO,Platinum,Sanski Most,Unsko-sanski kanton,308,304,0,0,18,nije_auto,prvi,shop_category_id nije 17 i histogram nema dominantnu kategoriju 928 (auto dijelovi); nema veze sa automobilima,https://olx.ba/shops/MegasparDOO/aktivni
Murizbosna,online_shopp,Platinum,Sanski Most,Unsko-sanski kanton,1,0,0,0,18,neaktivan,prvi,,https://olx.ba/shops/Murizbosna/aktivni
PlanetMarket,MEGA CENTAR D.O.O.,Platinum,Sanski Most,Unsko-sanski kanton,1611,1622,0,0,18,nije_auto,prvi,shop_category_id nije 17 i histogram nema dominantnu kategoriju 928 (auto dijelovi); nema veze sa automobilima,https://olx.ba/shops/PlanetMarket/aktivni
Ratocareni123,Alen alisic,Platinum,Sanski Most,Unsko-sanski kanton,0,0,0,0,18,neaktivan,prvi,,https://olx.ba/shops/Ratocareni123/aktivni
Aventi,Aventi,Gold,Sanski Most,Unsko-sanski kanton,0,0,0,0,1,neaktivan,prvi,,https://olx.ba/shops/Aventi/aktivni
ernadbiscevic,Pik,Gold,Sanski Most,Unsko-sanski kanton,0,0,0,0,18,neaktivan,prvi,,https://olx.ba/shops/ernadbiscevic/aktivni
fadila926292825,Aelim,Gold,Sanski Most,Unsko-sanski kanton,0,0,0,0,18,neaktivan,prvi,,https://olx.ba/shops/fadila926292825/aktivni
nisvet2234,Ilija.ba,Gold,Sanski Most,Unsko-sanski kanton,0,0,0,0,18,neaktivan,prvi,,https://olx.ba/shops/nisvet2234/aktivni
Agrofam,AGROFAM d.o.o.,Platinum,Sapna,Tuzlanski kanton,239,238,0,0,18,nije_auto,prvi,shop_category_id nije 17 i histogram nema dominantnu kategoriju 928 (auto dijelovi); nema veze sa automobilima,https://olx.ba/shops/Agrofam/aktivni
SwisShop,SwissShop_tel_065073353,Gold,Sapna,Tuzlanski kanton,1140,782,39,0.05,18,nije_auto,prvi,shop_category_id nije 17 i histogram nema dominantnu kategoriju 928 (auto dijelovi); nema veze sa automobilima,https://olx.ba/shops/SwisShop/aktivni
ACBetanija,Auto Centar Betanija,Platinum,Sarajevo - Centar,Kanton Sarajevo,71,74,74,1,1,salon,prvi,,https://olx.ba/shops/ACBetanija/aktivni
ACPRENTACAR,rent a car ACP,Platinum,Sarajevo - Centar,Kanton Sarajevo,0,0,0,0,18,neaktivan,prvi,,https://olx.ba/shops/ACPRENTACAR/aktivni
Alpha_9,Alpha_9,Platinum,Sarajevo - Centar,Kanton Sarajevo,10,11,11,1,1,salon,prvi,,https://olx.ba/shops/Alpha_9/aktivni
AMENTUM,AMENTUM,Platinum,Sarajevo - Centar,Kanton Sarajevo,0,0,0,0,,neaktivan,prvi,,https://olx.ba/shops/AMENTUM/aktivni
amerprljacc,Olx,Platinum,Sarajevo - Centar,Kanton Sarajevo,0,0,0,0,18,neaktivan,prvi,,https://olx.ba/shops/amerprljacc/aktivni
AmMmE,AmMmE,Platinum,Sarajevo - Centar,Kanton Sarajevo,15,6,0,0,18,nije_auto,prvi,shop_category_id nije 17 i histogram nema dominantnu kategoriju 928 (auto dijelovi); nema veze sa automobilima,https://olx.ba/shops/AmMmE/aktivni
AREA,Home doo - AREA NEKRETNINE,Platinum,Sarajevo - Centar,Kanton Sarajevo,16,14,0,0,2,nije_auto,prvi,shop_category_id nije 17 i histogram nema dominantnu kategoriju 928 (auto dijelovi); nema veze sa automobilima,https://olx.ba/shops/AREA/aktivni
AS_Part,AS_Part,Platinum,Sarajevo - Centar,Kanton Sarajevo,2324,2324,0,0,17,dijelovi,prvi,,https://olx.ba/shops/AS_Part/aktivni
AURAnekretnine,AURA Nekretnine,Platinum,Sarajevo - Centar,Kanton Sarajevo,58,59,0,0,2,nije_auto,prvi,shop_category_id nije 17 i histogram nema dominantnu kategoriju 928 (auto dijelovi); nema veze sa automobilima,https://olx.ba/shops/AURAnekretnine/aktivni
BESTPHONES,BESTPHONES,Platinum,Sarajevo - Centar,Kanton Sarajevo,176,170,0,0,18,nije_auto,prvi,shop_category_id nije 17 i histogram nema dominantnu kategoriju 928 (auto dijelovi); nema veze sa automobilima,https://olx.ba/shops/BESTPHONES/aktivni
BHTelecom,BH Telecom d.d.,Platinum,Sarajevo - Centar,Kanton Sarajevo,393,2,0,0,18,nije_auto,prvi,shop_category_id nije 17 i histogram nema dominantnu kategoriju 928 (auto dijelovi); nema veze sa automobilima,https://olx.ba/shops/BHTelecom/aktivni
BiroHM,Biro HM,Platinum,Sarajevo - Centar,Kanton Sarajevo,53,53,0,0,2,nije_auto,prvi,shop_category_id nije 17 i histogram nema dominantnu kategoriju 928 (auto dijelovi); nema veze sa automobilima,https://olx.ba/shops/BiroHM/aktivni
BUNJOgrupacija,"Škoda, Toyota, Forthing, Dongfeng, DFSK",Platinum,Sarajevo - Centar,Kanton Sarajevo,78,70,70,1,1,salon,prvi,,https://olx.ba/shops/BUNJOgrupacija/aktivni
buyphones,BUYphones,Platinum,Sarajevo - Centar,Kanton Sarajevo,1361,125,0,0,18,nije_auto,prvi,shop_category_id nije 17 i histogram nema dominantnu kategoriju 928 (auto dijelovi); nema veze sa automobilima,https://olx.ba/shops/buyphones/aktivni
CAPITAL_SA,CAPITAL Nekretnine,Platinum,Sarajevo - Centar,Kanton Sarajevo,24,16,0,0,2,nije_auto,prvi,shop_category_id nije 17 i histogram nema dominantnu kategoriju 928 (auto dijelovi); nema veze sa automobilima,https://olx.ba/shops/CAPITAL_SA/aktivni
cartelresell,cartelresell,Platinum,Sarajevo - Centar,Kanton Sarajevo,6,0,0,0,18,neaktivan,prvi,,https://olx.ba/shops/cartelresell/aktivni
Centar1st,Sajo,Platinum,Sarajevo - Centar,Kanton Sarajevo,0,0,0,0,,neaktivan,prvi,,https://olx.ba/shops/Centar1st/aktivni
CitroenABC,ABC 1968 d.o.o. Citroen Sarajevo,Platinum,Sarajevo - Centar,Kanton Sarajevo,4,4,3,0.75,1,salon,drugi,"Dublji uzorak (4) pokazuje udio vozila 0.75, naslovi su modeli automobila.",https://olx.ba/shops/CitroenABC/aktivni
City_Nekretnine,CITY Nekretnine d.o.o.,Platinum,Sarajevo - Centar,Kanton Sarajevo,184,103,0,0,2,nije_auto,prvi,shop_category_id nije 17 i histogram nema dominantnu kategoriju 928 (auto dijelovi); nema veze sa automobilima,https://olx.ba/shops/City_Nekretnine/aktivni
COMMUNIS,COMMUNIS,Platinum,Sarajevo - Centar,Kanton Sarajevo,1,0,0,0,18,neaktivan,prvi,,https://olx.ba/shops/COMMUNIS/aktivni
CREED,TR CREED,Platinum,Sarajevo - Centar,Kanton Sarajevo,1722,1578,0,0,18,nije_auto,prvi,shop_category_id nije 17 i histogram nema dominantnu kategoriju 928 (auto dijelovi); nema veze sa automobilima,https://olx.ba/shops/CREED/aktivni
Dostavabhp,BHPosteDostava,Platinum,Sarajevo - Centar,Kanton Sarajevo,0,0,0,0,,neaktivan,prvi,,https://olx.ba/shops/Dostavabhp/aktivni
DostavaBHposte,BHpostD,Platinum,Sarajevo - Centar,Kanton Sarajevo,0,0,0,0,,neaktivan,prvi,,https://olx.ba/shops/DostavaBHposte/aktivni
eKupon,eKupon Ba,Platinum,Sarajevo - Centar,Kanton Sarajevo,0,0,0,0,,neaktivan,prvi,,https://olx.ba/shops/eKupon/aktivni
Electronic_ba,Electronic centar,Platinum,Sarajevo - Centar,Kanton Sarajevo,3023,2900,0,0,18,nije_auto,prvi,shop_category_id nije 17 i histogram nema dominantnu kategoriju 928 (auto dijelovi); nema veze sa automobilima,https://olx.ba/shops/Electronic_ba/aktivni
ElectroniCenter,Electronic center Titova,Platinum,Sarajevo - Centar,Kanton Sarajevo,3022,2954,0,0,18,nije_auto,prvi,shop_category_id nije 17 i histogram nema dominantnu kategoriju 928 (auto dijelovi); nema veze sa automobilima,https://olx.ba/shops/ElectroniCenter/aktivni
ELITEnekretnine,ELITE NEKRETNINE D.O.O. SARAJEVO,Platinum,Sarajevo - Centar,Kanton Sarajevo,18,18,0,0,2,nije_auto,prvi,shop_category_id nije 17 i histogram nema dominantnu kategoriju 928 (auto dijelovi); nema veze sa automobilima,https://olx.ba/shops/ELITEnekretnine/aktivni
Endi,"EL AUTO D.O.O. SARAJEVO , DŽEMALA BIJEDIĆA 279 H, 71000, SARAJEVO, BiH",Platinum,Sarajevo - Centar,Kanton Sarajevo,13,13,13,1,1,salon,prvi,,https://olx.ba/shops/Endi/aktivni
EtraMotors,Etra Motors d.o.o.,Platinum,Sarajevo - Centar,Kanton Sarajevo,14,13,13,1,1,salon,prvi,,https://olx.ba/shops/EtraMotors/aktivni
euromotorio,Motorio,Platinum,Sarajevo - Centar,Kanton Sarajevo,443,439,0,0,17,dijelovi,prvi,,https://olx.ba/shops/euromotorio/aktivni
glo,glo,Platinum,Sarajevo - Centar,Kanton Sarajevo,8,0,0,0,18,neaktivan,prvi,,https://olx.ba/shops/glo/aktivni
Grunt,Italy,Platinum,Sarajevo - Centar,Kanton Sarajevo,0,0,0,0,,neaktivan,prvi,,https://olx.ba/shops/Grunt/aktivni
Homelink,Homelink Nekretnine Sarajevo,Platinum,Sarajevo - Centar,Kanton Sarajevo,8,5,0,0,2,nije_auto,prvi,shop_category_id nije 17 i histogram nema dominantnu kategoriju 928 (auto dijelovi); nema veze sa automobilima,https://olx.ba/shops/Homelink/aktivni
iBroHardware,iBroHardware,Platinum,Sarajevo - Centar,Kanton Sarajevo,7924,7877,0,0,18,nije_auto,prvi,shop_category_id nije 17 i histogram nema dominantnu kategoriju 928 (auto dijelovi); nema veze sa automobilima,https://olx.ba/shops/iBroHardware/aktivni
IDEJANEKRETNINE,IDEJA NEKRETNINE,Platinum,Sarajevo - Centar,Kanton Sarajevo,6,6,0,0,2,nije_auto,prvi,shop_category_id nije 17 i histogram nema dominantnu kategoriju 928 (auto dijelovi); nema veze sa automobilima,https://olx.ba/shops/IDEJANEKRETNINE/aktivni
Imobilia,Imobilia,Platinum,Sarajevo - Centar,Kanton Sarajevo,15,16,0,0,2,nije_auto,prvi,shop_category_id nije 17 i histogram nema dominantnu kategoriju 928 (auto dijelovi); nema veze sa automobilima,https://olx.ba/shops/Imobilia/aktivni
INTERIO_,INTERIO NEKRETNINE,Platinum,Sarajevo - Centar,Kanton Sarajevo,40,38,0,0,2,nije_auto,prvi,shop_category_id nije 17 i histogram nema dominantnu kategoriju 928 (auto dijelovi); nema veze sa automobilima,https://olx.ba/shops/INTERIO_/aktivni
ITBSC,IT BRZI SERVISNI CENTAR D.O.O,Platinum,Sarajevo - Centar,Kanton Sarajevo,4,4,0,0,18,nije_auto,prvi,shop_category_id nije 17 i histogram nema dominantnu kategoriju 928 (auto dijelovi); nema veze sa automobilima,https://olx.ba/shops/ITBSC/aktivni
JakovljevicBiH,Jakovljevic BiH,Platinum,Sarajevo - Centar,Kanton Sarajevo,668,656,0,0,18,nije_auto,prvi,shop_category_id nije 17 i histogram nema dominantnu kategoriju 928 (auto dijelovi); nema veze sa automobilima,https://olx.ba/shops/JakovljevicBiH/aktivni
Konse,Konse,Platinum,Sarajevo - Centar,Kanton Sarajevo,0,0,0,0,,neaktivan,prvi,,https://olx.ba/shops/Konse/aktivni
LandRoverBiH,AUTO CENTAR BETANIJA,Platinum,Sarajevo - Centar,Kanton Sarajevo,33,32,32,1,1,salon,prvi,,https://olx.ba/shops/LandRoverBiH/aktivni
LOCUSdoo,LOCUS Nekretnine,Platinum,Sarajevo - Centar,Kanton Sarajevo,123,146,0,0,2,nije_auto,prvi,shop_category_id nije 17 i histogram nema dominantnu kategoriju 928 (auto dijelovi); nema veze sa automobilima,https://olx.ba/shops/LOCUSdoo/aktivni
mbyte,MByte Computers,Platinum,Sarajevo - Centar,Kanton Sarajevo,20,0,0,0,18,neaktivan,prvi,,https://olx.ba/shops/mbyte/aktivni
MeridianGroup,Meridian Group d.o.o.,Platinum,Sarajevo - Centar,Kanton Sarajevo,567,565,0,0,18,nije_auto,prvi,shop_category_id nije 17 i histogram nema dominantnu kategoriju 928 (auto dijelovi); nema veze sa automobilima,https://olx.ba/shops/MeridianGroup/aktivni
meridianhome,Meridian Group d.o.o.,Platinum,Sarajevo - Centar,Kanton Sarajevo,456,446,0,0,18,nije_auto,prvi,shop_category_id nije 17 i histogram nema dominantnu kategoriju 928 (auto dijelovi); nema veze sa automobilima,https://olx.ba/shops/meridianhome/aktivni
miky199,Miky6,Platinum,Sarajevo - Centar,Kanton Sarajevo,0,0,0,0,18,neaktivan,prvi,,https://olx.ba/shops/miky199/aktivni
milosk576,kovacevic153,Platinum,Sarajevo - Centar,Kanton Sarajevo,0,0,0,0,18,neaktivan,prvi,,https://olx.ba/shops/milosk576/aktivni
Mixmobilshop,Mixmobilshop,Platinum,Sarajevo - Centar,Kanton Sarajevo,121,81,0,0,18,nije_auto,prvi,shop_category_id nije 17 i histogram nema dominantnu kategoriju 928 (auto dijelovi); nema veze sa automobilima,https://olx.ba/shops/Mixmobilshop/aktivni
MKPetrol,MK PETROL,Platinum,Sarajevo - Centar,Kanton Sarajevo,98,98,0,0,18,nije_auto,prvi,shop_category_id nije 17 i histogram nema dominantnu kategoriju 928 (auto dijelovi); nema veze sa automobilima,https://olx.ba/shops/MKPetrol/aktivni
MOBILPHONES,MOBILPHONES,Platinum,Sarajevo - Centar,Kanton Sarajevo,53,50,0,0,18,nije_auto,prvi,shop_category_id nije 17 i histogram nema dominantnu kategoriju 928 (auto dijelovi); nema veze sa automobilima,https://olx.ba/shops/MOBILPHONES/aktivni
MY_SPACE,MY SPACE,Platinum,Sarajevo - Centar,Kanton Sarajevo,265,196,0,0,2,nije_auto,prvi,shop_category_id nije 17 i histogram nema dominantnu kategoriju 928 (auto dijelovi); nema veze sa automobilima,https://olx.ba/shops/MY_SPACE/aktivni
NamjestajiDom_S,Namjestaj i Dom Sarajevo,Platinum,Sarajevo - Centar,Kanton Sarajevo,4853,4857,0,0,18,nije_auto,prvi,shop_category_id nije 17 i histogram nema dominantnu kategoriju 928 (auto dijelovi); nema veze sa automobilima,https://olx.ba/shops/NamjestajiDom_S/aktivni
NeiraNekretnine,Neira's d.o.o. Sarajevo,Platinum,Sarajevo - Centar,Kanton Sarajevo,120,76,0,0,2,nije_auto,prvi,shop_category_id nije 17 i histogram nema dominantnu kategoriju 928 (auto dijelovi); nema veze sa automobilima,https://olx.ba/shops/NeiraNekretnine/aktivni
ParkResidence,ParkResidence,Platinum,Sarajevo - Centar,Kanton Sarajevo,0,0,0,0,2,neaktivan,prvi,,https://olx.ba/shops/ParkResidence/aktivni
PremiumWatches,PremiumWatches,Platinum,Sarajevo - Centar,Kanton Sarajevo,1,0,0,0,18,neaktivan,prvi,,https://olx.ba/shops/PremiumWatches/aktivni
PrometNE,Promet nekretnine d.o.o.,Platinum,Sarajevo - Centar,Kanton Sarajevo,8,8,0,0,2,nije_auto,prvi,shop_category_id nije 17 i histogram nema dominantnu kategoriju 928 (auto dijelovi); nema veze sa automobilima,https://olx.ba/shops/PrometNE/aktivni
PROSTOR,PROSTOR  Agencija za nekretnine d.o.o. Sarajevo,Platinum,Sarajevo - Centar,Kanton Sarajevo,264,266,0,0,2,nije_auto,prvi,shop_category_id nije 17 i histogram nema dominantnu kategoriju 928 (auto dijelovi); nema veze sa automobilima,https://olx.ba/shops/PROSTOR/aktivni
PVIIK,Prdjan,Platinum,Sarajevo - Centar,Kanton Sarajevo,7,0,0,0,18,neaktivan,prvi,,https://olx.ba/shops/PVIIK/aktivni
rental,Rental Trading Company doo,Platinum,Sarajevo - Centar,Kanton Sarajevo,47,47,0,0,2,nije_auto,prvi,shop_category_id nije 17 i histogram nema dominantnu kategoriju 928 (auto dijelovi); nema veze sa automobilima,https://olx.ba/shops/rental/aktivni
RIGnekretnine,Real_Invest_Group d.o.o. Sarajevo,Platinum,Sarajevo - Centar,Kanton Sarajevo,73,53,0,0,2,nije_auto,prvi,shop_category_id nije 17 i histogram nema dominantnu kategoriju 928 (auto dijelovi); nema veze sa automobilima,https://olx.ba/shops/RIGnekretnine/aktivni
RoofGardens,Roof Gardens,Platinum,Sarajevo - Centar,Kanton Sarajevo,0,0,0,0,2,neaktivan,prvi,,https://olx.ba/shops/RoofGardens/aktivni
SAapartmani,Sarajevo Apartmani Ana,Platinum,Sarajevo - Centar,Kanton Sarajevo,9,7,0,0,2,nije_auto,prvi,shop_category_id nije 17 i histogram nema dominantnu kategoriju 928 (auto dijelovi); nema veze sa automobilima,https://olx.ba/shops/SAapartmani/aktivni
Sansy,Drugo,Platinum,Sarajevo - Centar,Kanton Sarajevo,0,0,0,0,18,neaktivan,prvi,,https://olx.ba/shops/Sansy/aktivni
SEXshopLAKI,Sex Shop Laki,Platinum,Sarajevo - Centar,Kanton Sarajevo,1417,1415,0,0,18,nije_auto,prvi,shop_category_id nije 17 i histogram nema dominantnu kategoriju 928 (auto dijelovi); nema veze sa automobilima,https://olx.ba/shops/SEXshopLAKI/aktivni
ShopHub,ShopHub,Platinum,Sarajevo - Centar,Kanton Sarajevo,11,0,0,0,18,neaktivan,prvi,,https://olx.ba/shops/ShopHub/aktivni
stanoviSAdoo,Stanovi SA,Platinum,Sarajevo - Centar,Kanton Sarajevo,45,32,0,0,2,nije_auto,prvi,shop_category_id nije 17 i histogram nema dominantnu kategoriju 928 (auto dijelovi); nema veze sa automobilima,https://olx.ba/shops/stanoviSAdoo/aktivni
SuzukiSarajevo,Auto Centar Betanija,Platinum,Sarajevo - Centar,Kanton Sarajevo,65,64,64,1,1,salon,prvi,,https://olx.ba/shops/SuzukiSarajevo/aktivni
TechZone,Tech Zone,Platinum,Sarajevo - Centar,Kanton Sarajevo,14742,14581,0,0,18,nije_auto,prvi,shop_category_id nije 17 i histogram nema dominantnu kategoriju 928 (auto dijelovi); nema veze sa automobilima,https://olx.ba/shops/TechZone/aktivni
TopNekretnine,TOP NEKRETNINE d.o.o. Sarajevo,Platinum,Sarajevo - Centar,Kanton Sarajevo,36,37,0,0,2,nije_auto,prvi,shop_category_id nije 17 i histogram nema dominantnu kategoriju 928 (auto dijelovi); nema veze sa automobilima,https://olx.ba/shops/TopNekretnine/aktivni
TOTALPRO,Total Pro Nekretnine,Platinum,Sarajevo - Centar,Kanton Sarajevo,67,52,0,0,2,nije_auto,prvi,shop_category_id nije 17 i histogram nema dominantnu kategoriju 928 (auto dijelovi); nema veze sa automobilima,https://olx.ba/shops/TOTALPRO/aktivni
univerzalno1,UNIVERZALNO D.O.O.,Platinum,Sarajevo - Centar,Kanton Sarajevo,1327,774,0,0,18,nije_auto,prvi,shop_category_id nije 17 i histogram nema dominantnu kategoriju 928 (auto dijelovi); nema veze sa automobilima,https://olx.ba/shops/univerzalno1/aktivni
Yellow_Cars,Yellow_Cars,Platinum,Sarajevo - Centar,Kanton Sarajevo,50,0,0,0,17,neaktivan,prvi,,https://olx.ba/shops/Yellow_Cars/aktivni
ABHOMEOUTLET,Gradiz doo ABHOME OUTLET,Gold,Sarajevo - Centar,Kanton Sarajevo,78,78,0,0,18,nije_auto,prvi,shop_category_id nije 17 i histogram nema dominantnu kategoriju 928 (auto dijelovi); nema veze sa automobilima,https://olx.ba/shops/ABHOMEOUTLET/aktivni
ajastwinfish,Trgovina,Gold,Sarajevo - Centar,Kanton Sarajevo,0,0,0,0,,neaktivan,prvi,,https://olx.ba/shops/ajastwinfish/aktivni
AJDA100,Butik Ajna,Gold,Sarajevo - Centar,Kanton Sarajevo,7,0,0,0,18,neaktivan,prvi,,https://olx.ba/shops/AJDA100/aktivni
Alati_ShindBiH,Shind BiH,Gold,Sarajevo - Centar,Kanton Sarajevo,0,0,0,0,,neaktivan,prvi,,https://olx.ba/shops/Alati_ShindBiH/aktivni
AlfaShop,Alfashop,Gold,Sarajevo - Centar,Kanton Sarajevo,20326,20319,0,0,17,dijelovi,prvi,,https://olx.ba/shops/AlfaShop/aktivni
ALqhami,ALqhami,Gold,Sarajevo - Centar,Kanton Sarajevo,0,0,0,0,2,neaktivan,prvi,,https://olx.ba/shops/ALqhami/aktivni
Altium,Altium,Gold,Sarajevo - Centar,Kanton Sarajevo,4,3,0,0,2,nije_auto,prvi,shop_category_id nije 17 i histogram nema dominantnu kategoriju 928 (auto dijelovi); nema veze sa automobilima,https://olx.ba/shops/Altium/aktivni
AlufelgeBIH,AlufelgeBIH,Gold,Sarajevo - Centar,Kanton Sarajevo,304,304,0,0,17,dijelovi,prvi,,https://olx.ba/shops/AlufelgeBIH/aktivni
Amirshop,Amir_shop,Gold,Sarajevo - Centar,Kanton Sarajevo,0,0,0,0,,neaktivan,prvi,,https://olx.ba/shops/Amirshop/aktivni
ApkorBuilding,ApkorBuilding,Gold,Sarajevo - Centar,Kanton Sarajevo,0,0,0,0,,neaktivan,prvi,,https://olx.ba/shops/ApkorBuilding/aktivni
ArenaTepisi,Arena_Tepih,Gold,Sarajevo - Centar,Kanton Sarajevo,128,128,0,0,18,nije_auto,prvi,shop_category_id nije 17 i histogram nema dominantnu kategoriju 928 (auto dijelovi); nema veze sa automobilima,https://olx.ba/shops/ArenaTepisi/aktivni
ASgume,Auto gume AS,Gold,Sarajevo - Centar,Kanton Sarajevo,976,839,0,0,17,dijelovi,prvi,,https://olx.ba/shops/ASgume/aktivni
autobazabih,autobazabih,Gold,Sarajevo - Centar,Kanton Sarajevo,0,0,0,0,18,neaktivan,prvi,,https://olx.ba/shops/autobazabih/aktivni
AutoCornet,AutoCornet,Gold,Sarajevo - Centar,Kanton Sarajevo,0,0,0,0,18,neaktivan,prvi,,https://olx.ba/shops/AutoCornet/aktivni
Autoelektra,Autoelektra,Gold,Sarajevo - Centar,Kanton Sarajevo,122,121,0,0,17,dijelovi,prvi,,https://olx.ba/shops/Autoelektra/aktivni
AutoProSA,AutoProSA,Gold,Sarajevo - Centar,Kanton Sarajevo,0,0,0,0,18,neaktivan,prvi,,https://olx.ba/shops/AutoProSA/aktivni
avantishop,Avanti,Gold,Sarajevo - Centar,Kanton Sarajevo,6034,5574,0,0,17,dijelovi,prvi,,https://olx.ba/shops/avantishop/aktivni
Avazrotopress,Avaz roto press,Gold,Sarajevo - Centar,Kanton Sarajevo,5,1,0,0,2,nije_auto,prvi,shop_category_id nije 17 i histogram nema dominantnu kategoriju 928 (auto dijelovi); nema veze sa automobilima,https://olx.ba/shops/Avazrotopress/aktivni
axanekretnine,AXA Agencija za nekretnine,Gold,Sarajevo - Centar,Kanton Sarajevo,13,13,0,0,2,nije_auto,prvi,shop_category_id nije 17 i histogram nema dominantnu kategoriju 928 (auto dijelovi); nema veze sa automobilima,https://olx.ba/shops/axanekretnine/aktivni
BalkanEstate,BalkanEstate,Gold,Sarajevo - Centar,Kanton Sarajevo,3,6,0,0,2,nije_auto,prvi,shop_category_id nije 17 i histogram nema dominantnu kategoriju 928 (auto dijelovi); nema veze sa automobilima,https://olx.ba/shops/BalkanEstate/aktivni
BDdoo,BDdoo,Gold,Sarajevo - Centar,Kanton Sarajevo,20,20,0,0,2,nije_auto,prvi,shop_category_id nije 17 i histogram nema dominantnu kategoriju 928 (auto dijelovi); nema veze sa automobilima,https://olx.ba/shops/BDdoo/aktivni
BeurerBosnia,Beurer shop,Gold,Sarajevo - Centar,Kanton Sarajevo,258,237,0,0,18,nije_auto,prvi,shop_category_id nije 17 i histogram nema dominantnu kategoriju 928 (auto dijelovi); nema veze sa automobilima,https://olx.ba/shops/BeurerBosnia/aktivni
BEX_TRAVEL,BEX TRAVEL,Gold,Sarajevo - Centar,Kanton Sarajevo,0,0,0,0,2,neaktivan,prvi,,https://olx.ba/shops/BEX_TRAVEL/aktivni
BIHAMAR,fahrudin,Gold,Sarajevo - Centar,Kanton Sarajevo,5,0,0,0,18,neaktivan,prvi,,https://olx.ba/shops/BIHAMAR/aktivni
Bmw_Auto_Parts,Bmw_Auto_Parts,Gold,Sarajevo - Centar,Kanton Sarajevo,3,0,0,0,17,neaktivan,prvi,,https://olx.ba/shops/Bmw_Auto_Parts/aktivni
BNpro_nek,BNpro Nekretnine,Gold,Sarajevo - Centar,Kanton Sarajevo,12,9,0,0,2,nije_auto,prvi,shop_category_id nije 17 i histogram nema dominantnu kategoriju 928 (auto dijelovi); nema veze sa automobilima,https://olx.ba/shops/BNpro_nek/aktivni
BorilackaOprema,Borilačka oprema d.o.o.,Gold,Sarajevo - Centar,Kanton Sarajevo,272,268,0,0,18,nije_auto,prvi,shop_category_id nije 17 i histogram nema dominantnu kategoriju 928 (auto dijelovi); nema veze sa automobilima,https://olx.ba/shops/BorilackaOprema/aktivni
CaMoM,MC CARS,Gold,Sarajevo - Centar,Kanton Sarajevo,3,3,3,1,1,salon,prvi,,https://olx.ba/shops/CaMoM/aktivni
CARGOMARKET,CARGOMARKET,Gold,Sarajevo - Centar,Kanton Sarajevo,0,0,0,0,18,neaktivan,prvi,,https://olx.ba/shops/CARGOMARKET/aktivni
DASSMOTORS,DASSMOTORS,Gold,Sarajevo - Centar,Kanton Sarajevo,4,4,4,1,1,salon,prvi,,https://olx.ba/shops/DASSMOTORS/aktivni
Decom_doo,Decom_doo,Gold,Sarajevo - Centar,Kanton Sarajevo,0,0,0,0,18,neaktivan,prvi,,https://olx.ba/shops/Decom_doo/aktivni
DEFTER,DEFTER DOO,Gold,Sarajevo - Centar,Kanton Sarajevo,813,810,0,0,18,nije_auto,prvi,shop_category_id nije 17 i histogram nema dominantnu kategoriju 928 (auto dijelovi); nema veze sa automobilima,https://olx.ba/shops/DEFTER/aktivni
DHMnekretnine,mojagent.ba,Gold,Sarajevo - Centar,Kanton Sarajevo,21,19,0,0,2,nije_auto,prvi,shop_category_id nije 17 i histogram nema dominantnu kategoriju 928 (auto dijelovi); nema veze sa automobilima,https://olx.ba/shops/DHMnekretnine/aktivni
DIVNA_APART,oofbro,Gold,Sarajevo - Centar,Kanton Sarajevo,1,1,0,0,2,nije_auto,prvi,shop_category_id nije 17 i histogram nema dominantnu kategoriju 928 (auto dijelovi); nema veze sa automobilima,https://olx.ba/shops/DIVNA_APART/aktivni
dr_Ho,Doctor Ho,Gold,Sarajevo - Centar,Kanton Sarajevo,0,0,0,0,18,neaktivan,prvi,,https://olx.ba/shops/dr_Ho/aktivni
DriveAuto,DriveAuto,Gold,Sarajevo - Centar,Kanton Sarajevo,3,5,5,1,1,salon,prvi,,https://olx.ba/shops/DriveAuto/aktivni
dsstoresarajevo,DS Store Sarajevo - Auto Centar Betanija,Gold,Sarajevo - Centar,Kanton Sarajevo,16,16,16,1,1,salon,prvi,,https://olx.ba/shops/dsstoresarajevo/aktivni
DynamicIPTV,DynamicIPTV,Gold,Sarajevo - Centar,Kanton Sarajevo,0,0,0,0,18,neaktivan,prvi,,https://olx.ba/shops/DynamicIPTV/aktivni
e_naj_key,Kartopu BiH OTEX,Gold,Sarajevo - Centar,Kanton Sarajevo,0,0,0,0,,neaktivan,prvi,,https://olx.ba/shops/e_naj_key/aktivni
EkaK,EkaK,Gold,Sarajevo - Centar,Kanton Sarajevo,0,0,0,0,1,neaktivan,prvi,,https://olx.ba/shops/EkaK/aktivni
Emirkupujizlato,Emirkupujizlato,Gold,Sarajevo - Centar,Kanton Sarajevo,0,0,0,0,,neaktivan,prvi,,https://olx.ba/shops/Emirkupujizlato/aktivni
esasar19,Pravni savjeti,Gold,Sarajevo - Centar,Kanton Sarajevo,0,0,0,0,2,neaktivan,prvi,,https://olx.ba/shops/esasar19/aktivni
Europa10,Europa10,Gold,Sarajevo - Centar,Kanton Sarajevo,145,99,0,0,18,nije_auto,prvi,shop_category_id nije 17 i histogram nema dominantnu kategoriju 928 (auto dijelovi); nema veze sa automobilima,https://olx.ba/shops/Europa10/aktivni
fruktal2,RAKUN DOO,Gold,Sarajevo - Centar,Kanton Sarajevo,0,0,0,0,,neaktivan,prvi,,https://olx.ba/shops/fruktal2/aktivni
Grandautomotive,Grand Automotive d.o.o. Sarajevo,Gold,Sarajevo - Centar,Kanton Sarajevo,88,86,86,1,1,salon,prvi,,https://olx.ba/shops/Grandautomotive/aktivni
GREEN_BUILDING,GREEN BUILDING D.O.O.,Gold,Sarajevo - Centar,Kanton Sarajevo,2,2,0,0,2,nije_auto,prvi,shop_category_id nije 17 i histogram nema dominantnu kategoriju 928 (auto dijelovi); nema veze sa automobilima,https://olx.ba/shops/GREEN_BUILDING/aktivni
GruntN,Sagrad,Gold,Sarajevo - Centar,Kanton Sarajevo,15,15,0,0,2,nije_auto,prvi,shop_category_id nije 17 i histogram nema dominantnu kategoriju 928 (auto dijelovi); nema veze sa automobilima,https://olx.ba/shops/GruntN/aktivni
HAMO_STANOVI,HAMO_STANOVI,Gold,Sarajevo - Centar,Kanton Sarajevo,1,1,0,0,2,nije_auto,prvi,shop_category_id nije 17 i histogram nema dominantnu kategoriju 928 (auto dijelovi); nema veze sa automobilima,https://olx.ba/shops/HAMO_STANOVI/aktivni
Heta1892,HETA1892,Gold,Sarajevo - Centar,Kanton Sarajevo,1218,1188,0,0,18,nije_auto,prvi,shop_category_id nije 17 i histogram nema dominantnu kategoriju 928 (auto dijelovi); nema veze sa automobilima,https://olx.ba/shops/Heta1892/aktivni
hhcchhcc,Hhcchh,Gold,Sarajevo - Centar,Kanton Sarajevo,0,0,0,0,,neaktivan,prvi,,https://olx.ba/shops/hhcchhcc/aktivni
hyundai,HYUNDAI AUTO BH d.o.o.,Gold,Sarajevo - Centar,Kanton Sarajevo,16,14,14,1,1,salon,prvi,,https://olx.ba/shops/hyundai/aktivni
IBInekretnine,IBI nekretnine-Real Estate,Gold,Sarajevo - Centar,Kanton Sarajevo,0,0,0,0,,neaktivan,prvi,,https://olx.ba/shops/IBInekretnine/aktivni
InBa_Cosmetics,InBa-Cosmetics,Gold,Sarajevo - Centar,Kanton Sarajevo,69,68,0,0,18,nije_auto,prvi,shop_category_id nije 17 i histogram nema dominantnu kategoriju 928 (auto dijelovi); nema veze sa automobilima,https://olx.ba/shops/InBa_Cosmetics/aktivni
INOXOPREMA,INOXOPREMA doo,Gold,Sarajevo - Centar,Kanton Sarajevo,53,46,0,0,18,nije_auto,prvi,shop_category_id nije 17 i histogram nema dominantnu kategoriju 928 (auto dijelovi); nema veze sa automobilima,https://olx.ba/shops/INOXOPREMA/aktivni
jlo13,Jlo13,Gold,Sarajevo - Centar,Kanton Sarajevo,0,0,0,0,18,neaktivan,prvi,,https://olx.ba/shops/jlo13/aktivni
Knjizara_Kasas,TR na malo ''Knjižara i antikvarijat Kasas'',Gold,Sarajevo - Centar,Kanton Sarajevo,1832,1813,0,0,18,nije_auto,prvi,shop_category_id nije 17 i histogram nema dominantnu kategoriju 928 (auto dijelovi); nema veze sa automobilima,https://olx.ba/shops/Knjizara_Kasas/aktivni
LeierLKS,Leier LKS,Gold,Sarajevo - Centar,Kanton Sarajevo,0,0,0,0,,neaktivan,prvi,,https://olx.ba/shops/LeierLKS/aktivni
liftingsupps,Kolekcionarsko Zanimanje,Gold,Sarajevo - Centar,Kanton Sarajevo,0,0,0,0,18,neaktivan,prvi,,https://olx.ba/shops/liftingsupps/aktivni
mahe197,mahe197,Gold,Sarajevo - Centar,Kanton Sarajevo,984,943,0,0,18,nije_auto,prvi,shop_category_id nije 17 i histogram nema dominantnu kategoriju 928 (auto dijelovi); nema veze sa automobilima,https://olx.ba/shops/mahe197/aktivni
MaskaSarajevo,Maska Sarajevo,Gold,Sarajevo - Centar,Kanton Sarajevo,23,1,0,0,18,nije_auto,prvi,shop_category_id nije 17 i histogram nema dominantnu kategoriju 928 (auto dijelovi); nema veze sa automobilima,https://olx.ba/shops/MaskaSarajevo/aktivni
Mimaaa1,mimaaa1,Gold,Sarajevo - Centar,Kanton Sarajevo,724,726,0,0,18,nije_auto,prvi,shop_category_id nije 17 i histogram nema dominantnu kategoriju 928 (auto dijelovi); nema veze sa automobilima,https://olx.ba/shops/Mimaaa1/aktivni
MISTORE,Mi Store,Gold,Sarajevo - Centar,Kanton Sarajevo,403,183,0,0,18,nije_auto,prvi,shop_category_id nije 17 i histogram nema dominantnu kategoriju 928 (auto dijelovi); nema veze sa automobilima,https://olx.ba/shops/MISTORE/aktivni
MMrealestate,MMrealestate,Gold,Sarajevo - Centar,Kanton Sarajevo,0,0,0,0,,neaktivan,prvi,,https://olx.ba/shops/MMrealestate/aktivni
mobil_shop,Mobil Shop PC Mobil,Gold,Sarajevo - Centar,Kanton Sarajevo,177,174,0,0,18,nije_auto,prvi,shop_category_id nije 17 i histogram nema dominantnu kategoriju 928 (auto dijelovi); nema veze sa automobilima,https://olx.ba/shops/mobil_shop/aktivni
MobileSarajevo,MobileSarajevo,Gold,Sarajevo - Centar,Kanton Sarajevo,292,46,0,0,18,nije_auto,prvi,shop_category_id nije 17 i histogram nema dominantnu kategoriju 928 (auto dijelovi); nema veze sa automobilima,https://olx.ba/shops/MobileSarajevo/aktivni
muki_12345,gti,Gold,Sarajevo - Centar,Kanton Sarajevo,0,0,0,0,18,neaktivan,prvi,,https://olx.ba/shops/muki_12345/aktivni
NakitBektic,BEKTIĆ | BEKTIC | BBi centar | ARIA MALL,Gold,Sarajevo - Centar,Kanton Sarajevo,563,325,0,0,18,nije_auto,prvi,shop_category_id nije 17 i histogram nema dominantnu kategoriju 928 (auto dijelovi); nema veze sa automobilima,https://olx.ba/shops/NakitBektic/aktivni
narcius,narcius,Gold,Sarajevo - Centar,Kanton Sarajevo,1,0,0,0,18,neaktivan,prvi,,https://olx.ba/shops/narcius/aktivni
netflixnox,Netflix NOX,Gold,Sarajevo - Centar,Kanton Sarajevo,0,0,0,0,,neaktivan,prvi,,https://olx.ba/shops/netflixnox/aktivni
NewGroup,N Group,Gold,Sarajevo - Centar,Kanton Sarajevo,14,14,0,0,2,nije_auto,prvi,shop_category_id nije 17 i histogram nema dominantnu kategoriju 928 (auto dijelovi); nema veze sa automobilima,https://olx.ba/shops/NewGroup/aktivni
NRcars,NARFH doo Prve slavne Visegradske brigade broj 7/2,Gold,Sarajevo - Centar,Kanton Sarajevo,5,5,5,1,1,salon,prvi,,https://olx.ba/shops/NRcars/aktivni
PERFECTGIFT,PERFECTGIFT,Gold,Sarajevo - Centar,Kanton Sarajevo,0,0,0,0,,neaktivan,prvi,,https://olx.ba/shops/PERFECTGIFT/aktivni
pos1,pos1,Gold,Sarajevo - Centar,Kanton Sarajevo,66,53,0,0,17,dijelovi,prvi,,https://olx.ba/shops/pos1/aktivni
Powamekka,Kupoprodaja,Gold,Sarajevo - Centar,Kanton Sarajevo,0,0,0,0,18,neaktivan,prvi,,https://olx.ba/shops/Powamekka/aktivni
ProdajavozilaCH,Prodaja,Gold,Sarajevo - Centar,Kanton Sarajevo,0,0,0,0,18,neaktivan,prvi,,https://olx.ba/shops/ProdajavozilaCH/aktivni
Razneigracket,Raznestvarizadjecu,Gold,Sarajevo - Centar,Kanton Sarajevo,0,0,0,0,,neaktivan,prvi,,https://olx.ba/shops/Razneigracket/aktivni
RedCatIPTV,Najbolja.TV,Gold,Sarajevo - Centar,Kanton Sarajevo,0,0,0,0,18,neaktivan,prvi,,https://olx.ba/shops/RedCatIPTV/aktivni
robovic007,robovic007,Gold,Sarajevo - Centar,Kanton Sarajevo,6,5,5,1,1,salon,prvi,,https://olx.ba/shops/robovic007/aktivni
Royal_CarCentre,Royal_CarWashCentre,Gold,Sarajevo - Centar,Kanton Sarajevo,6,6,4,0.6667,1,mjesovito,drugi,"Dublji uzorak (6) pokazuje udio vozila 0.6667, tezisno i vozila i dijelovi.",https://olx.ba/shops/Royal_CarCentre/aktivni
Semirpanic,Amir_shop,Gold,Sarajevo - Centar,Kanton Sarajevo,0,0,0,0,,neaktivan,prvi,,https://olx.ba/shops/Semirpanic/aktivni
Semirpanicba,Amir_shop,Gold,Sarajevo - Centar,Kanton Sarajevo,0,0,0,0,,neaktivan,prvi,,https://olx.ba/shops/Semirpanicba/aktivni
SPARKASSE,Sparkasse bank,Gold,Sarajevo - Centar,Kanton Sarajevo,2,2,0,0,2,nije_auto,prvi,shop_category_id nije 17 i histogram nema dominantnu kategoriju 928 (auto dijelovi); nema veze sa automobilima,https://olx.ba/shops/SPARKASSE/aktivni
sretnidom,SRETNI DOM,Gold,Sarajevo - Centar,Kanton Sarajevo,4,0,0,0,,neaktivan,prvi,,https://olx.ba/shops/sretnidom/aktivni
TalcoNekretnine,Talco Nekretnine,Gold,Sarajevo - Centar,Kanton Sarajevo,18,17,0,0,2,nije_auto,prvi,shop_category_id nije 17 i histogram nema dominantnu kategoriju 928 (auto dijelovi); nema veze sa automobilima,https://olx.ba/shops/TalcoNekretnine/aktivni
TechyBubble,https://techybubble.olx.ba,Gold,Sarajevo - Centar,Kanton Sarajevo,0,0,0,0,,neaktivan,prvi,,https://olx.ba/shops/TechyBubble/aktivni
Terabajt,Terabajt d.o.o.,Gold,Sarajevo - Centar,Kanton Sarajevo,157,130,0,0,18,nije_auto,prvi,shop_category_id nije 17 i histogram nema dominantnu kategoriju 928 (auto dijelovi); nema veze sa automobilima,https://olx.ba/shops/Terabajt/aktivni
test123test123,Tralala,Gold,Sarajevo - Centar,Kanton Sarajevo,0,0,0,0,2,neaktivan,prvi,,https://olx.ba/shops/test123test123/aktivni
testna,Nasa mala firmica,Gold,Sarajevo - Centar,Kanton Sarajevo,1,4,0,0,18,nije_auto,prvi,shop_category_id nije 17 i histogram nema dominantnu kategoriju 928 (auto dijelovi); nema veze sa automobilima,https://olx.ba/shops/testna/aktivni
TrenStore,Tren.Store,Gold,Sarajevo - Centar,Kanton Sarajevo,196,4,0,0,18,nije_auto,prvi,shop_category_id nije 17 i histogram nema dominantnu kategoriju 928 (auto dijelovi); nema veze sa automobilima,https://olx.ba/shops/TrenStore/aktivni
vahidoni123,Sve,Gold,Sarajevo - Centar,Kanton Sarajevo,0,0,0,0,,neaktivan,prvi,,https://olx.ba/shops/vahidoni123/aktivni
vedrivedoooo,Ahmettvedad@gmail.com,Gold,Sarajevo - Centar,Kanton Sarajevo,0,0,0,0,,neaktivan,prvi,,https://olx.ba/shops/vedrivedoooo/aktivni
WizardPC_Centar,TR Wizard PC Centar,Gold,Sarajevo - Centar,Kanton Sarajevo,1983,1983,0,0,18,nije_auto,prvi,shop_category_id nije 17 i histogram nema dominantnu kategoriju 928 (auto dijelovi); nema veze sa automobilima,https://olx.ba/shops/WizardPC_Centar/aktivni
Yassa84,Yassa,Gold,Sarajevo - Centar,Kanton Sarajevo,18,14,1,0.0769,18,nije_auto,drugi,"Dublji uzorak (13) pokazuje udio vozila 0.0769, naslovi su dijelovi/oprema/usluge.",https://olx.ba/shops/Yassa84/aktivni
YUBACOM,YUBACOM,Gold,Sarajevo - Centar,Kanton Sarajevo,1,0,0,0,18,neaktivan,prvi,,https://olx.ba/shops/YUBACOM/aktivni
zizu345,Konduknjiga,Gold,Sarajevo - Centar,Kanton Sarajevo,0,0,0,0,,neaktivan,prvi,,https://olx.ba/shops/zizu345/aktivni
ACBOOST,BAU-FIX D.O.O,Platinum,Sarajevo - Novi Grad,Kanton Sarajevo,6,12,9,0.75,1,salon,drugi,"Dublji uzorak (12) pokazuje udio vozila 0.75, naslovi su modeli automobila.",https://olx.ba/shops/ACBOOST/aktivni
ACIauto,A.C.I. doo Sarajevo,Platinum,Sarajevo - Novi Grad,Kanton Sarajevo,38,37,37,1,1,salon,prvi,,https://olx.ba/shops/ACIauto/aktivni
amd_ba,"amd.ba   ""Najveći online shop u BiH""",Platinum,Sarajevo - Novi Grad,Kanton Sarajevo,764,0,0,0,18,neaktivan,prvi,,https://olx.ba/shops/amd_ba/aktivni
ArenaMotors,Arena Motors DOO,Platinum,Sarajevo - Novi Grad,Kanton Sarajevo,185,130,125,0.96,1,salon,prvi,,https://olx.ba/shops/ArenaMotors/aktivni
ArenaWheels,Arena Motors,Platinum,Sarajevo - Novi Grad,Kanton Sarajevo,5,27,0,0,17,dijelovi,prvi,,https://olx.ba/shops/ArenaWheels/aktivni
atlantis_ba,A GROUP D.O.O.,Platinum,Sarajevo - Novi Grad,Kanton Sarajevo,16787,8285,0,0,18,nije_auto,prvi,shop_category_id nije 17 i histogram nema dominantnu kategoriju 928 (auto dijelovi); nema veze sa automobilima,https://olx.ba/shops/atlantis_ba/aktivni
AUDI_PIA,"Porsche Inter Auto BH d.o.o. Sarajevo, Mali Kiseljak Br. 6A",Platinum,Sarajevo - Novi Grad,Kanton Sarajevo,1,6,6,1,1,salon,prvi,,https://olx.ba/shops/AUDI_PIA/aktivni
AudiBosnaiHercegovina,PorscheBH d.o.o. Sarajevo,Platinum,Sarajevo - Novi Grad,Kanton Sarajevo,0,0,0,0,18,neaktivan,prvi,,https://olx.ba/shops/AudiBosnaiHercegovina/aktivni
autocentarmx,AUTO CENTAR MX,Platinum,Sarajevo - Novi Grad,Kanton Sarajevo,1915,1909,0,0,17,dijelovi,prvi,,https://olx.ba/shops/autocentarmx/aktivni
Autodinamik,Autodinamik,Platinum,Sarajevo - Novi Grad,Kanton Sarajevo,361,5,0,0,17,dijelovi,prvi,,https://olx.ba/shops/Autodinamik/aktivni
AutoDirect,S.M.K. D.O.O.,Platinum,Sarajevo - Novi Grad,Kanton Sarajevo,65,64,64,1,1,salon,prvi,,https://olx.ba/shops/AutoDirect/aktivni
AutoGallery,AutoGallery,Platinum,Sarajevo - Novi Grad,Kanton Sarajevo,11,11,11,1,1,salon,prvi,,https://olx.ba/shops/AutoGallery/aktivni
AutoKinetic,AutoKinetic d.o.o.,Platinum,Sarajevo - Novi Grad,Kanton Sarajevo,16594,16596,0,0,17,dijelovi,prvi,,https://olx.ba/shops/AutoKinetic/aktivni
AutoKucaVolan,Car Planet doo Auto Kuca Volan,Platinum,Sarajevo - Novi Grad,Kanton Sarajevo,10268,10288,0,0,17,dijelovi,prvi,,https://olx.ba/shops/AutoKucaVolan/aktivni
B_Optik,S-Grandex d.o.o. Sarajevo,Platinum,Sarajevo - Novi Grad,Kanton Sarajevo,1734,1729,0,0,18,nije_auto,prvi,shop_category_id nije 17 i histogram nema dominantnu kategoriju 928 (auto dijelovi); nema veze sa automobilima,https://olx.ba/shops/B_Optik/aktivni
BonusNekretnine,BONUS NEKRETNINE,Platinum,Sarajevo - Novi Grad,Kanton Sarajevo,0,0,0,0,18,neaktivan,prvi,,https://olx.ba/shops/BonusNekretnine/aktivni
CapitolEstate,CAPITOL,Platinum,Sarajevo - Novi Grad,Kanton Sarajevo,14,11,0,0,2,nije_auto,prvi,shop_category_id nije 17 i histogram nema dominantnu kategoriju 928 (auto dijelovi); nema veze sa automobilima,https://olx.ba/shops/CapitolEstate/aktivni
CatMotors,Cat Motors d.o.o.,Platinum,Sarajevo - Novi Grad,Kanton Sarajevo,4,4,4,1,1,salon,prvi,,https://olx.ba/shops/CatMotors/aktivni
CentralAuto,"CENTRAL AUTO DOO, Ravnogorska 47, Kula, Istočna Ilidža",Platinum,Sarajevo - Novi Grad,Kanton Sarajevo,40,39,39,1,1,salon,prvi,,https://olx.ba/shops/CentralAuto/aktivni
CPU_Sarajevo,CPU_Sarajevo,Platinum,Sarajevo - Novi Grad,Kanton Sarajevo,28,5,0,0,18,nije_auto,prvi,shop_category_id nije 17 i histogram nema dominantnu kategoriju 928 (auto dijelovi); nema veze sa automobilima,https://olx.ba/shops/CPU_Sarajevo/aktivni
DDBikeShop,Žižović Dražen,Platinum,Sarajevo - Novi Grad,Kanton Sarajevo,0,0,0,0,,neaktivan,prvi,,https://olx.ba/shops/DDBikeShop/aktivni
djogi86,Auto Tuning Shop,Platinum,Sarajevo - Novi Grad,Kanton Sarajevo,873,850,0,0,17,dijelovi,prvi,,https://olx.ba/shops/djogi86/aktivni
Electronic_doo,Electronic Center Otoka,Platinum,Sarajevo - Novi Grad,Kanton Sarajevo,4510,4498,0,0,18,nije_auto,prvi,shop_category_id nije 17 i histogram nema dominantnu kategoriju 928 (auto dijelovi); nema veze sa automobilima,https://olx.ba/shops/Electronic_doo/aktivni
EnoraSolar,Enoradoo,Platinum,Sarajevo - Novi Grad,Kanton Sarajevo,18,18,0,0,18,nije_auto,prvi,shop_category_id nije 17 i histogram nema dominantnu kategoriju 928 (auto dijelovi); nema veze sa automobilima,https://olx.ba/shops/EnoraSolar/aktivni
eStyle,eStyle d.o.o. Sarajevo,Platinum,Sarajevo - Novi Grad,Kanton Sarajevo,5645,5202,0,0,18,nije_auto,prvi,shop_category_id nije 17 i histogram nema dominantnu kategoriju 928 (auto dijelovi); nema veze sa automobilima,https://olx.ba/shops/eStyle/aktivni
EuroRentSa,Euro-Rent d.o.o.,Platinum,Sarajevo - Novi Grad,Kanton Sarajevo,251,209,0,0,18,nije_auto,prvi,shop_category_id nije 17 i histogram nema dominantnu kategoriju 928 (auto dijelovi); nema veze sa automobilima,https://olx.ba/shops/EuroRentSa/aktivni
FNAutoSA,FNAutoSA,Platinum,Sarajevo - Novi Grad,Kanton Sarajevo,0,0,0,0,1,neaktivan,prvi,,https://olx.ba/shops/FNAutoSA/aktivni
Golden_store,HMH doo,Platinum,Sarajevo - Novi Grad,Kanton Sarajevo,0,0,0,0,,neaktivan,prvi,,https://olx.ba/shops/Golden_store/aktivni
huahua2,Huahua2,Platinum,Sarajevo - Novi Grad,Kanton Sarajevo,5,3,3,1,1,salon,prvi,,https://olx.ba/shops/huahua2/aktivni
JasminMdoo,Jasmin M d.o.o.,Platinum,Sarajevo - Novi Grad,Kanton Sarajevo,208,208,0,0,18,nije_auto,prvi,shop_category_id nije 17 i histogram nema dominantnu kategoriju 928 (auto dijelovi); nema veze sa automobilima,https://olx.ba/shops/JasminMdoo/aktivni
jasminmmasine,Jasmin M prodaja mašina,Platinum,Sarajevo - Novi Grad,Kanton Sarajevo,10,10,0,0,18,nije_auto,prvi,shop_category_id nije 17 i histogram nema dominantnu kategoriju 928 (auto dijelovi); nema veze sa automobilima,https://olx.ba/shops/jasminmmasine/aktivni
kamionprevoz,Autoprevoznik BASIC,Platinum,Sarajevo - Novi Grad,Kanton Sarajevo,8,5,0,0,18,nije_auto,prvi,shop_category_id nije 17 i histogram nema dominantnu kategoriju 928 (auto dijelovi); nema veze sa automobilima,https://olx.ba/shops/kamionprevoz/aktivni
keckec,Beladi doo,Platinum,Sarajevo - Novi Grad,Kanton Sarajevo,3,0,0,0,18,neaktivan,prvi,,https://olx.ba/shops/keckec/aktivni
KiaSarajevo,MAXX AUTO d.o.o. Sarajevo,Platinum,Sarajevo - Novi Grad,Kanton Sarajevo,58,56,56,1,1,salon,prvi,,https://olx.ba/shops/KiaSarajevo/aktivni
marija19863,Damjan Žizović,Platinum,Sarajevo - Novi Grad,Kanton Sarajevo,5,0,0,0,18,neaktivan,prvi,,https://olx.ba/shops/marija19863/aktivni
Mastecdoo,Mastec d.o.o.,Platinum,Sarajevo - Novi Grad,Kanton Sarajevo,2226,1612,0,0,18,nije_auto,prvi,shop_category_id nije 17 i histogram nema dominantnu kategoriju 928 (auto dijelovi); nema veze sa automobilima,https://olx.ba/shops/Mastecdoo/aktivni
mehmedp183,Mehmed,Platinum,Sarajevo - Novi Grad,Kanton Sarajevo,0,0,0,0,18,neaktivan,prvi,,https://olx.ba/shops/mehmedp183/aktivni
metropola,Metropola nekretnine d.o.o. Sarajevo,Platinum,Sarajevo - Novi Grad,Kanton Sarajevo,20,20,0,0,2,nije_auto,prvi,shop_category_id nije 17 i histogram nema dominantnu kategoriju 928 (auto dijelovi); nema veze sa automobilima,https://olx.ba/shops/metropola/aktivni
MHnekretnine,MH Nekretnine,Platinum,Sarajevo - Novi Grad,Kanton Sarajevo,36,43,0,0,2,nije_auto,prvi,shop_category_id nije 17 i histogram nema dominantnu kategoriju 928 (auto dijelovi); nema veze sa automobilima,https://olx.ba/shops/MHnekretnine/aktivni
nabavi,Nabavi doo,Platinum,Sarajevo - Novi Grad,Kanton Sarajevo,2039,2024,0,0,17,dijelovi,prvi,,https://olx.ba/shops/nabavi/aktivni
NekretnineEOS,EOS MATRIX d.o.o,Platinum,Sarajevo - Novi Grad,Kanton Sarajevo,127,125,0,0,2,nije_auto,prvi,shop_category_id nije 17 i histogram nema dominantnu kategoriju 928 (auto dijelovi); nema veze sa automobilima,https://olx.ba/shops/NekretnineEOS/aktivni
OrtoDrHouse,ORTO DR. HOUSE Sarajevo,Platinum,Sarajevo - Novi Grad,Kanton Sarajevo,51,51,0,0,18,nije_auto,prvi,shop_category_id nije 17 i histogram nema dominantnu kategoriju 928 (auto dijelovi); nema veze sa automobilima,https://olx.ba/shops/OrtoDrHouse/aktivni
PANTERA,PANTERA DOO,Platinum,Sarajevo - Novi Grad,Kanton Sarajevo,28,29,29,1,1,salon,prvi,,https://olx.ba/shops/PANTERA/aktivni
PERFECTdizajn,PERFECTdizajn,Platinum,Sarajevo - Novi Grad,Kanton Sarajevo,8,8,0,0,18,nije_auto,prvi,shop_category_id nije 17 i histogram nema dominantnu kategoriju 928 (auto dijelovi); nema veze sa automobilima,https://olx.ba/shops/PERFECTdizajn/aktivni
podnogrijanje,podnogrijanje,Platinum,Sarajevo - Novi Grad,Kanton Sarajevo,79,79,0,0,18,nije_auto,prvi,shop_category_id nije 17 i histogram nema dominantnu kategoriju 928 (auto dijelovi); nema veze sa automobilima,https://olx.ba/shops/podnogrijanje/aktivni
PowerShopSa,PowerShopSa,Platinum,Sarajevo - Novi Grad,Kanton Sarajevo,40,0,0,0,18,neaktivan,prvi,,https://olx.ba/shops/PowerShopSa/aktivni
ps3games,ps3games,Platinum,Sarajevo - Novi Grad,Kanton Sarajevo,2328,1829,0,0,18,nije_auto,prvi,shop_category_id nije 17 i histogram nema dominantnu kategoriju 928 (auto dijelovi); nema veze sa automobilima,https://olx.ba/shops/ps3games/aktivni
Riverside_ba,Riverside_ba,Platinum,Sarajevo - Novi Grad,Kanton Sarajevo,11,9,0,0,2,nije_auto,prvi,shop_category_id nije 17 i histogram nema dominantnu kategoriju 928 (auto dijelovi); nema veze sa automobilima,https://olx.ba/shops/Riverside_ba/aktivni
RSElectronic,RSelectronic,Platinum,Sarajevo - Novi Grad,Kanton Sarajevo,4510,4537,0,0,18,nije_auto,prvi,shop_category_id nije 17 i histogram nema dominantnu kategoriju 928 (auto dijelovi); nema veze sa automobilima,https://olx.ba/shops/RSElectronic/aktivni
Senigor,senigor,Platinum,Sarajevo - Novi Grad,Kanton Sarajevo,125,125,0,0,18,nije_auto,prvi,shop_category_id nije 17 i histogram nema dominantnu kategoriju 928 (auto dijelovi); nema veze sa automobilima,https://olx.ba/shops/Senigor/aktivni
SKODA_PIA,"Porsche Inter Auto BH d.o.o. Sarajevo, Mali Kiseljak Br. 6A",Platinum,Sarajevo - Novi Grad,Kanton Sarajevo,0,0,0,0,1,neaktivan,prvi,,https://olx.ba/shops/SKODA_PIA/aktivni
Smart_Shop_Sa,https://Smart_Shop_Sa.olx.ba,Platinum,Sarajevo - Novi Grad,Kanton Sarajevo,8100,0,0,0,,neaktivan,prvi,,https://olx.ba/shops/Smart_Shop_Sa/aktivni
SuzukiBerlijeta,Berlijeta doo,Platinum,Sarajevo - Novi Grad,Kanton Sarajevo,37,37,37,1,1,salon,prvi,,https://olx.ba/shops/SuzukiBerlijeta/aktivni
SVASTARa199,IRONCLAD MARKET,Platinum,Sarajevo - Novi Grad,Kanton Sarajevo,5,1,0,0,18,nije_auto,prvi,shop_category_id nije 17 i histogram nema dominantnu kategoriju 928 (auto dijelovi); nema veze sa automobilima,https://olx.ba/shops/SVASTARa199/aktivni
TASauto,Tvojautosalon,Platinum,Sarajevo - Novi Grad,Kanton Sarajevo,36,36,36,1,1,salon,prvi,,https://olx.ba/shops/TASauto/aktivni
tehnikashop1,step up d.o.o.,Platinum,Sarajevo - Novi Grad,Kanton Sarajevo,0,0,0,0,,neaktivan,prvi,,https://olx.ba/shops/tehnikashop1/aktivni
TehnoLix,TR Tehnolix,Platinum,Sarajevo - Novi Grad,Kanton Sarajevo,2965,2138,0,0,18,nije_auto,prvi,shop_category_id nije 17 i histogram nema dominantnu kategoriju 928 (auto dijelovi); nema veze sa automobilima,https://olx.ba/shops/TehnoLix/aktivni
tehnotrend_ba,UNI-PRODUCT d.o.o. Sarajevo,Platinum,Sarajevo - Novi Grad,Kanton Sarajevo,1464,0,0,0,18,neaktivan,prvi,,https://olx.ba/shops/tehnotrend_ba/aktivni
TowerNekretnine,Tower Nekretnine doo,Platinum,Sarajevo - Novi Grad,Kanton Sarajevo,28,26,0,0,2,nije_auto,prvi,shop_category_id nije 17 i histogram nema dominantnu kategoriju 928 (auto dijelovi); nema veze sa automobilima,https://olx.ba/shops/TowerNekretnine/aktivni
ttauto,TT Auto,Platinum,Sarajevo - Novi Grad,Kanton Sarajevo,36,36,36,1,1,salon,prvi,,https://olx.ba/shops/ttauto/aktivni
turbotrade,A.C.Turbo Trade,Platinum,Sarajevo - Novi Grad,Kanton Sarajevo,132,131,124,0.95,1,salon,prvi,,https://olx.ba/shops/turbotrade/aktivni
TurboZ,TURBO - Z,Platinum,Sarajevo - Novi Grad,Kanton Sarajevo,1420,1264,0,0,18,nije_auto,prvi,shop_category_id nije 17 i histogram nema dominantnu kategoriju 928 (auto dijelovi); nema veze sa automobilima,https://olx.ba/shops/TurboZ/aktivni
VasaAutoPijaca,Step Up d.o.o,Platinum,Sarajevo - Novi Grad,Kanton Sarajevo,0,0,0,0,,neaktivan,prvi,,https://olx.ba/shops/VasaAutoPijaca/aktivni
VolvoCarSarajevo,Maxx Auto d.o.o.,Platinum,Sarajevo - Novi Grad,Kanton Sarajevo,28,26,25,0.95,1,salon,prvi,,https://olx.ba/shops/VolvoCarSarajevo/aktivni
Zubar123j,Zubar123j,Platinum,Sarajevo - Novi Grad,Kanton Sarajevo,0,0,0,0,2,neaktivan,prvi,,https://olx.ba/shops/Zubar123j/aktivni
Zulex_Sarajevo,Zulex d.o.o. Sarajevo,Platinum,Sarajevo - Novi Grad,Kanton Sarajevo,7,0,0,0,18,neaktivan,prvi,,https://olx.ba/shops/Zulex_Sarajevo/aktivni
ABCSHOP,ABC SHOP Telnet d.o.o.,Gold,Sarajevo - Novi Grad,Kanton Sarajevo,1235,974,0,0,18,nije_auto,prvi,shop_category_id nije 17 i histogram nema dominantnu kategoriju 928 (auto dijelovi); nema veze sa automobilima,https://olx.ba/shops/ABCSHOP/aktivni
ACBerlijeta,Berlijeta d.o.o Sarajevo,Gold,Sarajevo - Novi Grad,Kanton Sarajevo,0,0,0,0,18,neaktivan,prvi,,https://olx.ba/shops/ACBerlijeta/aktivni
ACRBA,Universal group d.o.o,Gold,Sarajevo - Novi Grad,Kanton Sarajevo,0,0,0,0,2,neaktivan,prvi,,https://olx.ba/shops/ACRBA/aktivni
ACS_AUTOCENTAR,ACŠ AUTOCENTAR ŠKOLJIĆ D.O.O. TEŠANJ,Gold,Sarajevo - Novi Grad,Kanton Sarajevo,26,0,0,0,17,neaktivan,prvi,,https://olx.ba/shops/ACS_AUTOCENTAR/aktivni
Adazalbaucentar,Adazal d.o.o.,Gold,Sarajevo - Novi Grad,Kanton Sarajevo,168,0,0,0,18,neaktivan,prvi,,https://olx.ba/shops/Adazalbaucentar/aktivni
AdeKomfm,BigSalez,Gold,Sarajevo - Novi Grad,Kanton Sarajevo,0,0,0,0,18,neaktivan,prvi,,https://olx.ba/shops/AdeKomfm/aktivni
adis123123123,adis123123123,Gold,Sarajevo - Novi Grad,Kanton Sarajevo,0,0,0,0,,neaktivan,prvi,,https://olx.ba/shops/adis123123123/aktivni
AdmirNicaZe,ProdajKupi,Gold,Sarajevo - Novi Grad,Kanton Sarajevo,10,1,0,0,18,nije_auto,prvi,shop_category_id nije 17 i histogram nema dominantnu kategoriju 928 (auto dijelovi); nema veze sa automobilima,https://olx.ba/shops/AdmirNicaZe/aktivni
adnan6632,Hshsjsss,Gold,Sarajevo - Novi Grad,Kanton Sarajevo,0,0,0,0,,neaktivan,prvi,,https://olx.ba/shops/adnan6632/aktivni
adnan6644,Habejsbsbsjsb,Gold,Sarajevo - Novi Grad,Kanton Sarajevo,0,0,0,0,,neaktivan,prvi,,https://olx.ba/shops/adnan6644/aktivni
AKL_Dostava,4 Tech doo,Gold,Sarajevo - Novi Grad,Kanton Sarajevo,42,2,0,0,18,nije_auto,prvi,shop_category_id nije 17 i histogram nema dominantnu kategoriju 928 (auto dijelovi); nema veze sa automobilima,https://olx.ba/shops/AKL_Dostava/aktivni
Aldin21,Aldin21,Gold,Sarajevo - Novi Grad,Kanton Sarajevo,3,0,0,0,18,neaktivan,prvi,,https://olx.ba/shops/Aldin21/aktivni
AlfaTeam,OD ALFA Team nekretnine Dalibor Gavric,Gold,Sarajevo - Novi Grad,Kanton Sarajevo,8,8,0,0,2,nije_auto,prvi,shop_category_id nije 17 i histogram nema dominantnu kategoriju 928 (auto dijelovi); nema veze sa automobilima,https://olx.ba/shops/AlfaTeam/aktivni
amo01,Agencija za promet nekretnina Fenix,Gold,Sarajevo - Novi Grad,Kanton Sarajevo,0,0,0,0,2,neaktivan,prvi,,https://olx.ba/shops/amo01/aktivni
ANKA_doo,ANKA_doo,Gold,Sarajevo - Novi Grad,Kanton Sarajevo,731,671,0,0,18,nije_auto,prvi,shop_category_id nije 17 i histogram nema dominantnu kategoriju 928 (auto dijelovi); nema veze sa automobilima,https://olx.ba/shops/ANKA_doo/aktivni
arden_dobrinja,arden_dobrinja,Gold,Sarajevo - Novi Grad,Kanton Sarajevo,2,2,0,0,2,nije_auto,prvi,shop_category_id nije 17 i histogram nema dominantnu kategoriju 928 (auto dijelovi); nema veze sa automobilima,https://olx.ba/shops/arden_dobrinja/aktivni
armin3991,Auto shop,Gold,Sarajevo - Novi Grad,Kanton Sarajevo,4,0,0,0,17,neaktivan,prvi,,https://olx.ba/shops/armin3991/aktivni
arnesmasa,"Bz08mo38ny.,",Gold,Sarajevo - Novi Grad,Kanton Sarajevo,0,0,0,0,18,neaktivan,prvi,,https://olx.ba/shops/arnesmasa/aktivni
Arrccibald,Arrccibald shop,Gold,Sarajevo - Novi Grad,Kanton Sarajevo,0,0,0,0,,neaktivan,prvi,,https://olx.ba/shops/Arrccibald/aktivni
AsaBanka,Asa Banka dd Sarajevo,Gold,Sarajevo - Novi Grad,Kanton Sarajevo,6,5,0,0,2,nije_auto,prvi,shop_category_id nije 17 i histogram nema dominantnu kategoriju 928 (auto dijelovi); nema veze sa automobilima,https://olx.ba/shops/AsaBanka/aktivni
Autoelektrika,Autoelektrika AD d.o.o. Sarajevo,Gold,Sarajevo - Novi Grad,Kanton Sarajevo,463,446,0,0,17,dijelovi,prvi,,https://olx.ba/shops/Autoelektrika/aktivni
AutoIDS,ID-S Consulting d.o.o.,Gold,Sarajevo - Novi Grad,Kanton Sarajevo,1,1,1,1,1,salon,prvi,,https://olx.ba/shops/AutoIDS/aktivni
AutoKineticAlati,AutoKinetic d.o.o.,Gold,Sarajevo - Novi Grad,Kanton Sarajevo,2991,2966,0,0,18,nije_auto,prvi,shop_category_id nije 17 i histogram nema dominantnu kategoriju 928 (auto dijelovi); nema veze sa automobilima,https://olx.ba/shops/AutoKineticAlati/aktivni
AutoParts383,AutoParts,Gold,Sarajevo - Novi Grad,Kanton Sarajevo,0,0,0,0,,neaktivan,prvi,,https://olx.ba/shops/AutoParts383/aktivni
Autoshop_3C,""" 3C "" d.o.o. (Car Cosmetics Company)",Gold,Sarajevo - Novi Grad,Kanton Sarajevo,2209,2208,0,0,17,dijelovi,prvi,,https://olx.ba/shops/Autoshop_3C/aktivni
AUTOVIBE,Vibe d.o.o. Sarajevo,Gold,Sarajevo - Novi Grad,Kanton Sarajevo,16,17,17,1,1,salon,prvi,,https://olx.ba/shops/AUTOVIBE/aktivni
AVACars,AVACars,Gold,Sarajevo - Novi Grad,Kanton Sarajevo,2,2,2,1,1,salon,prvi,,https://olx.ba/shops/AVACars/aktivni
Balovicdoo,Balović d.o.o.,Gold,Sarajevo - Novi Grad,Kanton Sarajevo,0,0,0,0,18,neaktivan,prvi,,https://olx.ba/shops/Balovicdoo/aktivni
blackroseparf,Blackrose parfemi,Gold,Sarajevo - Novi Grad,Kanton Sarajevo,0,0,0,0,,neaktivan,prvi,,https://olx.ba/shops/blackroseparf/aktivni
BON,BON,Gold,Sarajevo - Novi Grad,Kanton Sarajevo,69,70,0,0,18,nije_auto,prvi,shop_category_id nije 17 i histogram nema dominantnu kategoriju 928 (auto dijelovi); nema veze sa automobilima,https://olx.ba/shops/BON/aktivni
casegallery,Hamaš d.o.o.,Gold,Sarajevo - Novi Grad,Kanton Sarajevo,198,197,0,0,18,nije_auto,prvi,shop_category_id nije 17 i histogram nema dominantnu kategoriju 928 (auto dijelovi); nema veze sa automobilima,https://olx.ba/shops/casegallery/aktivni
centaralata,CENTAR ALATA d.o.o.,Gold,Sarajevo - Novi Grad,Kanton Sarajevo,5147,5147,0,0,18,nije_auto,prvi,shop_category_id nije 17 i histogram nema dominantnu kategoriju 928 (auto dijelovi); nema veze sa automobilima,https://olx.ba/shops/centaralata/aktivni
CentarGumaBiH,CentarGuma - AutoMax,Gold,Sarajevo - Novi Grad,Kanton Sarajevo,296,1,0,0,17,dijelovi,prvi,,https://olx.ba/shops/CentarGumaBiH/aktivni
CikaloiBuza,CikaloiBuza,Gold,Sarajevo - Novi Grad,Kanton Sarajevo,0,0,0,0,18,neaktivan,prvi,,https://olx.ba/shops/CikaloiBuza/aktivni
CitroenSarajevo,ACBerlijetaCitroen,Gold,Sarajevo - Novi Grad,Kanton Sarajevo,22,22,21,0.95,1,salon,prvi,,https://olx.ba/shops/CitroenSarajevo/aktivni
collis_novigrad,collis_novigrad,Gold,Sarajevo - Novi Grad,Kanton Sarajevo,4,0,0,0,2,neaktivan,prvi,,https://olx.ba/shops/collis_novigrad/aktivni
crom,CROM BH d.o.o.,Gold,Sarajevo - Novi Grad,Kanton Sarajevo,525,525,0,0,18,nije_auto,prvi,shop_category_id nije 17 i histogram nema dominantnu kategoriju 928 (auto dijelovi); nema veze sa automobilima,https://olx.ba/shops/crom/aktivni
crown,CROWN INTERNATIONAL d.o.o. Sarajevo,Gold,Sarajevo - Novi Grad,Kanton Sarajevo,24,22,0,0,18,nije_auto,prvi,shop_category_id nije 17 i histogram nema dominantnu kategoriju 928 (auto dijelovi); nema veze sa automobilima,https://olx.ba/shops/crown/aktivni
Decorotika,Decorotika namještaj,Gold,Sarajevo - Novi Grad,Kanton Sarajevo,122,90,0,0,18,nije_auto,prvi,shop_category_id nije 17 i histogram nema dominantnu kategoriju 928 (auto dijelovi); nema veze sa automobilima,https://olx.ba/shops/Decorotika/aktivni
DelAuto,DEL AUTO d.o.o.,Gold,Sarajevo - Novi Grad,Kanton Sarajevo,10,10,10,1,1,salon,prvi,,https://olx.ba/shops/DelAuto/aktivni
DeltaAutoDoo,DELTA AUTO DOO,Gold,Sarajevo - Novi Grad,Kanton Sarajevo,129,129,0,0,17,dijelovi,prvi,,https://olx.ba/shops/DeltaAutoDoo/aktivni
DigiAT,Digi,Gold,Sarajevo - Novi Grad,Kanton Sarajevo,1,0,0,0,18,neaktivan,prvi,,https://olx.ba/shops/DigiAT/aktivni
dijelooovii,Ema Shop,Gold,Sarajevo - Novi Grad,Kanton Sarajevo,0,0,0,0,18,neaktivan,prvi,,https://olx.ba/shops/dijelooovii/aktivni
DijeloviReljevo,Auto dijelovi Reljevo,Gold,Sarajevo - Novi Grad,Kanton Sarajevo,4677,4677,0,0,17,dijelovi,prvi,,https://olx.ba/shops/DijeloviReljevo/aktivni
djonkoplastika,Đonkoplastika doo,Gold,Sarajevo - Novi Grad,Kanton Sarajevo,36,23,0,0,18,nije_auto,prvi,shop_category_id nije 17 i histogram nema dominantnu kategoriju 928 (auto dijelovi); nema veze sa automobilima,https://olx.ba/shops/djonkoplastika/aktivni
DobarStolar,Dobar Stolar,Gold,Sarajevo - Novi Grad,Kanton Sarajevo,3,0,0,0,18,neaktivan,prvi,,https://olx.ba/shops/DobarStolar/aktivni
DobrinjaGenelec,DobrinjaGenelec,Gold,Sarajevo - Novi Grad,Kanton Sarajevo,273,252,0,0,18,nije_auto,prvi,shop_category_id nije 17 i histogram nema dominantnu kategoriju 928 (auto dijelovi); nema veze sa automobilima,https://olx.ba/shops/DobrinjaGenelec/aktivni
dragisaradic60,dragisaradic60,Gold,Sarajevo - Novi Grad,Kanton Sarajevo,0,0,0,0,18,neaktivan,prvi,,https://olx.ba/shops/dragisaradic60/aktivni
DRVOSJECA,DRVOSJEČA,Gold,Sarajevo - Novi Grad,Kanton Sarajevo,10,8,0,0,18,nije_auto,prvi,shop_category_id nije 17 i histogram nema dominantnu kategoriju 928 (auto dijelovi); nema veze sa automobilima,https://olx.ba/shops/DRVOSJECA/aktivni
DSSdoo,DSS d.o.o.,Gold,Sarajevo - Novi Grad,Kanton Sarajevo,12,9,8,0.875,1,salon,prvi,,https://olx.ba/shops/DSSdoo/aktivni
E2LuxCar,Arizona Centar Doo,Gold,Sarajevo - Novi Grad,Kanton Sarajevo,0,0,0,0,,neaktivan,prvi,,https://olx.ba/shops/E2LuxCar/aktivni
eldin0407,Eldo88,Gold,Sarajevo - Novi Grad,Kanton Sarajevo,0,0,0,0,18,neaktivan,prvi,,https://olx.ba/shops/eldin0407/aktivni
eliT_NUTRITION,Elit NUTRITION D.O.O.,Gold,Sarajevo - Novi Grad,Kanton Sarajevo,927,864,0,0,18,nije_auto,prvi,shop_category_id nije 17 i histogram nema dominantnu kategoriju 928 (auto dijelovi); nema veze sa automobilima,https://olx.ba/shops/eliT_NUTRITION/aktivni
ElpiComerc,Elpi Comerc,Gold,Sarajevo - Novi Grad,Kanton Sarajevo,40,37,0,0,18,nije_auto,prvi,shop_category_id nije 17 i histogram nema dominantnu kategoriju 928 (auto dijelovi); nema veze sa automobilima,https://olx.ba/shops/ElpiComerc/aktivni
emil553,Crniii5526,Gold,Sarajevo - Novi Grad,Kanton Sarajevo,0,0,0,0,18,neaktivan,prvi,,https://olx.ba/shops/emil553/aktivni
EN_GROUP,EN-GROUP d.o.o.,Gold,Sarajevo - Novi Grad,Kanton Sarajevo,0,0,0,0,2,neaktivan,prvi,,https://olx.ba/shops/EN_GROUP/aktivni
Enisbelibasa,Enisbelibasa,Gold,Sarajevo - Novi Grad,Kanton Sarajevo,0,0,0,0,18,neaktivan,prvi,,https://olx.ba/shops/Enisbelibasa/aktivni
Erv8892010,Zeljo,Gold,Sarajevo - Novi Grad,Kanton Sarajevo,0,0,0,0,,neaktivan,prvi,,https://olx.ba/shops/Erv8892010/aktivni
Ervin98oo,Ervin98,Gold,Sarajevo - Novi Grad,Kanton Sarajevo,0,0,0,0,,neaktivan,prvi,,https://olx.ba/shops/Ervin98oo/aktivni
Ervini2289,Ervin887,Gold,Sarajevo - Novi Grad,Kanton Sarajevo,0,0,0,0,,neaktivan,prvi,,https://olx.ba/shops/Ervini2289/aktivni
eSOLAR,eSOLAR d.o.o.,Gold,Sarajevo - Novi Grad,Kanton Sarajevo,36,35,0,0,18,nije_auto,prvi,shop_category_id nije 17 i histogram nema dominantnu kategoriju 928 (auto dijelovi); nema veze sa automobilima,https://olx.ba/shops/eSOLAR/aktivni
etikete_ba,Rigel d.o.o.,Gold,Sarajevo - Novi Grad,Kanton Sarajevo,5,5,0,0,2,nije_auto,prvi,shop_category_id nije 17 i histogram nema dominantnu kategoriju 928 (auto dijelovi); nema veze sa automobilima,https://olx.ba/shops/etikete_ba/aktivni
etriemautomall,Etriemautomall ,Gold,Sarajevo - Novi Grad,Kanton Sarajevo,0,0,0,0,,neaktivan,prvi,,https://olx.ba/shops/etriemautomall/aktivni
Europcar,Europcar,Gold,Sarajevo - Novi Grad,Kanton Sarajevo,24,24,0,0,1,nije_auto,prvi,shop_category_id nije 17 i histogram nema dominantnu kategoriju 928 (auto dijelovi); nema veze sa automobilima,https://olx.ba/shops/Europcar/aktivni
Eurostarpharma,Eurostar pharma,Gold,Sarajevo - Novi Grad,Kanton Sarajevo,42,5,0,0,18,nije_auto,prvi,shop_category_id nije 17 i histogram nema dominantnu kategoriju 928 (auto dijelovi); nema veze sa automobilima,https://olx.ba/shops/Eurostarpharma/aktivni
expres,Videonadzor Sarajevo,Gold,Sarajevo - Novi Grad,Kanton Sarajevo,151,152,0,0,18,nije_auto,prvi,shop_category_id nije 17 i histogram nema dominantnu kategoriju 928 (auto dijelovi); nema veze sa automobilima,https://olx.ba/shops/expres/aktivni
Farz,Farz,Gold,Sarajevo - Novi Grad,Kanton Sarajevo,1926,1094,0,0,18,nije_auto,prvi,shop_category_id nije 17 i histogram nema dominantnu kategoriju 928 (auto dijelovi); nema veze sa automobilima,https://olx.ba/shops/Farz/aktivni
FKTech,FKTech,Gold,Sarajevo - Novi Grad,Kanton Sarajevo,30,32,0,0,18,nije_auto,prvi,shop_category_id nije 17 i histogram nema dominantnu kategoriju 928 (auto dijelovi); nema veze sa automobilima,https://olx.ba/shops/FKTech/aktivni
FortemC,FortemC,Gold,Sarajevo - Novi Grad,Kanton Sarajevo,5,5,5,1,1,salon,prvi,,https://olx.ba/shops/FortemC/aktivni
Gaga1808,Gaga1808,Gold,Sarajevo - Novi Grad,Kanton Sarajevo,2146,2090,0,0,18,nije_auto,prvi,shop_category_id nije 17 i histogram nema dominantnu kategoriju 928 (auto dijelovi); nema veze sa automobilima,https://olx.ba/shops/Gaga1808/aktivni
GarminBiH,GarminBiH,Gold,Sarajevo - Novi Grad,Kanton Sarajevo,76,76,0,0,18,nije_auto,prvi,shop_category_id nije 17 i histogram nema dominantnu kategoriju 928 (auto dijelovi); nema veze sa automobilima,https://olx.ba/shops/GarminBiH/aktivni
gastron99,gastron99 ugostiteljska oprema,Gold,Sarajevo - Novi Grad,Kanton Sarajevo,113,112,0,0,18,nije_auto,prvi,shop_category_id nije 17 i histogram nema dominantnu kategoriju 928 (auto dijelovi); nema veze sa automobilima,https://olx.ba/shops/gastron99/aktivni
gervinho,Apartman Talia,Gold,Sarajevo - Novi Grad,Kanton Sarajevo,0,0,0,0,18,neaktivan,prvi,,https://olx.ba/shops/gervinho/aktivni
HeriMobile,haris1312,Gold,Sarajevo - Novi Grad,Kanton Sarajevo,26,11,0,0,18,nije_auto,prvi,shop_category_id nije 17 i histogram nema dominantnu kategoriju 928 (auto dijelovi); nema veze sa automobilima,https://olx.ba/shops/HeriMobile/aktivni
HMHshop,HMH_shop,Gold,Sarajevo - Novi Grad,Kanton Sarajevo,443,0,0,0,18,neaktivan,prvi,,https://olx.ba/shops/HMHshop/aktivni
HMHSHOP2,HAKS SHOP,Gold,Sarajevo - Novi Grad,Kanton Sarajevo,0,0,0,0,,neaktivan,prvi,,https://olx.ba/shops/HMHSHOP2/aktivni
HOCXX,HOCX,Gold,Sarajevo - Novi Grad,Kanton Sarajevo,0,0,0,0,18,neaktivan,prvi,,https://olx.ba/shops/HOCXX/aktivni
ICarS,ICarS,Gold,Sarajevo - Novi Grad,Kanton Sarajevo,7,7,7,1,1,salon,prvi,,https://olx.ba/shops/ICarS/aktivni
INDECOR387,Dulcigno d.o.o. Sarajevo,Gold,Sarajevo - Novi Grad,Kanton Sarajevo,9,0,0,0,18,neaktivan,prvi,,https://olx.ba/shops/INDECOR387/aktivni
INSIGNIUMDOO,INSIGNIUMDOO,Gold,Sarajevo - Novi Grad,Kanton Sarajevo,27,26,26,1,1,salon,prvi,,https://olx.ba/shops/INSIGNIUMDOO/aktivni
Jusuf12Fakic,Jusuf12Fakic,Gold,Sarajevo - Novi Grad,Kanton Sarajevo,0,0,0,0,18,neaktivan,prvi,,https://olx.ba/shops/Jusuf12Fakic/aktivni
Kemoprom,Kemoprom d.o.o,Gold,Sarajevo - Novi Grad,Kanton Sarajevo,182,170,0,0,18,nije_auto,prvi,shop_category_id nije 17 i histogram nema dominantnu kategoriju 928 (auto dijelovi); nema veze sa automobilima,https://olx.ba/shops/Kemoprom/aktivni
kloi_ba,kloi_ba,Gold,Sarajevo - Novi Grad,Kanton Sarajevo,1,0,0,0,18,neaktivan,prvi,,https://olx.ba/shops/kloi_ba/aktivni
Komfor,Komfor nekretnine,Gold,Sarajevo - Novi Grad,Kanton Sarajevo,19,18,0,0,2,nije_auto,prvi,shop_category_id nije 17 i histogram nema dominantnu kategoriju 928 (auto dijelovi); nema veze sa automobilima,https://olx.ba/shops/Komfor/aktivni
Kovinoplastika,Kovinoplastika,Gold,Sarajevo - Novi Grad,Kanton Sarajevo,139,139,0,0,18,nije_auto,prvi,shop_category_id nije 17 i histogram nema dominantnu kategoriju 928 (auto dijelovi); nema veze sa automobilima,https://olx.ba/shops/Kovinoplastika/aktivni
lalehalidoo,MH1985,Gold,Sarajevo - Novi Grad,Kanton Sarajevo,817,815,0,0,18,nije_auto,prvi,shop_category_id nije 17 i histogram nema dominantnu kategoriju 928 (auto dijelovi); nema veze sa automobilima,https://olx.ba/shops/lalehalidoo/aktivni
lalovicmarko,Marko,Gold,Sarajevo - Novi Grad,Kanton Sarajevo,0,0,0,0,18,neaktivan,prvi,,https://olx.ba/shops/lalovicmarko/aktivni
lavish,lavish_ba,Gold,Sarajevo - Novi Grad,Kanton Sarajevo,142,0,0,0,18,neaktivan,prvi,,https://olx.ba/shops/lavish/aktivni
legionar72,legionar72- Kolekcionarstvo-Antikviteti !,Gold,Sarajevo - Novi Grad,Kanton Sarajevo,2006,1992,0,0,18,nije_auto,prvi,shop_category_id nije 17 i histogram nema dominantnu kategoriju 928 (auto dijelovi); nema veze sa automobilima,https://olx.ba/shops/legionar72/aktivni
Leki_shop20,Lekishop,Gold,Sarajevo - Novi Grad,Kanton Sarajevo,0,0,0,0,18,neaktivan,prvi,,https://olx.ba/shops/Leki_shop20/aktivni
M_Bike_Sarajevo,M-BIKE DOO,Gold,Sarajevo - Novi Grad,Kanton Sarajevo,866,865,43,0.05,18,nije_auto,prvi,shop_category_id nije 17 i histogram nema dominantnu kategoriju 928 (auto dijelovi); nema veze sa automobilima,https://olx.ba/shops/M_Bike_Sarajevo/aktivni
Marko_244,MARKO12345,Gold,Sarajevo - Novi Grad,Kanton Sarajevo,0,0,0,0,18,neaktivan,prvi,,https://olx.ba/shops/Marko_244/aktivni
MAS_BH,MAS BH d.o.o.,Gold,Sarajevo - Novi Grad,Kanton Sarajevo,9,9,0,0,18,nije_auto,prvi,shop_category_id nije 17 i histogram nema dominantnu kategoriju 928 (auto dijelovi); nema veze sa automobilima,https://olx.ba/shops/MAS_BH/aktivni
mersi9,Mersi shop,Gold,Sarajevo - Novi Grad,Kanton Sarajevo,0,0,0,0,18,neaktivan,prvi,,https://olx.ba/shops/mersi9/aktivni
MixBox,MixBox,Gold,Sarajevo - Novi Grad,Kanton Sarajevo,114,168,0,0,18,nije_auto,prvi,shop_category_id nije 17 i histogram nema dominantnu kategoriju 928 (auto dijelovi); nema veze sa automobilima,https://olx.ba/shops/MixBox/aktivni
Mizoticc,Prodaja,Gold,Sarajevo - Novi Grad,Kanton Sarajevo,0,0,0,0,18,neaktivan,prvi,,https://olx.ba/shops/Mizoticc/aktivni
Moamer1974,Moamer,Gold,Sarajevo - Novi Grad,Kanton Sarajevo,0,1,0,0,,nije_auto,prvi,shop_category_id nije 17 i histogram nema dominantnu kategoriju 928 (auto dijelovi); nema veze sa automobilima,https://olx.ba/shops/Moamer1974/aktivni
MobiProSa,MobiProSa,Gold,Sarajevo - Novi Grad,Kanton Sarajevo,59,59,0,0,18,nije_auto,prvi,shop_category_id nije 17 i histogram nema dominantnu kategoriju 928 (auto dijelovi); nema veze sa automobilima,https://olx.ba/shops/MobiProSa/aktivni
MOBITELI_NET,Sp,Gold,Sarajevo - Novi Grad,Kanton Sarajevo,151,139,0,0,18,nije_auto,prvi,shop_category_id nije 17 i histogram nema dominantnu kategoriju 928 (auto dijelovi); nema veze sa automobilima,https://olx.ba/shops/MOBITELI_NET/aktivni
MogoLeasing,Mogo Leasing,Gold,Sarajevo - Novi Grad,Kanton Sarajevo,0,0,0,0,,neaktivan,prvi,,https://olx.ba/shops/MogoLeasing/aktivni
MOJDOMdoo,Moj Dom Nekretnine,Gold,Sarajevo - Novi Grad,Kanton Sarajevo,6,6,0,0,2,nije_auto,prvi,shop_category_id nije 17 i histogram nema dominantnu kategoriju 928 (auto dijelovi); nema veze sa automobilima,https://olx.ba/shops/MOJDOMdoo/aktivni
MOONpower,PorscheBH d.o.o. Sarajevo,Gold,Sarajevo - Novi Grad,Kanton Sarajevo,4,0,0,0,17,neaktivan,prvi,,https://olx.ba/shops/MOONpower/aktivni
MuscleFreak,ACRO D.O.O.,Gold,Sarajevo - Novi Grad,Kanton Sarajevo,425,342,0,0,18,nije_auto,prvi,shop_category_id nije 17 i histogram nema dominantnu kategoriju 928 (auto dijelovi); nema veze sa automobilima,https://olx.ba/shops/MuscleFreak/aktivni
NovaAdresa,Nova Adresa doo Sarajevo,Gold,Sarajevo - Novi Grad,Kanton Sarajevo,3,3,0,0,2,nije_auto,prvi,shop_category_id nije 17 i histogram nema dominantnu kategoriju 928 (auto dijelovi); nema veze sa automobilima,https://olx.ba/shops/NovaAdresa/aktivni
one_store,one_store,Gold,Sarajevo - Novi Grad,Kanton Sarajevo,627,523,0,0,18,nije_auto,prvi,shop_category_id nije 17 i histogram nema dominantnu kategoriju 928 (auto dijelovi); nema veze sa automobilima,https://olx.ba/shops/one_store/aktivni
OrtoMedd,OrtoMedd,Gold,Sarajevo - Novi Grad,Kanton Sarajevo,29,29,0,0,18,nije_auto,prvi,shop_category_id nije 17 i histogram nema dominantnu kategoriju 928 (auto dijelovi); nema veze sa automobilima,https://olx.ba/shops/OrtoMedd/aktivni
PlanetObuca,PLANET OBUĆA D.O.O.,Gold,Sarajevo - Novi Grad,Kanton Sarajevo,1082,0,0,0,18,neaktivan,prvi,,https://olx.ba/shops/PlanetObuca/aktivni
PolarisBiH,LKS DOO,Gold,Sarajevo - Novi Grad,Kanton Sarajevo,6,3,3,1,1,salon,prvi,,https://olx.ba/shops/PolarisBiH/aktivni
PosteljineBa,Posteljine.ba d.o.o. Maloprodaja i veleprodaja,Gold,Sarajevo - Novi Grad,Kanton Sarajevo,25,25,0,0,18,nije_auto,prvi,shop_category_id nije 17 i histogram nema dominantnu kategoriju 928 (auto dijelovi); nema veze sa automobilima,https://olx.ba/shops/PosteljineBa/aktivni
proficentar_ba,Unior Tehna d.o.o. ProfiCentar.ba,Gold,Sarajevo - Novi Grad,Kanton Sarajevo,2852,2134,0,0,18,nije_auto,prvi,shop_category_id nije 17 i histogram nema dominantnu kategoriju 928 (auto dijelovi); nema veze sa automobilima,https://olx.ba/shops/proficentar_ba/aktivni
QUATTRO_Force,QUATTRO_Force,Gold,Sarajevo - Novi Grad,Kanton Sarajevo,27,3,0,0,18,nije_auto,prvi,shop_category_id nije 17 i histogram nema dominantnu kategoriju 928 (auto dijelovi); nema veze sa automobilima,https://olx.ba/shops/QUATTRO_Force/aktivni
RB_shop,RB,Gold,Sarajevo - Novi Grad,Kanton Sarajevo,751,655,0,0,18,nije_auto,prvi,shop_category_id nije 17 i histogram nema dominantnu kategoriju 928 (auto dijelovi); nema veze sa automobilima,https://olx.ba/shops/RB_shop/aktivni
RealtorGlobalBH,Realtor Global BH,Gold,Sarajevo - Novi Grad,Kanton Sarajevo,0,0,0,0,,neaktivan,prvi,,https://olx.ba/shops/RealtorGlobalBH/aktivni
ReTrOsHOpp,Retro,Gold,Sarajevo - Novi Grad,Kanton Sarajevo,0,0,0,0,,neaktivan,prvi,,https://olx.ba/shops/ReTrOsHOpp/aktivni
RLBiH,RAIFFEISEN LEASING d.o.o. Sarajevo,Gold,Sarajevo - Novi Grad,Kanton Sarajevo,8,8,8,1,1,salon,prvi,,https://olx.ba/shops/RLBiH/aktivni
Robot,Robot General Trading Co,Gold,Sarajevo - Novi Grad,Kanton Sarajevo,12,12,0,0,2,nije_auto,prvi,shop_category_id nije 17 i histogram nema dominantnu kategoriju 928 (auto dijelovi); nema veze sa automobilima,https://olx.ba/shops/Robot/aktivni
rotobh,ROTO BH d.o.o. SARAJEVO,Gold,Sarajevo - Novi Grad,Kanton Sarajevo,13,0,0,0,18,neaktivan,prvi,,https://olx.ba/shops/rotobh/aktivni
Sa_sarajevo_,Sa_sarajevo_,Gold,Sarajevo - Novi Grad,Kanton Sarajevo,1147,0,0,0,18,neaktivan,prvi,,https://olx.ba/shops/Sa_sarajevo_/aktivni
SamirSabic201,IBC doo,Gold,Sarajevo - Novi Grad,Kanton Sarajevo,4,0,0,0,18,neaktivan,prvi,,https://olx.ba/shops/SamirSabic201/aktivni
sanjinoo,JShdhs,Gold,Sarajevo - Novi Grad,Kanton Sarajevo,0,0,0,0,,neaktivan,prvi,,https://olx.ba/shops/sanjinoo/aktivni
SarajavoTech,SarajavoTech,Gold,Sarajevo - Novi Grad,Kanton Sarajevo,726,0,0,0,18,neaktivan,prvi,,https://olx.ba/shops/SarajavoTech/aktivni
sarajevograde87,SarajevoGrade,Gold,Sarajevo - Novi Grad,Kanton Sarajevo,9,7,7,1,1,salon,prvi,,https://olx.ba/shops/sarajevograde87/aktivni
SAUWER,Muhamed Kalajdzic,Gold,Sarajevo - Novi Grad,Kanton Sarajevo,31,29,0,0,17,dijelovi,prvi,,https://olx.ba/shops/SAUWER/aktivni
ShopMaxx,GiftShop,Gold,Sarajevo - Novi Grad,Kanton Sarajevo,125,108,0,0,18,nije_auto,prvi,shop_category_id nije 17 i histogram nema dominantnu kategoriju 928 (auto dijelovi); nema veze sa automobilima,https://olx.ba/shops/ShopMaxx/aktivni
SIM_market,SIM_market,Gold,Sarajevo - Novi Grad,Kanton Sarajevo,73,0,0,0,18,neaktivan,prvi,,https://olx.ba/shops/SIM_market/aktivni
Sixtrade_doo,SIX TRADE d.o.o,Gold,Sarajevo - Novi Grad,Kanton Sarajevo,21,0,0,0,18,neaktivan,prvi,,https://olx.ba/shops/Sixtrade_doo/aktivni
Soffy_namjestaj,SOFFY namjestaj,Gold,Sarajevo - Novi Grad,Kanton Sarajevo,44,0,0,0,18,neaktivan,prvi,,https://olx.ba/shops/Soffy_namjestaj/aktivni
SOFTROLL,SOFT ROLL DOO,Gold,Sarajevo - Novi Grad,Kanton Sarajevo,3,0,0,0,18,neaktivan,prvi,,https://olx.ba/shops/SOFTROLL/aktivni
StannadanSa,Stan na dan Sarajevo,Gold,Sarajevo - Novi Grad,Kanton Sarajevo,0,0,0,0,,neaktivan,prvi,,https://olx.ba/shops/StannadanSa/aktivni
stanoviusa,stanoviusa,Gold,Sarajevo - Novi Grad,Kanton Sarajevo,0,0,0,0,18,neaktivan,prvi,,https://olx.ba/shops/stanoviusa/aktivni
Start,StartBH doo,Gold,Sarajevo - Novi Grad,Kanton Sarajevo,1497,701,0,0,18,nije_auto,prvi,shop_category_id nije 17 i histogram nema dominantnu kategoriju 928 (auto dijelovi); nema veze sa automobilima,https://olx.ba/shops/Start/aktivni
SUT_Express,ŠUT Express,Gold,Sarajevo - Novi Grad,Kanton Sarajevo,0,0,0,0,,neaktivan,prvi,,https://olx.ba/shops/SUT_Express/aktivni
svaba,svaba,Gold,Sarajevo - Novi Grad,Kanton Sarajevo,1393,1388,0,0,17,dijelovi,prvi,,https://olx.ba/shops/svaba/aktivni
Sve1980,Rigipsstiroporfasade,Gold,Sarajevo - Novi Grad,Kanton Sarajevo,10,3,0,0,18,nije_auto,prvi,shop_category_id nije 17 i histogram nema dominantnu kategoriju 928 (auto dijelovi); nema veze sa automobilima,https://olx.ba/shops/Sve1980/aktivni
SysteMobile,SysteMobile,Gold,Sarajevo - Novi Grad,Kanton Sarajevo,510,0,0,0,18,neaktivan,prvi,,https://olx.ba/shops/SysteMobile/aktivni
SzaboSarajevo,SISTEMI ZA PRANJE SZABO D.O.O.,Gold,Sarajevo - Novi Grad,Kanton Sarajevo,7,7,0,0,18,nije_auto,prvi,shop_category_id nije 17 i histogram nema dominantnu kategoriju 928 (auto dijelovi); nema veze sa automobilima,https://olx.ba/shops/SzaboSarajevo/aktivni
TBCARS,TB CARS,Gold,Sarajevo - Novi Grad,Kanton Sarajevo,9,9,8,0.8889,1,salon,prvi,,https://olx.ba/shops/TBCARS/aktivni
tehnoklix,Tehnoklix d.o.o. Sarajevo,Gold,Sarajevo - Novi Grad,Kanton Sarajevo,1739,1737,0,0,18,nije_auto,prvi,shop_category_id nije 17 i histogram nema dominantnu kategoriju 928 (auto dijelovi); nema veze sa automobilima,https://olx.ba/shops/tehnoklix/aktivni
testradnja456,test,Gold,Sarajevo - Novi Grad,Kanton Sarajevo,0,0,0,0,18,neaktivan,prvi,,https://olx.ba/shops/testradnja456/aktivni
Tip_TopGumi,Tip-Top Gumi d.o.o. SARAJEVO,Gold,Sarajevo - Novi Grad,Kanton Sarajevo,450,450,0,0,17,dijelovi,prvi,,https://olx.ba/shops/Tip_TopGumi/aktivni
Transport_Robe,Transport_Robe,Gold,Sarajevo - Novi Grad,Kanton Sarajevo,0,0,0,0,18,neaktivan,prvi,,https://olx.ba/shops/Transport_Robe/aktivni
TunerShop,TunerShop,Gold,Sarajevo - Novi Grad,Kanton Sarajevo,3463,3464,0,0,17,dijelovi,prvi,,https://olx.ba/shops/TunerShop/aktivni
Uci2,Uci,Gold,Sarajevo - Novi Grad,Kanton Sarajevo,0,0,0,0,18,neaktivan,prvi,,https://olx.ba/shops/Uci2/aktivni
uni_product,UNI-PRODUCT,Gold,Sarajevo - Novi Grad,Kanton Sarajevo,11,5,0,0,18,nije_auto,prvi,shop_category_id nije 17 i histogram nema dominantnu kategoriju 928 (auto dijelovi); nema veze sa automobilima,https://olx.ba/shops/uni_product/aktivni
Univerzalno_pj7,Univerzalno DOO,Gold,Sarajevo - Novi Grad,Kanton Sarajevo,411,0,0,0,18,neaktivan,prvi,,https://olx.ba/shops/Univerzalno_pj7/aktivni
UrbanFone,UrbanFone,Gold,Sarajevo - Novi Grad,Kanton Sarajevo,134,0,0,0,18,neaktivan,prvi,,https://olx.ba/shops/UrbanFone/aktivni
VINDIJASARAJEVO,VINDIJASARAJEVO,Gold,Sarajevo - Novi Grad,Kanton Sarajevo,0,0,0,0,,neaktivan,prvi,,https://olx.ba/shops/VINDIJASARAJEVO/aktivni
voma,voma,Gold,Sarajevo - Novi Grad,Kanton Sarajevo,2,2,0,0,18,nije_auto,prvi,shop_category_id nije 17 i histogram nema dominantnu kategoriju 928 (auto dijelovi); nema veze sa automobilima,https://olx.ba/shops/voma/aktivni
Vulco2023,Vulco,Gold,Sarajevo - Novi Grad,Kanton Sarajevo,200,178,0,0,17,dijelovi,prvi,,https://olx.ba/shops/Vulco2023/aktivni
warell,WARELL d.o.o.,Gold,Sarajevo - Novi Grad,Kanton Sarajevo,855,855,0,0,18,nije_auto,prvi,shop_category_id nije 17 i histogram nema dominantnu kategoriju 928 (auto dijelovi); nema veze sa automobilima,https://olx.ba/shops/warell/aktivni
Xenon,"""PREMIUM CAR"" d.o.o.",Gold,Sarajevo - Novi Grad,Kanton Sarajevo,1741,1351,0,0,17,dijelovi,prvi,,https://olx.ba/shops/Xenon/aktivni
Xgroup,Xgroup,Gold,Sarajevo - Novi Grad,Kanton Sarajevo,0,0,0,0,18,neaktivan,prvi,,https://olx.ba/shops/Xgroup/aktivni
ZappaOutlet,Zappa Outlet,Gold,Sarajevo - Novi Grad,Kanton Sarajevo,171,1,0,0,18,nije_auto,prvi,shop_category_id nije 17 i histogram nema dominantnu kategoriju 928 (auto dijelovi); nema veze sa automobilima,https://olx.ba/shops/ZappaOutlet/aktivni
ZiMCommerce,Zim Commerce,Gold,Sarajevo - Novi Grad,Kanton Sarajevo,717,717,0,0,18,nije_auto,prvi,shop_category_id nije 17 i histogram nema dominantnu kategoriju 928 (auto dijelovi); nema veze sa automobilima,https://olx.ba/shops/ZiMCommerce/aktivni
Zurnalist1,Feel@Home Apartman,Gold,Sarajevo - Novi Grad,Kanton Sarajevo,1,1,0,0,2,nije_auto,prvi,shop_category_id nije 17 i histogram nema dominantnu kategoriju 928 (auto dijelovi); nema veze sa automobilima,https://olx.ba/shops/Zurnalist1/aktivni
AC_STANIC,"Stanić auto pijaca , Vuka Karadžića 84, 71123 Istočno Sarajevo",Platinum,Sarajevo - Novo Sarajevo,Kanton Sarajevo,20,18,18,1,1,salon,prvi,,https://olx.ba/shops/AC_STANIC/aktivni
ACMAXIM,AUTOCENTAR MAXIM SP,Platinum,Sarajevo - Novo Sarajevo,Kanton Sarajevo,13,13,13,1,1,salon,prvi,,https://olx.ba/shops/ACMAXIM/aktivni
ACQUATTRO,Ac Quattro,Platinum,Sarajevo - Novo Sarajevo,Kanton Sarajevo,37,34,34,1,1,salon,prvi,,https://olx.ba/shops/ACQUATTRO/aktivni
AGS71,Architektengruppe S71 d.o.o,Platinum,Sarajevo - Novo Sarajevo,Kanton Sarajevo,980,717,0,0,18,nije_auto,prvi,shop_category_id nije 17 i histogram nema dominantnu kategoriju 928 (auto dijelovi); nema veze sa automobilima,https://olx.ba/shops/AGS71/aktivni
amelie22,IM&ED Doo,Platinum,Sarajevo - Novo Sarajevo,Kanton Sarajevo,0,0,0,0,,neaktivan,prvi,,https://olx.ba/shops/amelie22/aktivni
ASMediaMarket,Auto Salon Media Market,Platinum,Sarajevo - Novo Sarajevo,Kanton Sarajevo,123,125,115,0.92,1,salon,prvi,,https://olx.ba/shops/ASMediaMarket/aktivni
AUTODOM,AUTODOM,Platinum,Sarajevo - Novo Sarajevo,Kanton Sarajevo,12601,12601,0,0,17,dijelovi,prvi,,https://olx.ba/shops/AUTODOM/aktivni
autoshop_maja,AUTOSHOP &quot;MAJA&quot;,Platinum,Sarajevo - Novo Sarajevo,Kanton Sarajevo,331,331,0,0,17,dijelovi,prvi,,https://olx.ba/shops/autoshop_maja/aktivni
AyaGroup,AyaGroup,Platinum,Sarajevo - Novo Sarajevo,Kanton Sarajevo,6,6,6,1,1,salon,prvi,,https://olx.ba/shops/AyaGroup/aktivni
Bauland,Bauland,Platinum,Sarajevo - Novo Sarajevo,Kanton Sarajevo,125,108,0,0,2,nije_auto,prvi,shop_category_id nije 17 i histogram nema dominantnu kategoriju 928 (auto dijelovi); nema veze sa automobilima,https://olx.ba/shops/Bauland/aktivni
CARMAX,CarMax,Platinum,Sarajevo - Novo Sarajevo,Kanton Sarajevo,4,4,4,1,1,salon,prvi,,https://olx.ba/shops/CARMAX/aktivni
CasaMia,Casa Mia Nekretnine,Platinum,Sarajevo - Novo Sarajevo,Kanton Sarajevo,39,29,0,0,2,nije_auto,prvi,shop_category_id nije 17 i histogram nema dominantnu kategoriju 928 (auto dijelovi); nema veze sa automobilima,https://olx.ba/shops/CasaMia/aktivni
danusbajrai12,danus bajrami 135,Platinum,Sarajevo - Novo Sarajevo,Kanton Sarajevo,0,0,0,0,2,neaktivan,prvi,,https://olx.ba/shops/danusbajrai12/aktivni
DELTAnekretnine,DELTAnekretnine,Platinum,Sarajevo - Novo Sarajevo,Kanton Sarajevo,104,93,0,0,2,nije_auto,prvi,shop_category_id nije 17 i histogram nema dominantnu kategoriju 928 (auto dijelovi); nema veze sa automobilima,https://olx.ba/shops/DELTAnekretnine/aktivni
Didakta,Didakta Computers d.o.o.,Platinum,Sarajevo - Novo Sarajevo,Kanton Sarajevo,16317,3490,0,0,18,nije_auto,prvi,shop_category_id nije 17 i histogram nema dominantnu kategoriju 928 (auto dijelovi); nema veze sa automobilima,https://olx.ba/shops/Didakta/aktivni
DigitalCITY,Digital City,Platinum,Sarajevo - Novo Sarajevo,Kanton Sarajevo,374,371,0,0,18,nije_auto,prvi,shop_category_id nije 17 i histogram nema dominantnu kategoriju 928 (auto dijelovi); nema veze sa automobilima,https://olx.ba/shops/DigitalCITY/aktivni
DJEEMTRANS,Djeem Trans,Platinum,Sarajevo - Novo Sarajevo,Kanton Sarajevo,46,46,0,0,17,dijelovi,prvi,,https://olx.ba/shops/DJEEMTRANS/aktivni
Droppero,Droppero,Platinum,Sarajevo - Novo Sarajevo,Kanton Sarajevo,13,13,0,0,18,nije_auto,prvi,shop_category_id nije 17 i histogram nema dominantnu kategoriju 928 (auto dijelovi); nema veze sa automobilima,https://olx.ba/shops/Droppero/aktivni
EKOSTAN,EKOSTAN doo Sarajevo,Platinum,Sarajevo - Novo Sarajevo,Kanton Sarajevo,465,410,0,0,18,nije_auto,prvi,shop_category_id nije 17 i histogram nema dominantnu kategoriju 928 (auto dijelovi); nema veze sa automobilima,https://olx.ba/shops/EKOSTAN/aktivni
EnergoSolar,EnergoSolar,Platinum,Sarajevo - Novo Sarajevo,Kanton Sarajevo,56,51,0,0,18,nije_auto,prvi,shop_category_id nije 17 i histogram nema dominantnu kategoriju 928 (auto dijelovi); nema veze sa automobilima,https://olx.ba/shops/EnergoSolar/aktivni
Evanjegg,Evanjegg,Platinum,Sarajevo - Novo Sarajevo,Kanton Sarajevo,0,0,0,0,18,neaktivan,prvi,,https://olx.ba/shops/Evanjegg/aktivni
fonTELeba,Alkibia d.o.o.,Platinum,Sarajevo - Novo Sarajevo,Kanton Sarajevo,3404,2770,0,0,18,nije_auto,prvi,shop_category_id nije 17 i histogram nema dominantnu kategoriju 928 (auto dijelovi); nema veze sa automobilima,https://olx.ba/shops/fonTELeba/aktivni
Gemeos,Gemeos,Platinum,Sarajevo - Novo Sarajevo,Kanton Sarajevo,1320,1055,0,0,18,nije_auto,prvi,shop_category_id nije 17 i histogram nema dominantnu kategoriju 928 (auto dijelovi); nema veze sa automobilima,https://olx.ba/shops/Gemeos/aktivni
HAMERSHOP,HAMER SHOP,Platinum,Sarajevo - Novo Sarajevo,Kanton Sarajevo,2349,2349,0,0,17,dijelovi,prvi,,https://olx.ba/shops/HAMERSHOP/aktivni
HighLevel,High Level doo,Platinum,Sarajevo - Novo Sarajevo,Kanton Sarajevo,1047,997,0,0,18,nije_auto,prvi,shop_category_id nije 17 i histogram nema dominantnu kategoriju 928 (auto dijelovi); nema veze sa automobilima,https://olx.ba/shops/HighLevel/aktivni
humcaninnj,TEHNOPOLIS DOO,Platinum,Sarajevo - Novo Sarajevo,Kanton Sarajevo,5,5,5,1,1,salon,prvi,,https://olx.ba/shops/humcaninnj/aktivni
Imovina,Imovina.ba,Platinum,Sarajevo - Novo Sarajevo,Kanton Sarajevo,48,48,0,0,2,nije_auto,prvi,shop_category_id nije 17 i histogram nema dominantnu kategoriju 928 (auto dijelovi); nema veze sa automobilima,https://olx.ba/shops/Imovina/aktivni
kamconnecting,KAM Connecting,Platinum,Sarajevo - Novo Sarajevo,Kanton Sarajevo,151,148,0,0,18,nije_auto,prvi,shop_category_id nije 17 i histogram nema dominantnu kategoriju 928 (auto dijelovi); nema veze sa automobilima,https://olx.ba/shops/kamconnecting/aktivni
kapriolsarajevo,Kapriol Point d.o.o.,Platinum,Sarajevo - Novo Sarajevo,Kanton Sarajevo,571,519,0,0,18,nije_auto,prvi,shop_category_id nije 17 i histogram nema dominantnu kategoriju 928 (auto dijelovi); nema veze sa automobilima,https://olx.ba/shops/kapriolsarajevo/aktivni
KARMELA,AGENCIJA ZA POSLOVANJE NEKRETNINAMA KARMELA,Platinum,Sarajevo - Novo Sarajevo,Kanton Sarajevo,16,16,0,0,2,nije_auto,prvi,shop_category_id nije 17 i histogram nema dominantnu kategoriju 928 (auto dijelovi); nema veze sa automobilima,https://olx.ba/shops/KARMELA/aktivni
Klime_Sarajevo,Klime_Sarajevo,Platinum,Sarajevo - Novo Sarajevo,Kanton Sarajevo,206,0,0,0,18,neaktivan,prvi,,https://olx.ba/shops/Klime_Sarajevo/aktivni
KSREHA,KS REHA,Platinum,Sarajevo - Novo Sarajevo,Kanton Sarajevo,40,40,0,0,18,nije_auto,prvi,shop_category_id nije 17 i histogram nema dominantnu kategoriju 928 (auto dijelovi); nema veze sa automobilima,https://olx.ba/shops/KSREHA/aktivni
Lamela_AB,Investmentetc,Platinum,Sarajevo - Novo Sarajevo,Kanton Sarajevo,5,5,0,0,2,nije_auto,prvi,shop_category_id nije 17 i histogram nema dominantnu kategoriju 928 (auto dijelovi); nema veze sa automobilima,https://olx.ba/shops/Lamela_AB/aktivni
lfn_skh,lfn_skh,Platinum,Sarajevo - Novo Sarajevo,Kanton Sarajevo,0,0,0,0,18,neaktivan,prvi,,https://olx.ba/shops/lfn_skh/aktivni
Mahovic2023,Mahovic2023,Platinum,Sarajevo - Novo Sarajevo,Kanton Sarajevo,0,0,0,0,18,neaktivan,prvi,,https://olx.ba/shops/Mahovic2023/aktivni
MegaTechno,Mega Techno d.o.o.,Platinum,Sarajevo - Novo Sarajevo,Kanton Sarajevo,2992,2414,0,0,18,nije_auto,prvi,shop_category_id nije 17 i histogram nema dominantnu kategoriju 928 (auto dijelovi); nema veze sa automobilima,https://olx.ba/shops/MegaTechno/aktivni
MISTparfumerija,MIST parfumerija,Platinum,Sarajevo - Novo Sarajevo,Kanton Sarajevo,4749,2958,0,0,18,nije_auto,prvi,shop_category_id nije 17 i histogram nema dominantnu kategoriju 928 (auto dijelovi); nema veze sa automobilima,https://olx.ba/shops/MISTparfumerija/aktivni
MobileShop,ConceptStore,Platinum,Sarajevo - Novo Sarajevo,Kanton Sarajevo,627,528,0,0,18,nije_auto,prvi,shop_category_id nije 17 i histogram nema dominantnu kategoriju 928 (auto dijelovi); nema veze sa automobilima,https://olx.ba/shops/MobileShop/aktivni
Nejira5,Etramotors,Platinum,Sarajevo - Novo Sarajevo,Kanton Sarajevo,0,0,0,0,,neaktivan,prvi,,https://olx.ba/shops/Nejira5/aktivni
NN_NEKRETNINE,SYNERGY d.o.o,Platinum,Sarajevo - Novo Sarajevo,Kanton Sarajevo,303,234,0,0,2,nije_auto,prvi,shop_category_id nije 17 i histogram nema dominantnu kategoriju 928 (auto dijelovi); nema veze sa automobilima,https://olx.ba/shops/NN_NEKRETNINE/aktivni
Nova_Avantura,Nova Avantura doo,Platinum,Sarajevo - Novo Sarajevo,Kanton Sarajevo,353,353,0,0,18,nije_auto,prvi,shop_category_id nije 17 i histogram nema dominantnu kategoriju 928 (auto dijelovi); nema veze sa automobilima,https://olx.ba/shops/Nova_Avantura/aktivni
PEUGEOT_SELEKT,PEUGEOT_SELEKT,Platinum,Sarajevo - Novo Sarajevo,Kanton Sarajevo,55,56,56,1,1,salon,prvi,,https://olx.ba/shops/PEUGEOT_SELEKT/aktivni
PriNc,test naziv,Platinum,Sarajevo - Novo Sarajevo,Kanton Sarajevo,28,6,0,0,18,nije_auto,prvi,shop_category_id nije 17 i histogram nema dominantnu kategoriju 928 (auto dijelovi); nema veze sa automobilima,https://olx.ba/shops/PriNc/aktivni
PROCOST,PRO COST NEKRETNINE,Platinum,Sarajevo - Novo Sarajevo,Kanton Sarajevo,47,46,0,0,2,nije_auto,prvi,shop_category_id nije 17 i histogram nema dominantnu kategoriju 928 (auto dijelovi); nema veze sa automobilima,https://olx.ba/shops/PROCOST/aktivni
Professionals,Professionals d.o.o,Platinum,Sarajevo - Novo Sarajevo,Kanton Sarajevo,150,142,0,0,2,nije_auto,prvi,shop_category_id nije 17 i histogram nema dominantnu kategoriju 928 (auto dijelovi); nema veze sa automobilima,https://olx.ba/shops/Professionals/aktivni
PSnekretnine,PSnekretnine,Platinum,Sarajevo - Novo Sarajevo,Kanton Sarajevo,78,70,0,0,2,nije_auto,prvi,shop_category_id nije 17 i histogram nema dominantnu kategoriju 928 (auto dijelovi); nema veze sa automobilima,https://olx.ba/shops/PSnekretnine/aktivni
Q_CENTAR_VOZILA,Q_CENTAR VOZILA,Platinum,Sarajevo - Novo Sarajevo,Kanton Sarajevo,29,29,29,1,1,salon,prvi,,https://olx.ba/shops/Q_CENTAR_VOZILA/aktivni
RaiffeisenBank,Raiffeisen BANK d.d. Bosna i Hercegovina,Platinum,Sarajevo - Novo Sarajevo,Kanton Sarajevo,3,3,0,0,2,nije_auto,prvi,shop_category_id nije 17 i histogram nema dominantnu kategoriju 928 (auto dijelovi); nema veze sa automobilima,https://olx.ba/shops/RaiffeisenBank/aktivni
ReAlcompany,Re-Al company,Platinum,Sarajevo - Novo Sarajevo,Kanton Sarajevo,50,50,0,0,17,dijelovi,prvi,,https://olx.ba/shops/ReAlcompany/aktivni
RESPECT_AA,Respect AA,Platinum,Sarajevo - Novo Sarajevo,Kanton Sarajevo,181,151,0,0,18,nije_auto,prvi,shop_category_id nije 17 i histogram nema dominantnu kategoriju 928 (auto dijelovi); nema veze sa automobilima,https://olx.ba/shops/RESPECT_AA/aktivni
SAAAuto,SAAAuto,Platinum,Sarajevo - Novo Sarajevo,Kanton Sarajevo,15,16,16,1,1,salon,prvi,,https://olx.ba/shops/SAAAuto/aktivni
Saljic,Agencija za posredovanje nekretninama ŠALJIĆ,Platinum,Sarajevo - Novo Sarajevo,Kanton Sarajevo,8,17,0,0,2,nije_auto,prvi,shop_category_id nije 17 i histogram nema dominantnu kategoriju 928 (auto dijelovi); nema veze sa automobilima,https://olx.ba/shops/Saljic/aktivni
Sandor_dijelovi,Šandor autodijelovi,Platinum,Sarajevo - Novo Sarajevo,Kanton Sarajevo,7580,7577,0,0,17,dijelovi,prvi,,https://olx.ba/shops/Sandor_dijelovi/aktivni
SarajevoTower,SarajevoTower,Platinum,Sarajevo - Novo Sarajevo,Kanton Sarajevo,0,0,0,0,2,neaktivan,prvi,,https://olx.ba/shops/SarajevoTower/aktivni
semsos504,semsos,Platinum,Sarajevo - Novo Sarajevo,Kanton Sarajevo,0,0,0,0,18,neaktivan,prvi,,https://olx.ba/shops/semsos504/aktivni
SexShopFantasy,SEX SHOP FANTASY,Platinum,Sarajevo - Novo Sarajevo,Kanton Sarajevo,2424,2377,0,0,18,nije_auto,prvi,shop_category_id nije 17 i histogram nema dominantnu kategoriju 928 (auto dijelovi); nema veze sa automobilima,https://olx.ba/shops/SexShopFantasy/aktivni
Shevchenko7,Print Plus BiH,Platinum,Sarajevo - Novo Sarajevo,Kanton Sarajevo,3,0,0,0,18,neaktivan,prvi,,https://olx.ba/shops/Shevchenko7/aktivni
sigenx,Agencija za promet nekretnina Sigenx,Platinum,Sarajevo - Novo Sarajevo,Kanton Sarajevo,142,127,0,0,2,nije_auto,prvi,shop_category_id nije 17 i histogram nema dominantnu kategoriju 928 (auto dijelovi); nema veze sa automobilima,https://olx.ba/shops/sigenx/aktivni
SkyNekretnine,SkyNekretnine,Platinum,Sarajevo - Novo Sarajevo,Kanton Sarajevo,31,29,0,0,2,nije_auto,prvi,shop_category_id nije 17 i histogram nema dominantnu kategoriju 928 (auto dijelovi); nema veze sa automobilima,https://olx.ba/shops/SkyNekretnine/aktivni
spk_leasing,Sparkasse Leasing d.o.o. Sarajevo,Platinum,Sarajevo - Novo Sarajevo,Kanton Sarajevo,12,12,12,1,1,salon,prvi,,https://olx.ba/shops/spk_leasing/aktivni
stanpromet,Stanpromet.ba - agencija za nekretnine,Platinum,Sarajevo - Novo Sarajevo,Kanton Sarajevo,251,246,0,0,2,nije_auto,prvi,shop_category_id nije 17 i histogram nema dominantnu kategoriju 928 (auto dijelovi); nema veze sa automobilima,https://olx.ba/shops/stanpromet/aktivni
SvijetTrgovine,Svijet_trgovine,Platinum,Sarajevo - Novo Sarajevo,Kanton Sarajevo,27,21,0,0,18,nije_auto,prvi,shop_category_id nije 17 i histogram nema dominantnu kategoriju 928 (auto dijelovi); nema veze sa automobilima,https://olx.ba/shops/SvijetTrgovine/aktivni
TehnoMag,Tehnomag Webshop,Platinum,Sarajevo - Novo Sarajevo,Kanton Sarajevo,2491,2488,0,0,18,nije_auto,prvi,shop_category_id nije 17 i histogram nema dominantnu kategoriju 928 (auto dijelovi); nema veze sa automobilima,https://olx.ba/shops/TehnoMag/aktivni
TehnoShop,TehnoShop,Platinum,Sarajevo - Novo Sarajevo,Kanton Sarajevo,45,2,0,0,18,nije_auto,prvi,shop_category_id nije 17 i histogram nema dominantnu kategoriju 928 (auto dijelovi); nema veze sa automobilima,https://olx.ba/shops/TehnoShop/aktivni
Trimmo,TRIMMO - Agencija za nekretnine,Platinum,Sarajevo - Novo Sarajevo,Kanton Sarajevo,21,22,0,0,2,nije_auto,prvi,shop_category_id nije 17 i histogram nema dominantnu kategoriju 928 (auto dijelovi); nema veze sa automobilima,https://olx.ba/shops/Trimmo/aktivni
ultra_tech10,Ultra_Tech,Platinum,Sarajevo - Novo Sarajevo,Kanton Sarajevo,0,14,0,0,18,nije_auto,prvi,shop_category_id nije 17 i histogram nema dominantnu kategoriju 928 (auto dijelovi); nema veze sa automobilima,https://olx.ba/shops/ultra_tech10/aktivni
univerzalno3,Univerzalno d.o.o.,Platinum,Sarajevo - Novo Sarajevo,Kanton Sarajevo,2042,1600,0,0,18,nije_auto,prvi,shop_category_id nije 17 i histogram nema dominantnu kategoriju 928 (auto dijelovi); nema veze sa automobilima,https://olx.ba/shops/univerzalno3/aktivni
Urban_Capital,Urban_Capital,Platinum,Sarajevo - Novo Sarajevo,Kanton Sarajevo,0,0,0,0,,neaktivan,prvi,,https://olx.ba/shops/Urban_Capital/aktivni
ACSkyline,AC Skyline d.o.o. Sarajevo,Gold,Sarajevo - Novo Sarajevo,Kanton Sarajevo,0,0,0,0,1,neaktivan,prvi,,https://olx.ba/shops/ACSkyline/aktivni
ADIS_PODIZACI,ADIS_PODIZACI,Gold,Sarajevo - Novo Sarajevo,Kanton Sarajevo,651,649,0,0,17,dijelovi,prvi,,https://olx.ba/shops/ADIS_PODIZACI/aktivni
AgencijaABN,AGENCIJA ABN ZA Promet Nekretnina nekretnina,Gold,Sarajevo - Novo Sarajevo,Kanton Sarajevo,16,18,0,0,2,nije_auto,prvi,shop_category_id nije 17 i histogram nema dominantnu kategoriju 928 (auto dijelovi); nema veze sa automobilima,https://olx.ba/shops/AgencijaABN/aktivni
Altimex,Altimex,Gold,Sarajevo - Novo Sarajevo,Kanton Sarajevo,0,0,0,0,,neaktivan,prvi,,https://olx.ba/shops/Altimex/aktivni
ameld,ameld,Gold,Sarajevo - Novo Sarajevo,Kanton Sarajevo,1,1,0,0,18,nije_auto,prvi,shop_category_id nije 17 i histogram nema dominantnu kategoriju 928 (auto dijelovi); nema veze sa automobilima,https://olx.ba/shops/ameld/aktivni
amor67,https://sendixxxx.olx.ba,Gold,Sarajevo - Novo Sarajevo,Kanton Sarajevo,1,0,0,0,18,neaktivan,prvi,,https://olx.ba/shops/amor67/aktivni
ApartmaniSa,arvin,Gold,Sarajevo - Novo Sarajevo,Kanton Sarajevo,7,7,0,0,2,nije_auto,prvi,shop_category_id nije 17 i histogram nema dominantnu kategoriju 928 (auto dijelovi); nema veze sa automobilima,https://olx.ba/shops/ApartmaniSa/aktivni
asenaauto,AsenaAuto,Gold,Sarajevo - Novo Sarajevo,Kanton Sarajevo,11,11,11,1,1,salon,prvi,,https://olx.ba/shops/asenaauto/aktivni
AutoCar111,AutoCar111,Gold,Sarajevo - Novo Sarajevo,Kanton Sarajevo,1,0,0,0,18,neaktivan,prvi,,https://olx.ba/shops/AutoCar111/aktivni
AutocentarAA,AutocentarAA,Gold,Sarajevo - Novo Sarajevo,Kanton Sarajevo,48,48,48,1,1,salon,prvi,,https://olx.ba/shops/AutocentarAA/aktivni
AyadaBalkan,runolist1,Gold,Sarajevo - Novo Sarajevo,Kanton Sarajevo,2,2,0,0,18,nije_auto,prvi,shop_category_id nije 17 i histogram nema dominantnu kategoriju 928 (auto dijelovi); nema veze sa automobilima,https://olx.ba/shops/AyadaBalkan/aktivni
bajsik,Bajsik d.o.o.,Gold,Sarajevo - Novo Sarajevo,Kanton Sarajevo,27,27,0,0,18,nije_auto,prvi,shop_category_id nije 17 i histogram nema dominantnu kategoriju 928 (auto dijelovi); nema veze sa automobilima,https://olx.ba/shops/bajsik/aktivni
bane103814,"Yc ytmmim. * I,.^Vh♡☆, j,gg  9",Gold,Sarajevo - Novo Sarajevo,Kanton Sarajevo,0,0,0,0,18,neaktivan,prvi,,https://olx.ba/shops/bane103814/aktivni
bebaa22,Meridian,Gold,Sarajevo - Novo Sarajevo,Kanton Sarajevo,0,0,0,0,18,neaktivan,prvi,,https://olx.ba/shops/bebaa22/aktivni
Best_Friend,Best_Friend,Gold,Sarajevo - Novo Sarajevo,Kanton Sarajevo,721,1,0,0,18,nije_auto,prvi,shop_category_id nije 17 i histogram nema dominantnu kategoriju 928 (auto dijelovi); nema veze sa automobilima,https://olx.ba/shops/Best_Friend/aktivni
BHDizajn,BHDIZAJN,Gold,Sarajevo - Novo Sarajevo,Kanton Sarajevo,17,16,0,0,18,nije_auto,prvi,shop_category_id nije 17 i histogram nema dominantnu kategoriju 928 (auto dijelovi); nema veze sa automobilima,https://olx.ba/shops/BHDizajn/aktivni
Bhdizajnn,Bh dizajn,Gold,Sarajevo - Novo Sarajevo,Kanton Sarajevo,2,2,0,0,18,nije_auto,prvi,shop_category_id nije 17 i histogram nema dominantnu kategoriju 928 (auto dijelovi); nema veze sa automobilima,https://olx.ba/shops/Bhdizajnn/aktivni
bissmarck,Tatamorata store,Gold,Sarajevo - Novo Sarajevo,Kanton Sarajevo,189,187,0,0,18,nije_auto,prvi,shop_category_id nije 17 i histogram nema dominantnu kategoriju 928 (auto dijelovi); nema veze sa automobilima,https://olx.ba/shops/bissmarck/aktivni
bobi6795,Stroping deooo.....,Gold,Sarajevo - Novo Sarajevo,Kanton Sarajevo,1,0,0,0,18,neaktivan,prvi,,https://olx.ba/shops/bobi6795/aktivni
Bodyguard156,Bodyguard156,Gold,Sarajevo - Novo Sarajevo,Kanton Sarajevo,5,5,5,1,1,salon,prvi,,https://olx.ba/shops/Bodyguard156/aktivni
BosnaRE,Bosna Reosiguranje,Gold,Sarajevo - Novo Sarajevo,Kanton Sarajevo,0,0,0,0,1,neaktivan,prvi,,https://olx.ba/shops/BosnaRE/aktivni
CarUP,STEFAN KULJANIN,Gold,Sarajevo - Novo Sarajevo,Kanton Sarajevo,7,7,7,1,1,salon,prvi,,https://olx.ba/shops/CarUP/aktivni
Cherokee_Sa,Cherokee_Sa,Gold,Sarajevo - Novo Sarajevo,Kanton Sarajevo,1917,1818,0,0,18,nije_auto,prvi,shop_category_id nije 17 i histogram nema dominantnu kategoriju 928 (auto dijelovi); nema veze sa automobilima,https://olx.ba/shops/Cherokee_Sa/aktivni
ComputerDisc,Computer Discount d.o.o,Gold,Sarajevo - Novo Sarajevo,Kanton Sarajevo,868,383,0,0,18,nije_auto,prvi,shop_category_id nije 17 i histogram nema dominantnu kategoriju 928 (auto dijelovi); nema veze sa automobilima,https://olx.ba/shops/ComputerDisc/aktivni
da13074,Automobile,Gold,Sarajevo - Novo Sarajevo,Kanton Sarajevo,0,0,0,0,,neaktivan,prvi,,https://olx.ba/shops/da13074/aktivni
dreamhomes,dreamHOMES,Gold,Sarajevo - Novo Sarajevo,Kanton Sarajevo,10,13,0,0,2,nije_auto,prvi,shop_category_id nije 17 i histogram nema dominantnu kategoriju 928 (auto dijelovi); nema veze sa automobilima,https://olx.ba/shops/dreamhomes/aktivni
edostaklorezac,staklorezačka radnja EDO,Gold,Sarajevo - Novo Sarajevo,Kanton Sarajevo,32,31,0,0,18,nije_auto,prvi,shop_category_id nije 17 i histogram nema dominantnu kategoriju 928 (auto dijelovi); nema veze sa automobilima,https://olx.ba/shops/edostaklorezac/aktivni
EEstate,E-Estate Agencija za nekretnine,Gold,Sarajevo - Novo Sarajevo,Kanton Sarajevo,20,20,0,0,2,nije_auto,prvi,shop_category_id nije 17 i histogram nema dominantnu kategoriju 928 (auto dijelovi); nema veze sa automobilima,https://olx.ba/shops/EEstate/aktivni
enoza222,ena,Gold,Sarajevo - Novo Sarajevo,Kanton Sarajevo,1,0,0,0,18,neaktivan,prvi,,https://olx.ba/shops/enoza222/aktivni
F1AUTOCENTAR,F1 shop,Gold,Sarajevo - Novo Sarajevo,Kanton Sarajevo,114,82,0,0,17,dijelovi,prvi,,https://olx.ba/shops/F1AUTOCENTAR/aktivni
FKZELJEZNICAR,FK Zeljeznicar,Gold,Sarajevo - Novo Sarajevo,Kanton Sarajevo,0,0,0,0,,neaktivan,prvi,,https://olx.ba/shops/FKZELJEZNICAR/aktivni
GadgetGuru,Sarajevo,Gold,Sarajevo - Novo Sarajevo,Kanton Sarajevo,50,2,0,0,18,nije_auto,prvi,shop_category_id nije 17 i histogram nema dominantnu kategoriju 928 (auto dijelovi); nema veze sa automobilima,https://olx.ba/shops/GadgetGuru/aktivni
GreenSalad,GreenSalad,Gold,Sarajevo - Novo Sarajevo,Kanton Sarajevo,3,1,0,0,18,nije_auto,prvi,shop_category_id nije 17 i histogram nema dominantnu kategoriju 928 (auto dijelovi); nema veze sa automobilima,https://olx.ba/shops/GreenSalad/aktivni
grunemama,grunemama,Gold,Sarajevo - Novo Sarajevo,Kanton Sarajevo,0,0,0,0,,neaktivan,prvi,,https://olx.ba/shops/grunemama/aktivni
GTS2010,GTS d.o.o.,Gold,Sarajevo - Novo Sarajevo,Kanton Sarajevo,17,0,0,0,18,neaktivan,prvi,,https://olx.ba/shops/GTS2010/aktivni
HEMMmobileshop,HEMM mobile shop,Gold,Sarajevo - Novo Sarajevo,Kanton Sarajevo,1993,1981,0,0,18,nije_auto,prvi,shop_category_id nije 17 i histogram nema dominantnu kategoriju 928 (auto dijelovi); nema veze sa automobilima,https://olx.ba/shops/HEMMmobileshop/aktivni
HOLDINAdoo,HOLDINA d.o.o. Sarajevo,Gold,Sarajevo - Novo Sarajevo,Kanton Sarajevo,1,1,0,0,2,nije_auto,prvi,shop_category_id nije 17 i histogram nema dominantnu kategoriju 928 (auto dijelovi); nema veze sa automobilima,https://olx.ba/shops/HOLDINAdoo/aktivni
Hoola,HOOLA,Gold,Sarajevo - Novo Sarajevo,Kanton Sarajevo,256,256,0,0,18,nije_auto,prvi,shop_category_id nije 17 i histogram nema dominantnu kategoriju 928 (auto dijelovi); nema veze sa automobilima,https://olx.ba/shops/Hoola/aktivni
IMPERIUMAUTO,IMPERIUMAUTO,Gold,Sarajevo - Novo Sarajevo,Kanton Sarajevo,9,7,7,1,1,salon,prvi,,https://olx.ba/shops/IMPERIUMAUTO/aktivni
iNovine,iNovine,Gold,Sarajevo - Novo Sarajevo,Kanton Sarajevo,0,3,0,0,2,nije_auto,prvi,shop_category_id nije 17 i histogram nema dominantnu kategoriju 928 (auto dijelovi); nema veze sa automobilima,https://olx.ba/shops/iNovine/aktivni
intelcom,Intelcom d.o.o.,Gold,Sarajevo - Novo Sarajevo,Kanton Sarajevo,279,279,0,0,18,nije_auto,prvi,shop_category_id nije 17 i histogram nema dominantnu kategoriju 928 (auto dijelovi); nema veze sa automobilima,https://olx.ba/shops/intelcom/aktivni
InvestMdoo,InvestMdoo,Gold,Sarajevo - Novo Sarajevo,Kanton Sarajevo,13,13,0,0,2,nije_auto,prvi,shop_category_id nije 17 i histogram nema dominantnu kategoriju 928 (auto dijelovi); nema veze sa automobilima,https://olx.ba/shops/InvestMdoo/aktivni
JLNekretnine,JL Nekretnine d.o.o.,Gold,Sarajevo - Novo Sarajevo,Kanton Sarajevo,8,9,0,0,2,nije_auto,prvi,shop_category_id nije 17 i histogram nema dominantnu kategoriju 928 (auto dijelovi); nema veze sa automobilima,https://olx.ba/shops/JLNekretnine/aktivni
Karedijelovi,Kare autodijelovi,Gold,Sarajevo - Novo Sarajevo,Kanton Sarajevo,1632,1592,0,0,17,dijelovi,prvi,,https://olx.ba/shops/Karedijelovi/aktivni
kigarus,Kigarus,Gold,Sarajevo - Novo Sarajevo,Kanton Sarajevo,3,3,0,0,2,nije_auto,prvi,shop_category_id nije 17 i histogram nema dominantnu kategoriju 928 (auto dijelovi); nema veze sa automobilima,https://olx.ba/shops/kigarus/aktivni
LejlaMusic666,Online shop Lioness,Gold,Sarajevo - Novo Sarajevo,Kanton Sarajevo,0,0,0,0,,neaktivan,prvi,,https://olx.ba/shops/LejlaMusic666/aktivni
LuckyMobile,LuckyMobile,Gold,Sarajevo - Novo Sarajevo,Kanton Sarajevo,62,15,0,0,18,nije_auto,prvi,shop_category_id nije 17 i histogram nema dominantnu kategoriju 928 (auto dijelovi); nema veze sa automobilima,https://olx.ba/shops/LuckyMobile/aktivni
luxal,Luxal,Gold,Sarajevo - Novo Sarajevo,Kanton Sarajevo,10,0,0,0,18,neaktivan,prvi,,https://olx.ba/shops/luxal/aktivni
m2realestate,m2 nekretnine,Gold,Sarajevo - Novo Sarajevo,Kanton Sarajevo,84,74,0,0,2,nije_auto,prvi,shop_category_id nije 17 i histogram nema dominantnu kategoriju 928 (auto dijelovi); nema veze sa automobilima,https://olx.ba/shops/m2realestate/aktivni
macompany,MA,Gold,Sarajevo - Novo Sarajevo,Kanton Sarajevo,1059,1052,0,0,18,nije_auto,prvi,shop_category_id nije 17 i histogram nema dominantnu kategoriju 928 (auto dijelovi); nema veze sa automobilima,https://olx.ba/shops/macompany/aktivni
marsdoo,marsdoo,Gold,Sarajevo - Novo Sarajevo,Kanton Sarajevo,0,0,0,0,,neaktivan,prvi,,https://olx.ba/shops/marsdoo/aktivni
MC_PC11,MegaSun,Gold,Sarajevo - Novo Sarajevo,Kanton Sarajevo,9,9,0,0,18,nije_auto,prvi,shop_category_id nije 17 i histogram nema dominantnu kategoriju 928 (auto dijelovi); nema veze sa automobilima,https://olx.ba/shops/MC_PC11/aktivni
MeridianAuto,Meris1921,Gold,Sarajevo - Novo Sarajevo,Kanton Sarajevo,5,0,0,0,1,neaktivan,prvi,,https://olx.ba/shops/MeridianAuto/aktivni
Merinos,MERINOS d.o.o.,Gold,Sarajevo - Novo Sarajevo,Kanton Sarajevo,1,1,1,1,1,salon,prvi,,https://olx.ba/shops/Merinos/aktivni
MILI980,Moto,Gold,Sarajevo - Novo Sarajevo,Kanton Sarajevo,0,0,0,0,,neaktivan,prvi,,https://olx.ba/shops/MILI980/aktivni
mobilshop_ml,Mobiteli,Gold,Sarajevo - Novo Sarajevo,Kanton Sarajevo,7,0,0,0,18,neaktivan,prvi,,https://olx.ba/shops/mobilshop_ml/aktivni
MOMENTUM,MOMENTUM D.O.O,Gold,Sarajevo - Novo Sarajevo,Kanton Sarajevo,12,12,0,0,18,nije_auto,prvi,shop_category_id nije 17 i histogram nema dominantnu kategoriju 928 (auto dijelovi); nema veze sa automobilima,https://olx.ba/shops/MOMENTUM/aktivni
Mustulook,Mustulook,Gold,Sarajevo - Novo Sarajevo,Kanton Sarajevo,0,0,0,0,2,neaktivan,prvi,,https://olx.ba/shops/Mustulook/aktivni
NEPTUN,NEPTUN,Gold,Sarajevo - Novo Sarajevo,Kanton Sarajevo,2039,2027,0,0,18,nije_auto,prvi,shop_category_id nije 17 i histogram nema dominantnu kategoriju 928 (auto dijelovi); nema veze sa automobilima,https://olx.ba/shops/NEPTUN/aktivni
operater77,operater77,Gold,Sarajevo - Novo Sarajevo,Kanton Sarajevo,0,0,0,0,18,neaktivan,prvi,,https://olx.ba/shops/operater77/aktivni
ParfemiSarajevo,Parfemi Sarajevo,Gold,Sarajevo - Novo Sarajevo,Kanton Sarajevo,0,0,0,0,,neaktivan,prvi,,https://olx.ba/shops/ParfemiSarajevo/aktivni
pilje,Pilja,Gold,Sarajevo - Novo Sarajevo,Kanton Sarajevo,101,5,0,0,17,dijelovi,prvi,,https://olx.ba/shops/pilje/aktivni
Posjed,P-S,Gold,Sarajevo - Novo Sarajevo,Kanton Sarajevo,0,0,0,0,2,neaktivan,prvi,,https://olx.ba/shops/Posjed/aktivni
premiumseller,Sportshop,Gold,Sarajevo - Novo Sarajevo,Kanton Sarajevo,0,0,0,0,18,neaktivan,prvi,,https://olx.ba/shops/premiumseller/aktivni
ProdajaVozila,prodaja vozila,Gold,Sarajevo - Novo Sarajevo,Kanton Sarajevo,4,3,3,1,1,salon,prvi,,https://olx.ba/shops/ProdajaVozila/aktivni
radoxic,Radox doo,Gold,Sarajevo - Novo Sarajevo,Kanton Sarajevo,0,0,0,0,,neaktivan,prvi,,https://olx.ba/shops/radoxic/aktivni
resselerNo1,resselerNo1,Gold,Sarajevo - Novo Sarajevo,Kanton Sarajevo,0,0,0,0,18,neaktivan,prvi,,https://olx.ba/shops/resselerNo1/aktivni
SitFormSarajevo,SitForm,Gold,Sarajevo - Novo Sarajevo,Kanton Sarajevo,0,0,0,0,,neaktivan,prvi,,https://olx.ba/shops/SitFormSarajevo/aktivni
Slaven27,Slaven27,Gold,Sarajevo - Novo Sarajevo,Kanton Sarajevo,2,2,0,0,2,nije_auto,prvi,shop_category_id nije 17 i histogram nema dominantnu kategoriju 928 (auto dijelovi); nema veze sa automobilima,https://olx.ba/shops/Slaven27/aktivni
snea,SNEA d.o.o.,Gold,Sarajevo - Novo Sarajevo,Kanton Sarajevo,184,169,0,0,18,nije_auto,prvi,shop_category_id nije 17 i histogram nema dominantnu kategoriju 928 (auto dijelovi); nema veze sa automobilima,https://olx.ba/shops/snea/aktivni
Studio387,Studio387,Gold,Sarajevo - Novo Sarajevo,Kanton Sarajevo,9,0,0,0,18,neaktivan,prvi,,https://olx.ba/shops/Studio387/aktivni
SuperCijena,SuperCijena,Gold,Sarajevo - Novo Sarajevo,Kanton Sarajevo,0,0,0,0,18,neaktivan,prvi,,https://olx.ba/shops/SuperCijena/aktivni
SvijetMinoxidila,SvijetMinoxidila,Gold,Sarajevo - Novo Sarajevo,Kanton Sarajevo,7,3,0,0,18,nije_auto,prvi,shop_category_id nije 17 i histogram nema dominantnu kategoriju 928 (auto dijelovi); nema veze sa automobilima,https://olx.ba/shops/SvijetMinoxidila/aktivni
SWDigitalShop,TR SW DIGITAL SHOP,Gold,Sarajevo - Novo Sarajevo,Kanton Sarajevo,280,279,0,0,18,nije_auto,prvi,shop_category_id nije 17 i histogram nema dominantnu kategoriju 928 (auto dijelovi); nema veze sa automobilima,https://olx.ba/shops/SWDigitalShop/aktivni
SwissLuX,SwissLuX,Gold,Sarajevo - Novo Sarajevo,Kanton Sarajevo,61,61,0,0,18,nije_auto,prvi,shop_category_id nije 17 i histogram nema dominantnu kategoriju 928 (auto dijelovi); nema veze sa automobilima,https://olx.ba/shops/SwissLuX/aktivni
SystemOnedoo,System One servisni centar,Gold,Sarajevo - Novo Sarajevo,Kanton Sarajevo,186,185,0,0,18,nije_auto,prvi,shop_category_id nije 17 i histogram nema dominantnu kategoriju 928 (auto dijelovi); nema veze sa automobilima,https://olx.ba/shops/SystemOnedoo/aktivni
tango321,tango321,Gold,Sarajevo - Novo Sarajevo,Kanton Sarajevo,2,2,2,1,1,salon,prvi,,https://olx.ba/shops/tango321/aktivni
TECHNOBIT,TR TECHNOBIT,Gold,Sarajevo - Novo Sarajevo,Kanton Sarajevo,714,697,0,0,18,nije_auto,prvi,shop_category_id nije 17 i histogram nema dominantnu kategoriju 928 (auto dijelovi); nema veze sa automobilima,https://olx.ba/shops/TECHNOBIT/aktivni
Technologic,AI Technologic d.o.o.,Gold,Sarajevo - Novo Sarajevo,Kanton Sarajevo,626,0,0,0,18,neaktivan,prvi,,https://olx.ba/shops/Technologic/aktivni
TIMEVAULT,TIMEVAULT,Gold,Sarajevo - Novo Sarajevo,Kanton Sarajevo,240,240,0,0,18,nije_auto,prvi,shop_category_id nije 17 i histogram nema dominantnu kategoriju 928 (auto dijelovi); nema veze sa automobilima,https://olx.ba/shops/TIMEVAULT/aktivni
Udobnost,Udobnost,Gold,Sarajevo - Novo Sarajevo,Kanton Sarajevo,293,290,0,0,18,nije_auto,prvi,shop_category_id nije 17 i histogram nema dominantnu kategoriju 928 (auto dijelovi); nema veze sa automobilima,https://olx.ba/shops/Udobnost/aktivni
Univerzalno_pj1,Univerzalno d.o.o,Gold,Sarajevo - Novo Sarajevo,Kanton Sarajevo,127,0,0,0,18,neaktivan,prvi,,https://olx.ba/shops/Univerzalno_pj1/aktivni
UnivServis1,Univerzalno Servis,Gold,Sarajevo - Novo Sarajevo,Kanton Sarajevo,230,209,0,0,18,nije_auto,prvi,shop_category_id nije 17 i histogram nema dominantnu kategoriju 928 (auto dijelovi); nema veze sa automobilima,https://olx.ba/shops/UnivServis1/aktivni
UrbanAuto_SA,UrbanAuto_Sa,Gold,Sarajevo - Novo Sarajevo,Kanton Sarajevo,4,2,2,1,1,salon,prvi,,https://olx.ba/shops/UrbanAuto_SA/aktivni
Ventcommerce,Ventcommerce,Gold,Sarajevo - Novo Sarajevo,Kanton Sarajevo,9,9,0,0,18,nije_auto,prvi,shop_category_id nije 17 i histogram nema dominantnu kategoriju 928 (auto dijelovi); nema veze sa automobilima,https://olx.ba/shops/Ventcommerce/aktivni
VVAT_Automation,VVAT Automation d.o.o.,Gold,Sarajevo - Novo Sarajevo,Kanton Sarajevo,4,4,0,0,18,nije_auto,prvi,shop_category_id nije 17 i histogram nema dominantnu kategoriju 928 (auto dijelovi); nema veze sa automobilima,https://olx.ba/shops/VVAT_Automation/aktivni
zeka50,zeka50,Gold,Sarajevo - Novo Sarajevo,Kanton Sarajevo,1396,1376,0,0,18,nije_auto,prvi,shop_category_id nije 17 i histogram nema dominantnu kategoriju 928 (auto dijelovi); nema veze sa automobilima,https://olx.ba/shops/zeka50/aktivni
Ziriz,Ziriz Canvas Shop,Gold,Sarajevo - Novo Sarajevo,Kanton Sarajevo,3358,3358,0,0,18,nije_auto,prvi,shop_category_id nije 17 i histogram nema dominantnu kategoriju 928 (auto dijelovi); nema veze sa automobilima,https://olx.ba/shops/Ziriz/aktivni
AC_FOX,AUTOCENTAR FOX,Platinum,Sarajevo - Stari Grad,Kanton Sarajevo,26,24,24,1,1,salon,prvi,,https://olx.ba/shops/AC_FOX/aktivni
ajlarovcanin123,Ajla Rovcanin,Platinum,Sarajevo - Stari Grad,Kanton Sarajevo,0,0,0,0,18,neaktivan,prvi,,https://olx.ba/shops/ajlarovcanin123/aktivni
APARTMENTAN,APARTMENTAN,Platinum,Sarajevo - Stari Grad,Kanton Sarajevo,0,0,0,0,,neaktivan,prvi,,https://olx.ba/shops/APARTMENTAN/aktivni
Asikjunuz,Asikjunuz,Platinum,Sarajevo - Stari Grad,Kanton Sarajevo,2,0,0,0,18,neaktivan,prvi,,https://olx.ba/shops/Asikjunuz/aktivni
AzraAdi3,AS-AluSystems,Platinum,Sarajevo - Stari Grad,Kanton Sarajevo,0,0,0,0,18,neaktivan,prvi,,https://olx.ba/shops/AzraAdi3/aktivni
KvartNekretnine,Kvart Nekretnine,Platinum,Sarajevo - Stari Grad,Kanton Sarajevo,42,44,0,0,2,nije_auto,prvi,shop_category_id nije 17 i histogram nema dominantnu kategoriju 928 (auto dijelovi); nema veze sa automobilima,https://olx.ba/shops/KvartNekretnine/aktivni
MotoAB_Shop,Moto AB d.o.o,Platinum,Sarajevo - Stari Grad,Kanton Sarajevo,1509,1404,0,0,17,dijelovi,prvi,,https://olx.ba/shops/MotoAB_Shop/aktivni
NImamovic,NEKRETNINE IMAMOVIĆ,Platinum,Sarajevo - Stari Grad,Kanton Sarajevo,45,41,0,0,2,nije_auto,prvi,shop_category_id nije 17 i histogram nema dominantnu kategoriju 928 (auto dijelovi); nema veze sa automobilima,https://olx.ba/shops/NImamovic/aktivni
PlazaGroup,Plaza Group doo,Platinum,Sarajevo - Stari Grad,Kanton Sarajevo,0,0,0,0,,neaktivan,prvi,,https://olx.ba/shops/PlazaGroup/aktivni
selmaajana_1234,selmaajana_1234,Platinum,Sarajevo - Stari Grad,Kanton Sarajevo,0,0,0,0,18,neaktivan,prvi,,https://olx.ba/shops/selmaajana_1234/aktivni
TELEPHONES,TELEPHONES,Platinum,Sarajevo - Stari Grad,Kanton Sarajevo,1128,184,0,0,18,nije_auto,prvi,shop_category_id nije 17 i histogram nema dominantnu kategoriju 928 (auto dijelovi); nema veze sa automobilima,https://olx.ba/shops/TELEPHONES/aktivni
Univerzalno,UNIVERZALNO d.o.o. Sarajevo,Platinum,Sarajevo - Stari Grad,Kanton Sarajevo,1518,1459,0,0,18,nije_auto,prvi,shop_category_id nije 17 i histogram nema dominantnu kategoriju 928 (auto dijelovi); nema veze sa automobilima,https://olx.ba/shops/Univerzalno/aktivni
AffanMoc,Affan,Gold,Sarajevo - Stari Grad,Kanton Sarajevo,0,0,0,0,,neaktivan,prvi,,https://olx.ba/shops/AffanMoc/aktivni
AirTv,Air Tv,Gold,Sarajevo - Stari Grad,Kanton Sarajevo,1,0,0,0,18,neaktivan,prvi,,https://olx.ba/shops/AirTv/aktivni
Amedex,Amedex d.o.o.,Gold,Sarajevo - Stari Grad,Kanton Sarajevo,551,530,0,0,18,nije_auto,prvi,shop_category_id nije 17 i histogram nema dominantnu kategoriju 928 (auto dijelovi); nema veze sa automobilima,https://olx.ba/shops/Amedex/aktivni
Arman0812,Arman081285,Gold,Sarajevo - Stari Grad,Kanton Sarajevo,0,0,0,0,,neaktivan,prvi,,https://olx.ba/shops/Arman0812/aktivni
baketest,baketest,Gold,Sarajevo - Stari Grad,Kanton Sarajevo,0,0,0,0,18,neaktivan,prvi,,https://olx.ba/shops/baketest/aktivni
BenCoNekretnine,BEN&CO DOO,Gold,Sarajevo - Stari Grad,Kanton Sarajevo,11,11,0,0,2,nije_auto,prvi,shop_category_id nije 17 i histogram nema dominantnu kategoriju 928 (auto dijelovi); nema veze sa automobilima,https://olx.ba/shops/BenCoNekretnine/aktivni
CityViewHoliday,CityView Holiday by Biznis Analiza doo,Gold,Sarajevo - Stari Grad,Kanton Sarajevo,1,1,0,0,2,nije_auto,prvi,shop_category_id nije 17 i histogram nema dominantnu kategoriju 928 (auto dijelovi); nema veze sa automobilima,https://olx.ba/shops/CityViewHoliday/aktivni
DDDAMIR81,DDDAMIR,Gold,Sarajevo - Stari Grad,Kanton Sarajevo,0,0,0,0,18,neaktivan,prvi,,https://olx.ba/shops/DDDAMIR81/aktivni
EMBRA,EMBRA Nekretnine,Gold,Sarajevo - Stari Grad,Kanton Sarajevo,14,13,0,0,2,nije_auto,prvi,shop_category_id nije 17 i histogram nema dominantnu kategoriju 928 (auto dijelovi); nema veze sa automobilima,https://olx.ba/shops/EMBRA/aktivni
Filiplivaja,Filiplivaja,Gold,Sarajevo - Stari Grad,Kanton Sarajevo,0,0,0,0,,neaktivan,prvi,,https://olx.ba/shops/Filiplivaja/aktivni
Hustel,TR HUS-TEL,Gold,Sarajevo - Stari Grad,Kanton Sarajevo,562,457,0,0,18,nije_auto,prvi,shop_category_id nije 17 i histogram nema dominantnu kategoriju 928 (auto dijelovi); nema veze sa automobilima,https://olx.ba/shops/Hustel/aktivni
HustelOrtoDOO,Hustel Orto D.o.o,Gold,Sarajevo - Stari Grad,Kanton Sarajevo,0,0,0,0,,neaktivan,prvi,,https://olx.ba/shops/HustelOrtoDOO/aktivni
Isfahan_Gallery,Isfahan_Gallery,Gold,Sarajevo - Stari Grad,Kanton Sarajevo,157,155,0,0,18,nije_auto,prvi,shop_category_id nije 17 i histogram nema dominantnu kategoriju 928 (auto dijelovi); nema veze sa automobilima,https://olx.ba/shops/Isfahan_Gallery/aktivni
jtibur,auta,Gold,Sarajevo - Stari Grad,Kanton Sarajevo,0,0,0,0,,neaktivan,prvi,,https://olx.ba/shops/jtibur/aktivni
kenan_hamza,Prodaja,Gold,Sarajevo - Stari Grad,Kanton Sarajevo,0,0,0,0,18,neaktivan,prvi,,https://olx.ba/shops/kenan_hamza/aktivni
LS2_BiH_Shop,Moto AB d.o.o,Gold,Sarajevo - Stari Grad,Kanton Sarajevo,383,384,0,0,17,dijelovi,prvi,,https://olx.ba/shops/LS2_BiH_Shop/aktivni
LuxuryGiftShop,LUXURY GIFT SHOP,Gold,Sarajevo - Stari Grad,Kanton Sarajevo,26,26,0,0,18,nije_auto,prvi,shop_category_id nije 17 i histogram nema dominantnu kategoriju 928 (auto dijelovi); nema veze sa automobilima,https://olx.ba/shops/LuxuryGiftShop/aktivni
MD0108,MD0108,Gold,Sarajevo - Stari Grad,Kanton Sarajevo,1,0,0,0,18,neaktivan,prvi,,https://olx.ba/shops/MD0108/aktivni
MojeMaskice,Moje maskice,Gold,Sarajevo - Stari Grad,Kanton Sarajevo,399,261,0,0,18,nije_auto,prvi,shop_category_id nije 17 i histogram nema dominantnu kategoriju 928 (auto dijelovi); nema veze sa automobilima,https://olx.ba/shops/MojeMaskice/aktivni
pacomoby,TR PACOMOBY,Gold,Sarajevo - Stari Grad,Kanton Sarajevo,305,305,0,0,18,nije_auto,prvi,shop_category_id nije 17 i histogram nema dominantnu kategoriju 928 (auto dijelovi); nema veze sa automobilima,https://olx.ba/shops/pacomoby/aktivni
piccologrande,piccologrande nekretnine,Gold,Sarajevo - Stari Grad,Kanton Sarajevo,16,16,0,0,2,nije_auto,prvi,shop_category_id nije 17 i histogram nema dominantnu kategoriju 928 (auto dijelovi); nema veze sa automobilima,https://olx.ba/shops/piccologrande/aktivni
PlatinumRE,Platinum nekretnine,Gold,Sarajevo - Stari Grad,Kanton Sarajevo,11,11,0,0,2,nije_auto,prvi,shop_category_id nije 17 i histogram nema dominantnu kategoriju 928 (auto dijelovi); nema veze sa automobilima,https://olx.ba/shops/PlatinumRE/aktivni
PropertiesBosnia,Park Group Dubai,Gold,Sarajevo - Stari Grad,Kanton Sarajevo,11,11,0,0,2,nije_auto,prvi,shop_category_id nije 17 i histogram nema dominantnu kategoriju 928 (auto dijelovi); nema veze sa automobilima,https://olx.ba/shops/PropertiesBosnia/aktivni
roxbeauty,ROXBEAUTY,Gold,Sarajevo - Stari Grad,Kanton Sarajevo,79,4,0,0,18,nije_auto,prvi,shop_category_id nije 17 i histogram nema dominantnu kategoriju 928 (auto dijelovi); nema veze sa automobilima,https://olx.ba/shops/roxbeauty/aktivni
rymeautocentar,emashoping,Gold,Sarajevo - Stari Grad,Kanton Sarajevo,0,0,0,0,18,neaktivan,prvi,,https://olx.ba/shops/rymeautocentar/aktivni
Sant719,Sant 719 d.o.o. Sarajevo,Gold,Sarajevo - Stari Grad,Kanton Sarajevo,21,20,0,0,2,nije_auto,prvi,shop_category_id nije 17 i histogram nema dominantnu kategoriju 928 (auto dijelovi); nema veze sa automobilima,https://olx.ba/shops/Sant719/aktivni
SarajCity2007,SarajCity RealEstate,Gold,Sarajevo - Stari Grad,Kanton Sarajevo,34,31,0,0,2,nije_auto,prvi,shop_category_id nije 17 i histogram nema dominantnu kategoriju 928 (auto dijelovi); nema veze sa automobilima,https://olx.ba/shops/SarajCity2007/aktivni
seki57seki,Seki.seki,Gold,Sarajevo - Stari Grad,Kanton Sarajevo,0,0,0,0,18,neaktivan,prvi,,https://olx.ba/shops/seki57seki/aktivni
specialservis,Specialservis,Gold,Sarajevo - Stari Grad,Kanton Sarajevo,365,324,0,0,18,nije_auto,prvi,shop_category_id nije 17 i histogram nema dominantnu kategoriju 928 (auto dijelovi); nema veze sa automobilima,https://olx.ba/shops/specialservis/aktivni
Suad_Kamberi,Suad Kam...,Gold,Sarajevo - Stari Grad,Kanton Sarajevo,0,0,0,0,18,neaktivan,prvi,,https://olx.ba/shops/Suad_Kamberi/aktivni
univerzalno4,Univerzalno d.o.o.,Gold,Sarajevo - Stari Grad,Kanton Sarajevo,965,0,0,0,18,neaktivan,prvi,,https://olx.ba/shops/univerzalno4/aktivni
Visitapartmani,Visitapartmani,Gold,Sarajevo - Stari Grad,Kanton Sarajevo,5,4,0,0,2,nije_auto,prvi,shop_category_id nije 17 i histogram nema dominantnu kategoriju 928 (auto dijelovi); nema veze sa automobilima,https://olx.ba/shops/Visitapartmani/aktivni
WagenSA,UNIVERSYS d.o.o.,Gold,Sarajevo - Stari Grad,Kanton Sarajevo,1,1,1,1,1,salon,prvi,,https://olx.ba/shops/WagenSA/aktivni
wertigo098,wertigo098,Gold,Sarajevo - Stari Grad,Kanton Sarajevo,0,1,0,0,18,nije_auto,prvi,shop_category_id nije 17 i histogram nema dominantnu kategoriju 928 (auto dijelovi); nema veze sa automobilima,https://olx.ba/shops/wertigo098/aktivni
milosk5321,Milosboos,Gold,Šekovići,Regija Bijeljina,0,0,0,0,18,neaktivan,prvi,,https://olx.ba/shops/milosk5321/aktivni
IdealAuto,IdealAuto,Platinum,Šipovo,Regija Banja Luka,19,19,18,0.9474,1,salon,prvi,,https://olx.ba/shops/IdealAuto/aktivni
Pronikola123,Pronikola123,Platinum,Šipovo,Regija Banja Luka,1,0,0,0,18,neaktivan,prvi,,https://olx.ba/shops/Pronikola123/aktivni
tijana_kacar,tijana_kacar,Platinum,Šipovo,Regija Banja Luka,0,0,0,0,18,neaktivan,prvi,,https://olx.ba/shops/tijana_kacar/aktivni
bistar_doo,Bistar doo,Gold,Šipovo,Regija Banja Luka,421,421,0,0,18,nije_auto,prvi,shop_category_id nije 17 i histogram nema dominantnu kategoriju 928 (auto dijelovi); nema veze sa automobilima,https://olx.ba/shops/bistar_doo/aktivni
CaffeClubRed,CaffeClubRed,Gold,Šipovo,Regija Banja Luka,1,0,0,0,1,neaktivan,prvi,,https://olx.ba/shops/CaffeClubRed/aktivni
Sinisaa31,ACSTUPAR,Gold,Šipovo,Regija Banja Luka,1,0,0,0,18,neaktivan,prvi,,https://olx.ba/shops/Sinisaa31/aktivni
AnteCrnjac10,AnteCrnjac10,Platinum,Široki Brijeg,Zapadnohercegovački kanton,0,0,0,0,,neaktivan,prvi,,https://olx.ba/shops/AnteCrnjac10/aktivni
ARTS_doo,ARTSd.o.o.,Platinum,Široki Brijeg,Zapadnohercegovački kanton,1130,1123,0,0,17,dijelovi,prvi,,https://olx.ba/shops/ARTS_doo/aktivni
ASDRIVE,Auto Salon Drive d.o.o.,Platinum,Široki Brijeg,Zapadnohercegovački kanton,21,19,19,1,1,salon,prvi,,https://olx.ba/shops/ASDRIVE/aktivni
AudiDiijelovi,AudiDiijelovi,Platinum,Široki Brijeg,Zapadnohercegovački kanton,11249,11307,0,0,17,dijelovi,prvi,,https://olx.ba/shops/AudiDiijelovi/aktivni
autokarlo,AUTO KARLO DOO,Platinum,Široki Brijeg,Zapadnohercegovački kanton,52,50,50,1,1,salon,prvi,,https://olx.ba/shops/autokarlo/aktivni
automd,Auto MD Servis 4x4,Platinum,Široki Brijeg,Zapadnohercegovački kanton,12982,12982,0,0,17,dijelovi,prvi,,https://olx.ba/shops/automd/aktivni
AutoSalonM,Auto salon M,Platinum,Široki Brijeg,Zapadnohercegovački kanton,14,14,14,1,1,salon,prvi,,https://olx.ba/shops/AutoSalonM/aktivni
Davi155,Davi155,Platinum,Široki Brijeg,Zapadnohercegovački kanton,0,0,0,0,18,neaktivan,prvi,,https://olx.ba/shops/Davi155/aktivni
Galerijanoa7,Galerijanoa7,Platinum,Široki Brijeg,Zapadnohercegovački kanton,0,0,0,0,,neaktivan,prvi,,https://olx.ba/shops/Galerijanoa7/aktivni
ghhhhhjjnbbkl,ghhhhhjjnbbkl,Platinum,Široki Brijeg,Zapadnohercegovački kanton,0,0,0,0,,neaktivan,prvi,,https://olx.ba/shops/ghhhhhjjnbbkl/aktivni
ivandusparusic,ivandusparusic,Platinum,Široki Brijeg,Zapadnohercegovački kanton,1,0,0,0,18,neaktivan,prvi,,https://olx.ba/shops/ivandusparusic/aktivni
klikalat,Total-s d.o.o.,Platinum,Široki Brijeg,Zapadnohercegovački kanton,6296,6211,0,0,18,nije_auto,prvi,shop_category_id nije 17 i histogram nema dominantnu kategoriju 928 (auto dijelovi); nema veze sa automobilima,https://olx.ba/shops/klikalat/aktivni
MARKELI,MARKELI d.o.o.,Platinum,Široki Brijeg,Zapadnohercegovački kanton,32,30,30,1,1,salon,prvi,,https://olx.ba/shops/MARKELI/aktivni
proalat,proalat.ba,Platinum,Široki Brijeg,Zapadnohercegovački kanton,9526,9483,0,0,18,nije_auto,prvi,shop_category_id nije 17 i histogram nema dominantnu kategoriju 928 (auto dijelovi); nema veze sa automobilima,https://olx.ba/shops/proalat/aktivni
Remedija,Remedija d.o.o.,Platinum,Široki Brijeg,Zapadnohercegovački kanton,180,179,0,0,18,nije_auto,prvi,shop_category_id nije 17 i histogram nema dominantnu kategoriju 928 (auto dijelovi); nema veze sa automobilima,https://olx.ba/shops/Remedija/aktivni
RLDmoto,RLD MOTO d.o.o.,Platinum,Široki Brijeg,Zapadnohercegovački kanton,8645,8645,0,0,17,dijelovi,prvi,,https://olx.ba/shops/RLDmoto/aktivni
sportextremebih,sportextremebih,Platinum,Široki Brijeg,Zapadnohercegovački kanton,3050,3049,0,0,18,nije_auto,prvi,shop_category_id nije 17 i histogram nema dominantnu kategoriju 928 (auto dijelovi); nema veze sa automobilima,https://olx.ba/shops/sportextremebih/aktivni
Vibardoo,Vibar d.o.o.,Platinum,Široki Brijeg,Zapadnohercegovački kanton,25,20,0,0,18,nije_auto,prvi,shop_category_id nije 17 i histogram nema dominantnu kategoriju 928 (auto dijelovi); nema veze sa automobilima,https://olx.ba/shops/Vibardoo/aktivni
watchba,PONUDA MP d.o.o.,Platinum,Široki Brijeg,Zapadnohercegovački kanton,66,65,0,0,18,nije_auto,prvi,shop_category_id nije 17 i histogram nema dominantnu kategoriju 928 (auto dijelovi); nema veze sa automobilima,https://olx.ba/shops/watchba/aktivni
ZOOMauto,ZOOM d.o.o.,Platinum,Široki Brijeg,Zapadnohercegovački kanton,182,181,181,1,1,salon,prvi,,https://olx.ba/shops/ZOOMauto/aktivni
ante_barac93,Ante Barac,Gold,Široki Brijeg,Zapadnohercegovački kanton,0,0,0,0,18,neaktivan,prvi,,https://olx.ba/shops/ante_barac93/aktivni
autokoncept,Auto Koncept,Gold,Široki Brijeg,Zapadnohercegovački kanton,11,12,12,1,1,salon,prvi,,https://olx.ba/shops/autokoncept/aktivni
AutoKuca_Jelic,Autokuća Jelić,Gold,Široki Brijeg,Zapadnohercegovački kanton,22,23,23,1,1,salon,prvi,,https://olx.ba/shops/AutoKuca_Jelic/aktivni
Aveconcept,AVE CONCEPT D.O.O,Gold,Široki Brijeg,Zapadnohercegovački kanton,352,353,0,0,18,nije_auto,prvi,shop_category_id nije 17 i histogram nema dominantnu kategoriju 928 (auto dijelovi); nema veze sa automobilima,https://olx.ba/shops/Aveconcept/aktivni
BLUECARS,BLUECARS,Gold,Široki Brijeg,Zapadnohercegovački kanton,18,17,17,1,1,salon,prvi,,https://olx.ba/shops/BLUECARS/aktivni
Cuzic_doo,Ćužić d.o.o.,Gold,Široki Brijeg,Zapadnohercegovački kanton,620,550,0,0,18,nije_auto,prvi,shop_category_id nije 17 i histogram nema dominantnu kategoriju 928 (auto dijelovi); nema veze sa automobilima,https://olx.ba/shops/Cuzic_doo/aktivni
DETAILING_BA,DETAILING_BA,Gold,Široki Brijeg,Zapadnohercegovački kanton,774,774,0,0,17,dijelovi,prvi,,https://olx.ba/shops/DETAILING_BA/aktivni
DigitalnaZona,DigitalnaZona,Gold,Široki Brijeg,Zapadnohercegovački kanton,47,47,0,0,18,nije_auto,prvi,shop_category_id nije 17 i histogram nema dominantnu kategoriju 928 (auto dijelovi); nema veze sa automobilima,https://olx.ba/shops/DigitalnaZona/aktivni
Dionysius007,FirmeCloias,Gold,Široki Brijeg,Zapadnohercegovački kanton,0,0,0,0,,neaktivan,prvi,,https://olx.ba/shops/Dionysius007/aktivni
Fatmirduraj,Fatmirduraj,Gold,Široki Brijeg,Zapadnohercegovački kanton,0,0,0,0,18,neaktivan,prvi,,https://olx.ba/shops/Fatmirduraj/aktivni
FDcarparts,CAR PARTS,Gold,Široki Brijeg,Zapadnohercegovački kanton,2297,2288,0,0,17,dijelovi,prvi,,https://olx.ba/shops/FDcarparts/aktivni
Hills_auto,Hills_auto,Gold,Široki Brijeg,Zapadnohercegovački kanton,10,9,9,1,1,salon,prvi,,https://olx.ba/shops/Hills_auto/aktivni
igreba,PONUDA MP d.o.o.,Gold,Široki Brijeg,Zapadnohercegovački kanton,258,250,0,0,18,nije_auto,prvi,shop_category_id nije 17 i histogram nema dominantnu kategoriju 928 (auto dijelovi); nema veze sa automobilima,https://olx.ba/shops/igreba/aktivni
kemijaaa,KEMIJA,Gold,Široki Brijeg,Zapadnohercegovački kanton,0,0,0,0,18,neaktivan,prvi,,https://olx.ba/shops/kemijaaa/aktivni
Malisa111,Gold OLX shop,Gold,Široki Brijeg,Zapadnohercegovački kanton,0,0,0,0,,neaktivan,prvi,,https://olx.ba/shops/Malisa111/aktivni
mercedessiroki,Mersiroki,Gold,Široki Brijeg,Zapadnohercegovački kanton,0,0,0,0,18,neaktivan,prvi,,https://olx.ba/shops/mercedessiroki/aktivni
MG_Auto,MG Auto,Gold,Široki Brijeg,Zapadnohercegovački kanton,10,11,11,1,1,salon,prvi,,https://olx.ba/shops/MG_Auto/aktivni
nvshop,nvshop,Gold,Široki Brijeg,Zapadnohercegovački kanton,1401,618,0,0,18,nije_auto,prvi,shop_category_id nije 17 i histogram nema dominantnu kategoriju 928 (auto dijelovi); nema veze sa automobilima,https://olx.ba/shops/nvshop/aktivni
OEParts,OEParts,Gold,Široki Brijeg,Zapadnohercegovački kanton,28,0,0,0,17,neaktivan,prvi,,https://olx.ba/shops/OEParts/aktivni
Oli3333,ALU team,Gold,Široki Brijeg,Zapadnohercegovački kanton,0,0,0,0,,neaktivan,prvi,,https://olx.ba/shops/Oli3333/aktivni
Pila159,Pila159,Gold,Široki Brijeg,Zapadnohercegovački kanton,183,0,0,0,17,neaktivan,prvi,,https://olx.ba/shops/Pila159/aktivni
profialat_ba,profialat_ba,Gold,Široki Brijeg,Zapadnohercegovački kanton,24,1,0,0,17,dijelovi,prvi,,https://olx.ba/shops/profialat_ba/aktivni
SubIT,SubIT,Gold,Široki Brijeg,Zapadnohercegovački kanton,0,0,0,0,18,neaktivan,prvi,,https://olx.ba/shops/SubIT/aktivni
TechMobile,TechMobile,Gold,Široki Brijeg,Zapadnohercegovački kanton,0,0,0,0,,neaktivan,prvi,,https://olx.ba/shops/TechMobile/aktivni
CHCars_prodaja,CHCars_prodaja,Platinum,Sokolac,Regija Istočno Sarajevo,55,54,54,1,1,salon,prvi,,https://olx.ba/shops/CHCars_prodaja/aktivni
idegas717171,game-shop,Platinum,Sokolac,Regija Istočno Sarajevo,16,0,0,0,18,neaktivan,prvi,,https://olx.ba/shops/idegas717171/aktivni
zonasokolac,S.P Bukovik Sokolac,Platinum,Sokolac,Regija Istočno Sarajevo,0,0,0,0,18,neaktivan,prvi,,https://olx.ba/shops/zonasokolac/aktivni
ACPetrovic,ACPetrovic,Gold,Sokolac,Regija Istočno Sarajevo,18,0,0,0,18,neaktivan,prvi,,https://olx.ba/shops/ACPetrovic/aktivni
AOPetrovic,Auto Otpad Pertovic SP,Gold,Sokolac,Regija Istočno Sarajevo,797,796,0,0,17,dijelovi,prvi,,https://olx.ba/shops/AOPetrovic/aktivni
LagerPAK,LagerPAK,Gold,Sokolac,Regija Istočno Sarajevo,48,48,0,0,18,nije_auto,prvi,shop_category_id nije 17 i histogram nema dominantnu kategoriju 928 (auto dijelovi); nema veze sa automobilima,https://olx.ba/shops/LagerPAK/aktivni
MuMs122,Pik.ba,Gold,Sokolac,Regija Istočno Sarajevo,0,0,0,0,18,neaktivan,prvi,,https://olx.ba/shops/MuMs122/aktivni
VrtiFarma,VET GUARD d.o.o. Sokolac,Gold,Sokolac,Regija Istočno Sarajevo,261,254,0,0,18,nije_auto,prvi,shop_category_id nije 17 i histogram nema dominantnu kategoriju 928 (auto dijelovi); nema veze sa automobilima,https://olx.ba/shops/VrtiFarma/aktivni
whaw,Olx shopa,Gold,Sokolac,Regija Istočno Sarajevo,0,0,0,0,18,neaktivan,prvi,,https://olx.ba/shops/whaw/aktivni
ASBservis,ASBservis,Platinum,Srbac,Regija Banja Luka,7922,7922,0,0,17,dijelovi,prvi,,https://olx.ba/shops/ASBservis/aktivni
deki1234,Auto Otpad Deki,Platinum,Srbac,Regija Banja Luka,7368,7274,0,0,17,dijelovi,prvi,,https://olx.ba/shops/deki1234/aktivni
VMELECTRONICS,VM-ELECTRONICS S.P. MITAR VUCINIC,Platinum,Srbac,Regija Banja Luka,10831,10831,0,0,18,nije_auto,prvi,shop_category_id nije 17 i histogram nema dominantnu kategoriju 928 (auto dijelovi); nema veze sa automobilima,https://olx.ba/shops/VMELECTRONICS/aktivni
Adam78,tiho78,Gold,Srbac,Regija Banja Luka,0,0,0,0,18,neaktivan,prvi,,https://olx.ba/shops/Adam78/aktivni
ASIAUTOSALON,ASIAUTOSALON,Gold,Srbac,Regija Banja Luka,36,37,37,1,1,salon,prvi,,https://olx.ba/shops/ASIAUTOSALON/aktivni
AutoSector,AutoSector,Gold,Srbac,Regija Banja Luka,0,0,0,0,,neaktivan,prvi,,https://olx.ba/shops/AutoSector/aktivni
Car_Zone,PRODAJA AUTOMOBILA CARZONE,Gold,Srbac,Regija Banja Luka,8,8,8,1,1,salon,prvi,,https://olx.ba/shops/Car_Zone/aktivni
DADOLK,DADOLK,Gold,Srbac,Regija Banja Luka,0,0,0,0,18,neaktivan,prvi,,https://olx.ba/shops/DADOLK/aktivni
Didi777,AtlanticTransdoo,Gold,Srbac,Regija Banja Luka,14,0,0,0,17,neaktivan,prvi,,https://olx.ba/shops/Didi777/aktivni
EPOXSrbac,EPOX DOO,Gold,Srbac,Regija Banja Luka,91,91,0,0,18,nije_auto,prvi,shop_category_id nije 17 i histogram nema dominantnu kategoriju 928 (auto dijelovi); nema veze sa automobilima,https://olx.ba/shops/EPOXSrbac/aktivni
greba12ufdd,Marko Malic,Gold,Srbac,Regija Banja Luka,0,0,0,0,18,neaktivan,prvi,,https://olx.ba/shops/greba12ufdd/aktivni
ideal_auto,P&S IDEAL AUTO,Gold,Srbac,Regija Banja Luka,0,0,0,0,18,neaktivan,prvi,,https://olx.ba/shops/ideal_auto/aktivni
kings83,kings83,Gold,Srbac,Regija Banja Luka,748,744,0,0,18,nije_auto,prvi,shop_category_id nije 17 i histogram nema dominantnu kategoriju 928 (auto dijelovi); nema veze sa automobilima,https://olx.ba/shops/kings83/aktivni
Mr_7777,Mr_7777,Gold,Srbac,Regija Banja Luka,0,0,0,0,18,neaktivan,prvi,,https://olx.ba/shops/Mr_7777/aktivni
MVuk11,MVuk11,Gold,Srbac,Regija Banja Luka,0,0,0,0,18,neaktivan,prvi,,https://olx.ba/shops/MVuk11/aktivni
najedk,Pik,Gold,Srbac,Regija Banja Luka,0,0,0,0,18,neaktivan,prvi,,https://olx.ba/shops/najedk/aktivni
nikolaidhkdh,GHOSTSPINNING,Gold,Srbac,Regija Banja Luka,0,0,0,0,18,neaktivan,prvi,,https://olx.ba/shops/nikolaidhkdh/aktivni
Radojcic3,Radojcic,Gold,Srbac,Regija Banja Luka,0,0,0,0,18,neaktivan,prvi,,https://olx.ba/shops/Radojcic3/aktivni
River_Auto,River Trade d.o.o.,Gold,Srbac,Regija Banja Luka,21,19,19,1,1,salon,prvi,,https://olx.ba/shops/River_Auto/aktivni
SKRPAN,ŠKRPAN,Gold,Srbac,Regija Banja Luka,97,95,0,0,18,nije_auto,prvi,shop_category_id nije 17 i histogram nema dominantnu kategoriju 928 (auto dijelovi); nema veze sa automobilima,https://olx.ba/shops/SKRPAN/aktivni
Sladjansimic3,Oglasnik,Gold,Srbac,Regija Banja Luka,0,0,0,0,18,neaktivan,prvi,,https://olx.ba/shops/Sladjansimic3/aktivni
Terracar,Terracar Vozila-Mehanizacija-Oprema,Gold,Srbac,Regija Banja Luka,65,65,65,1,1,salon,prvi,,https://olx.ba/shops/Terracar/aktivni
Zerima22,Teodora bilbija,Gold,Srbac,Regija Banja Luka,0,0,0,0,18,neaktivan,prvi,,https://olx.ba/shops/Zerima22/aktivni
krogpa50,korgpa50,Platinum,Srebrenica,Regija Bijeljina,5,0,0,0,18,neaktivan,prvi,,https://olx.ba/shops/krogpa50/aktivni
milanstojkovic5,Xnxnymssk,Platinum,Srebrenica,Regija Bijeljina,0,0,0,0,18,neaktivan,prvi,,https://olx.ba/shops/milanstojkovic5/aktivni
AsDrvoPotocari,As Drvo,Gold,Srebrenica,Regija Bijeljina,0,0,0,0,,neaktivan,prvi,,https://olx.ba/shops/AsDrvoPotocari/aktivni
hamete21,OLX shop,Gold,Srebrenica,Regija Bijeljina,0,0,0,0,18,neaktivan,prvi,,https://olx.ba/shops/hamete21/aktivni
HasankovicF,hasankovic Fadila,Gold,Srebrenica,Regija Bijeljina,0,0,0,0,2,neaktivan,prvi,,https://olx.ba/shops/HasankovicF/aktivni
Nelamile,Nelamile,Gold,Srebrenica,Regija Bijeljina,0,0,0,0,,neaktivan,prvi,,https://olx.ba/shops/Nelamile/aktivni
SREkonomik,Ekobox Kontejneri,Gold,Srebrenica,Regija Bijeljina,4,2,0,0,2,nije_auto,prvi,shop_category_id nije 17 i histogram nema dominantnu kategoriju 928 (auto dijelovi); nema veze sa automobilima,https://olx.ba/shops/SREkonomik/aktivni
Zex_99,Žexoni,Gold,Srebrenica,Regija Bijeljina,0,0,0,0,18,neaktivan,prvi,,https://olx.ba/shops/Zex_99/aktivni
AK_SMAJLOVIC,Auto kuća Smajlović d.o.o.,Platinum,Srebrenik,Tuzlanski kanton,5,7,7,1,1,salon,prvi,,https://olx.ba/shops/AK_SMAJLOVIC/aktivni
Alati_tehnika,Alati-tehnika,Platinum,Srebrenik,Tuzlanski kanton,2340,2338,0,0,18,nije_auto,prvi,shop_category_id nije 17 i histogram nema dominantnu kategoriju 928 (auto dijelovi); nema veze sa automobilima,https://olx.ba/shops/Alati_tehnika/aktivni
All_Star_Vog,sigurnakupovinaELON,Platinum,Srebrenik,Tuzlanski kanton,7714,0,0,0,18,neaktivan,prvi,,https://olx.ba/shops/All_Star_Vog/aktivni
AluBelamont,BelamontSrebrenik,Platinum,Srebrenik,Tuzlanski kanton,0,0,0,0,,neaktivan,prvi,,https://olx.ba/shops/AluBelamont/aktivni
AluStil,AluStil,Platinum,Srebrenik,Tuzlanski kanton,17,17,0,0,18,nije_auto,prvi,shop_category_id nije 17 i histogram nema dominantnu kategoriju 928 (auto dijelovi); nema veze sa automobilima,https://olx.ba/shops/AluStil/aktivni
Ammar1034,Ammar1034,Platinum,Srebrenik,Tuzlanski kanton,0,0,0,0,,neaktivan,prvi,,https://olx.ba/shops/Ammar1034/aktivni
AntilopaShop,Antilopa shop,Platinum,Srebrenik,Tuzlanski kanton,862,871,0,0,18,nije_auto,prvi,shop_category_id nije 17 i histogram nema dominantnu kategoriju 928 (auto dijelovi); nema veze sa automobilima,https://olx.ba/shops/AntilopaShop/aktivni
APARATI12,ALATI_MASINE_OPREMA,Platinum,Srebrenik,Tuzlanski kanton,355,354,0,0,18,nije_auto,prvi,shop_category_id nije 17 i histogram nema dominantnu kategoriju 928 (auto dijelovi); nema veze sa automobilima,https://olx.ba/shops/APARATI12/aktivni
BERNER,OSV METAL D.O.O,Platinum,Srebrenik,Tuzlanski kanton,574,580,0,0,18,nije_auto,prvi,shop_category_id nije 17 i histogram nema dominantnu kategoriju 928 (auto dijelovi); nema veze sa automobilima,https://olx.ba/shops/BERNER/aktivni
BestShoesBiH,BestShoesBiH,Platinum,Srebrenik,Tuzlanski kanton,0,0,0,0,,neaktivan,prvi,,https://olx.ba/shops/BestShoesBiH/aktivni
BSELECTROdoo,BS ELECTRO,Platinum,Srebrenik,Tuzlanski kanton,1296,1292,0,0,18,nije_auto,prvi,shop_category_id nije 17 i histogram nema dominantnu kategoriju 928 (auto dijelovi); nema veze sa automobilima,https://olx.ba/shops/BSELECTROdoo/aktivni
BurnShop1,OpenShopAlati,Platinum,Srebrenik,Tuzlanski kanton,350,353,0,0,18,nije_auto,prvi,shop_category_id nije 17 i histogram nema dominantnu kategoriju 928 (auto dijelovi); nema veze sa automobilima,https://olx.ba/shops/BurnShop1/aktivni
CeninoBiH,CeninoDoo,Platinum,Srebrenik,Tuzlanski kanton,46,1,0,0,18,nije_auto,prvi,shop_category_id nije 17 i histogram nema dominantnu kategoriju 928 (auto dijelovi); nema veze sa automobilima,https://olx.ba/shops/CeninoBiH/aktivni
demisdoo,DEMIS DOO,Platinum,Srebrenik,Tuzlanski kanton,36,36,36,1,1,salon,prvi,,https://olx.ba/shops/demisdoo/aktivni
denixdoo,denixdoo,Platinum,Srebrenik,Tuzlanski kanton,72,73,73,1,1,salon,prvi,,https://olx.ba/shops/denixdoo/aktivni
FirstShop,Firstshop,Platinum,Srebrenik,Tuzlanski kanton,533,536,0,0,18,nije_auto,prvi,shop_category_id nije 17 i histogram nema dominantnu kategoriju 928 (auto dijelovi); nema veze sa automobilima,https://olx.ba/shops/FirstShop/aktivni
GoodShop1,GoodShop1,Platinum,Srebrenik,Tuzlanski kanton,397,400,0,0,18,nije_auto,prvi,shop_category_id nije 17 i histogram nema dominantnu kategoriju 928 (auto dijelovi); nema veze sa automobilima,https://olx.ba/shops/GoodShop1/aktivni
HARDALATI,HARDALATI,Platinum,Srebrenik,Tuzlanski kanton,379,379,17,0.0455,18,nije_auto,prvi,shop_category_id nije 17 i histogram nema dominantnu kategoriju 928 (auto dijelovi); nema veze sa automobilima,https://olx.ba/shops/HARDALATI/aktivni
Hari_Lela,Prodaja HARI,Platinum,Srebrenik,Tuzlanski kanton,120,108,0,0,18,nije_auto,prvi,shop_category_id nije 17 i histogram nema dominantnu kategoriju 928 (auto dijelovi); nema veze sa automobilima,https://olx.ba/shops/Hari_Lela/aktivni
Hm_Music,HM Musić d.o.o.,Platinum,Srebrenik,Tuzlanski kanton,31,31,0,0,18,nije_auto,prvi,shop_category_id nije 17 i histogram nema dominantnu kategoriju 928 (auto dijelovi); nema veze sa automobilima,https://olx.ba/shops/Hm_Music/aktivni
Hrusticc,Hrusticc,Platinum,Srebrenik,Tuzlanski kanton,11,11,11,1,1,salon,prvi,,https://olx.ba/shops/Hrusticc/aktivni
kondorasns,kondorasns,Platinum,Srebrenik,Tuzlanski kanton,0,0,0,0,2,neaktivan,prvi,,https://olx.ba/shops/kondorasns/aktivni
LuxuryCars,Luxury Cars doo,Platinum,Srebrenik,Tuzlanski kanton,2,2,2,1,1,salon,prvi,,https://olx.ba/shops/LuxuryCars/aktivni
MachinaX,"""MachinaX"" d.o.o. za trgovinu i usluge Srebrenik",Platinum,Srebrenik,Tuzlanski kanton,645,670,0,0,18,nije_auto,prvi,shop_category_id nije 17 i histogram nema dominantnu kategoriju 928 (auto dijelovi); nema veze sa automobilima,https://olx.ba/shops/MachinaX/aktivni
NArnautovic_doo,N-Arnautović Company d.o.o. Srebrenik,Platinum,Srebrenik,Tuzlanski kanton,6,3,2,0.6667,1,mjesovito,drugi,"Dublji uzorak (3) pokazuje udio vozila 0.6667, tezisno i vozila i dijelovi.",https://olx.ba/shops/NArnautovic_doo/aktivni
nevreskurta,ELECTRONICS-nevreskurta d.o.o,Platinum,Srebrenik,Tuzlanski kanton,1404,1409,0,0,18,nije_auto,prvi,shop_category_id nije 17 i histogram nema dominantnu kategoriju 928 (auto dijelovi); nema veze sa automobilima,https://olx.ba/shops/nevreskurta/aktivni
Nirmex_Prodaja,"Nirmex d.o.o. za prevoz i trgovinu , Previle bb , 75350 Previle",Platinum,Srebrenik,Tuzlanski kanton,333,332,0,0,18,nije_auto,prvi,shop_category_id nije 17 i histogram nema dominantnu kategoriju 928 (auto dijelovi); nema veze sa automobilima,https://olx.ba/shops/Nirmex_Prodaja/aktivni
prodajatrimera,prodajatrimera,Platinum,Srebrenik,Tuzlanski kanton,1973,1973,0,0,18,nije_auto,prvi,shop_category_id nije 17 i histogram nema dominantnu kategoriju 928 (auto dijelovi); nema veze sa automobilima,https://olx.ba/shops/prodajatrimera/aktivni
sead_joldic,Sead joldic,Platinum,Srebrenik,Tuzlanski kanton,0,0,0,0,18,neaktivan,prvi,,https://olx.ba/shops/sead_joldic/aktivni
SEXSHOP_erosba,Sex shop eros.ba,Platinum,Srebrenik,Tuzlanski kanton,351,261,0,0,18,nije_auto,prvi,shop_category_id nije 17 i histogram nema dominantnu kategoriju 928 (auto dijelovi); nema veze sa automobilima,https://olx.ba/shops/SEXSHOP_erosba/aktivni
ShopCrystal,CrystalShop,Platinum,Srebrenik,Tuzlanski kanton,0,0,0,0,,neaktivan,prvi,,https://olx.ba/shops/ShopCrystal/aktivni
Shoppster1,Shoppster1,Platinum,Srebrenik,Tuzlanski kanton,26,0,0,0,18,neaktivan,prvi,,https://olx.ba/shops/Shoppster1/aktivni
SneakersBalkan,SneakersBalkan,Platinum,Srebrenik,Tuzlanski kanton,0,0,0,0,,neaktivan,prvi,,https://olx.ba/shops/SneakersBalkan/aktivni
Srebrenik_Tech,Srebrenik_Tech,Platinum,Srebrenik,Tuzlanski kanton,6219,0,0,0,,neaktivan,prvi,,https://olx.ba/shops/Srebrenik_Tech/aktivni
straus_austrija,straus_austrija,Platinum,Srebrenik,Tuzlanski kanton,1822,1821,0,0,18,nije_auto,prvi,shop_category_id nije 17 i histogram nema dominantnu kategoriju 928 (auto dijelovi); nema veze sa automobilima,https://olx.ba/shops/straus_austrija/aktivni
TECHNIKSHOPP,TECHNIKSHOPP,Platinum,Srebrenik,Tuzlanski kanton,309,309,0,0,18,nije_auto,prvi,shop_category_id nije 17 i histogram nema dominantnu kategoriju 928 (auto dijelovi); nema veze sa automobilima,https://olx.ba/shops/TECHNIKSHOPP/aktivni
Tehnasar,Tehnasar doo,Platinum,Srebrenik,Tuzlanski kanton,1610,1610,0,0,18,nije_auto,prvi,shop_category_id nije 17 i histogram nema dominantnu kategoriju 928 (auto dijelovi); nema veze sa automobilima,https://olx.ba/shops/Tehnasar/aktivni
TehnasarHome,Tehnasardoo,Platinum,Srebrenik,Tuzlanski kanton,4329,0,0,0,18,neaktivan,prvi,,https://olx.ba/shops/TehnasarHome/aktivni
Tehnika_SR,Tehnika doo,Platinum,Srebrenik,Tuzlanski kanton,761,0,0,0,18,neaktivan,prvi,,https://olx.ba/shops/Tehnika_SR/aktivni
ToolExpert,ToolExpert,Platinum,Srebrenik,Tuzlanski kanton,3250,0,0,0,18,neaktivan,prvi,,https://olx.ba/shops/ToolExpert/aktivni
TOPTOOLSdoo,TOPTOOLS,Platinum,Srebrenik,Tuzlanski kanton,2104,2104,0,0,18,nije_auto,prvi,shop_category_id nije 17 i histogram nema dominantnu kategoriju 928 (auto dijelovi); nema veze sa automobilima,https://olx.ba/shops/TOPTOOLSdoo/aktivni
trimeri,trimeri,Platinum,Srebrenik,Tuzlanski kanton,1969,1970,0,0,18,nije_auto,prvi,shop_category_id nije 17 i histogram nema dominantnu kategoriju 928 (auto dijelovi); nema veze sa automobilima,https://olx.ba/shops/trimeri/aktivni
VALPLAST,Valplast d.o.o.,Platinum,Srebrenik,Tuzlanski kanton,171,166,8,0.0455,18,nije_auto,prvi,shop_category_id nije 17 i histogram nema dominantnu kategoriju 928 (auto dijelovi); nema veze sa automobilima,https://olx.ba/shops/VALPLAST/aktivni
admir220,Kamionski_Dijelovi,Gold,Srebrenik,Tuzlanski kanton,98,97,0,0,17,dijelovi,prvi,,https://olx.ba/shops/admir220/aktivni
AlatiShop1,Mirso,Gold,Srebrenik,Tuzlanski kanton,524,524,0,0,18,nije_auto,prvi,shop_category_id nije 17 i histogram nema dominantnu kategoriju 928 (auto dijelovi); nema veze sa automobilima,https://olx.ba/shops/AlatiShop1/aktivni
arko_97,OLx,Gold,Srebrenik,Tuzlanski kanton,0,0,0,0,18,neaktivan,prvi,,https://olx.ba/shops/arko_97/aktivni
ATAM_MOBILITY,"ATAM_MOBILITY BABUNOVICI BB, 75350, SREBRENIK",Gold,Srebrenik,Tuzlanski kanton,1,1,1,1,1,salon,prvi,,https://olx.ba/shops/ATAM_MOBILITY/aktivni
AVTO_IMSA,S.P. AVTO IMSA,Gold,Srebrenik,Tuzlanski kanton,6,5,5,1,1,salon,prvi,,https://olx.ba/shops/AVTO_IMSA/aktivni
BAU_OPREMA_ba,BAU OPREMA,Gold,Srebrenik,Tuzlanski kanton,13,13,0,0,18,nije_auto,prvi,shop_category_id nije 17 i histogram nema dominantnu kategoriju 928 (auto dijelovi); nema veze sa automobilima,https://olx.ba/shops/BAU_OPREMA_ba/aktivni
bekricdoo,BEKRIC DOO,Gold,Srebrenik,Tuzlanski kanton,12,12,0,0,18,nije_auto,prvi,shop_category_id nije 17 i histogram nema dominantnu kategoriju 928 (auto dijelovi); nema veze sa automobilima,https://olx.ba/shops/bekricdoo/aktivni
besimaannnn,Pik.ba,Gold,Srebrenik,Tuzlanski kanton,0,0,0,0,,neaktivan,prvi,,https://olx.ba/shops/besimaannnn/aktivni
DekorHome,"TR VELLORA HOME, VL.KENOVIC HAJRUDINA",Gold,Srebrenik,Tuzlanski kanton,3,3,0,0,18,nije_auto,prvi,shop_category_id nije 17 i histogram nema dominantnu kategoriju 928 (auto dijelovi); nema veze sa automobilima,https://olx.ba/shops/DekorHome/aktivni
distraldoo,AMIR ADEMOVIC,Gold,Srebrenik,Tuzlanski kanton,26,0,0,0,18,neaktivan,prvi,,https://olx.ba/shops/distraldoo/aktivni
draidcosmetics,DR AID COSMETICS,Gold,Srebrenik,Tuzlanski kanton,0,0,0,0,,neaktivan,prvi,,https://olx.ba/shops/draidcosmetics/aktivni
EDGEmobiteli,EDGEmobiteli,Gold,Srebrenik,Tuzlanski kanton,0,0,0,0,,neaktivan,prvi,,https://olx.ba/shops/EDGEmobiteli/aktivni
elkoautomobile,"""Merikson-M"" d.o.o. Srebrenik, NN LUKA BB, Srebrenik",Gold,Srebrenik,Tuzlanski kanton,24,24,24,1,1,salon,prvi,,https://olx.ba/shops/elkoautomobile/aktivni
enisaaahdu,Eniisa,Gold,Srebrenik,Tuzlanski kanton,0,0,0,0,18,neaktivan,prvi,,https://olx.ba/shops/enisaaahdu/aktivni
Gumar_Srebrenik,Gumar_Srebrenik,Gold,Srebrenik,Tuzlanski kanton,120,4,0,0,17,dijelovi,prvi,,https://olx.ba/shops/Gumar_Srebrenik/aktivni
husaratrans,Husara Trans,Gold,Srebrenik,Tuzlanski kanton,0,8,8,1,1,salon,prvi,,https://olx.ba/shops/husaratrans/aktivni
itk_music,ITK MUSIC DOO,Gold,Srebrenik,Tuzlanski kanton,23,22,22,1,1,salon,prvi,,https://olx.ba/shops/itk_music/aktivni
ITManiaSHOP,IT Mania,Gold,Srebrenik,Tuzlanski kanton,0,0,0,0,,neaktivan,prvi,,https://olx.ba/shops/ITManiaSHOP/aktivni
KANStudio,KANSudio,Gold,Srebrenik,Tuzlanski kanton,3,3,3,1,1,salon,prvi,,https://olx.ba/shops/KANStudio/aktivni
Keeno_98,OpiumLounge,Gold,Srebrenik,Tuzlanski kanton,2,0,0,0,18,neaktivan,prvi,,https://olx.ba/shops/Keeno_98/aktivni
KupiALAT,KupiAlat,Gold,Srebrenik,Tuzlanski kanton,165,1,0,0,18,nije_auto,prvi,shop_category_id nije 17 i histogram nema dominantnu kategoriju 928 (auto dijelovi); nema veze sa automobilima,https://olx.ba/shops/KupiALAT/aktivni
LaBOUMProdaja,LaBoum Prodaja,Gold,Srebrenik,Tuzlanski kanton,0,0,0,0,18,neaktivan,prvi,,https://olx.ba/shops/LaBOUMProdaja/aktivni
LEDIODA,LEDIODA,Gold,Srebrenik,Tuzlanski kanton,664,661,0,0,17,dijelovi,prvi,,https://olx.ba/shops/LEDIODA/aktivni
Lekyshop,Lekyshop,Gold,Srebrenik,Tuzlanski kanton,0,0,0,0,,neaktivan,prvi,,https://olx.ba/shops/Lekyshop/aktivni
MasineShop1,Masineshop,Gold,Srebrenik,Tuzlanski kanton,534,534,0,0,18,nije_auto,prvi,shop_category_id nije 17 i histogram nema dominantnu kategoriju 928 (auto dijelovi); nema veze sa automobilima,https://olx.ba/shops/MasineShop1/aktivni
MAXISHOP1990,MAXISHOP1990,Gold,Srebrenik,Tuzlanski kanton,452,467,0,0,18,nije_auto,prvi,shop_category_id nije 17 i histogram nema dominantnu kategoriju 928 (auto dijelovi); nema veze sa automobilima,https://olx.ba/shops/MAXISHOP1990/aktivni
Medex121,Medex123,Gold,Srebrenik,Tuzlanski kanton,0,0,0,0,18,neaktivan,prvi,,https://olx.ba/shops/Medex121/aktivni
Mire1312691879,Mire1312,Gold,Srebrenik,Tuzlanski kanton,0,0,0,0,18,neaktivan,prvi,,https://olx.ba/shops/Mire1312691879/aktivni
MIXTRADEdoo,MIX TRADE,Gold,Srebrenik,Tuzlanski kanton,824,824,0,0,18,nije_auto,prvi,shop_category_id nije 17 i histogram nema dominantnu kategoriju 928 (auto dijelovi); nema veze sa automobilima,https://olx.ba/shops/MIXTRADEdoo/aktivni
najamdizalica,Zlatnik d.o.o,Gold,Srebrenik,Tuzlanski kanton,7,7,0,0,18,nije_auto,prvi,shop_category_id nije 17 i histogram nema dominantnu kategoriju 928 (auto dijelovi); nema veze sa automobilima,https://olx.ba/shops/najamdizalica/aktivni
NamiShop,NamiShop,Gold,Srebrenik,Tuzlanski kanton,165,0,0,0,18,neaktivan,prvi,,https://olx.ba/shops/NamiShop/aktivni
ndjfjfhfudbch,Shop,Gold,Srebrenik,Tuzlanski kanton,0,0,0,0,,neaktivan,prvi,,https://olx.ba/shops/ndjfjfhfudbch/aktivni
nedzib1223,nedzib12,Gold,Srebrenik,Tuzlanski kanton,0,0,0,0,,neaktivan,prvi,,https://olx.ba/shops/nedzib1223/aktivni
OlafShop,OlafShop,Gold,Srebrenik,Tuzlanski kanton,165,0,0,0,18,neaktivan,prvi,,https://olx.ba/shops/OlafShop/aktivni
osmopasa,Nema,Gold,Srebrenik,Tuzlanski kanton,0,0,0,0,18,neaktivan,prvi,,https://olx.ba/shops/osmopasa/aktivni
PerfumeCorner,PerfumeCorner,Gold,Srebrenik,Tuzlanski kanton,0,0,0,0,,neaktivan,prvi,,https://olx.ba/shops/PerfumeCorner/aktivni
PlayGamesBiH,PlayGames,Gold,Srebrenik,Tuzlanski kanton,1413,1131,0,0,18,nije_auto,prvi,shop_category_id nije 17 i histogram nema dominantnu kategoriju 928 (auto dijelovi); nema veze sa automobilima,https://olx.ba/shops/PlayGamesBiH/aktivni
raif91,Stocarstvo,Gold,Srebrenik,Tuzlanski kanton,0,0,0,0,,neaktivan,prvi,,https://olx.ba/shops/raif91/aktivni
Rolostil,Rolostil Srebrenik,Gold,Srebrenik,Tuzlanski kanton,28,28,0,0,18,nije_auto,prvi,shop_category_id nije 17 i histogram nema dominantnu kategoriju 928 (auto dijelovi); nema veze sa automobilima,https://olx.ba/shops/Rolostil/aktivni
RosiTeh,RosiTeh,Gold,Srebrenik,Tuzlanski kanton,1404,1444,0,0,17,dijelovi,prvi,,https://olx.ba/shops/RosiTeh/aktivni
rusmir_t,TR RUSKO,Gold,Srebrenik,Tuzlanski kanton,162,154,0,0,17,dijelovi,prvi,,https://olx.ba/shops/rusmir_t/aktivni
Same_86,Olx,Gold,Srebrenik,Tuzlanski kanton,0,0,0,0,18,neaktivan,prvi,,https://olx.ba/shops/Same_86/aktivni
SHOP_EUROPE,SHOP_EUROPE,Gold,Srebrenik,Tuzlanski kanton,222,0,0,0,18,neaktivan,prvi,,https://olx.ba/shops/SHOP_EUROPE/aktivni
Sile_autoo,Sile_autoo,Gold,Srebrenik,Tuzlanski kanton,18,18,18,1,1,salon,prvi,,https://olx.ba/shops/Sile_autoo/aktivni
sportsrebrenik,Sportdirect,Gold,Srebrenik,Tuzlanski kanton,443,442,0,0,18,nije_auto,prvi,shop_category_id nije 17 i histogram nema dominantnu kategoriju 928 (auto dijelovi); nema veze sa automobilima,https://olx.ba/shops/sportsrebrenik/aktivni
srebrenigrad666,Olix.ba,Gold,Srebrenik,Tuzlanski kanton,1,0,0,0,18,neaktivan,prvi,,https://olx.ba/shops/srebrenigrad666/aktivni
SteelHorse,MotoShop&HarleyBar Srebrenik,Gold,Srebrenik,Tuzlanski kanton,24,17,17,1,1,salon,prvi,,https://olx.ba/shops/SteelHorse/aktivni
Sweetsho,SweeTshoop,Gold,Srebrenik,Tuzlanski kanton,50,0,0,0,18,neaktivan,prvi,,https://olx.ba/shops/Sweetsho/aktivni
UNIKAT007,Unikat077,Gold,Srebrenik,Tuzlanski kanton,0,0,0,0,18,neaktivan,prvi,,https://olx.ba/shops/UNIKAT007/aktivni
Vri,Olx. ba/prodaja,Gold,Srebrenik,Tuzlanski kanton,0,0,0,0,18,neaktivan,prvi,,https://olx.ba/shops/Vri/aktivni
WortmannMetaldoo,Wortmann Metal d.o.o.,Gold,Srebrenik,Tuzlanski kanton,26,26,0,0,18,nije_auto,prvi,shop_category_id nije 17 i histogram nema dominantnu kategoriju 928 (auto dijelovi); nema veze sa automobilima,https://olx.ba/shops/WortmannMetaldoo/aktivni
ZipoSrebrenik,ZIPOSREBRENIK,Gold,Srebrenik,Tuzlanski kanton,2,0,0,0,1,neaktivan,prvi,,https://olx.ba/shops/ZipoSrebrenik/aktivni
AutoSalonJK,Auto salon JK,Gold,Stanari,Regija Doboj,4,4,4,1,1,salon,prvi,,https://olx.ba/shops/AutoSalonJK/aktivni
gtiii30,Gtii8484,Gold,Stanari,Regija Doboj,0,0,0,0,18,neaktivan,prvi,,https://olx.ba/shops/gtiii30/aktivni
KIKIR880,Kristijan ,Gold,Stanari,Regija Doboj,0,0,0,0,,neaktivan,prvi,,https://olx.ba/shops/KIKIR880/aktivni
ks2000,Kristiian Simakovic,Gold,Stanari,Regija Doboj,0,0,0,0,18,neaktivan,prvi,,https://olx.ba/shops/ks2000/aktivni
SIMAKKIKI,Kristijan  simakovic,Gold,Stanari,Regija Doboj,0,0,0,0,,neaktivan,prvi,,https://olx.ba/shops/SIMAKKIKI/aktivni
ammell1,Silver OLX shop,Gold,Stolac,Hercegovačko-neretvanski kanton,9,9,8,0.8889,1,salon,prvi,,https://olx.ba/shops/ammell1/aktivni
Ammmell1,Amel,Gold,Stolac,Hercegovačko-neretvanski kanton,14,13,13,1,1,salon,prvi,,https://olx.ba/shops/Ammmell1/aktivni
Mateo_00,Mateo_00,Gold,Stolac,Hercegovačko-neretvanski kanton,6,6,6,1,1,salon,prvi,,https://olx.ba/shops/Mateo_00/aktivni
Maid23123,Maid,Gold,Teočak,Tuzlanski kanton,2,0,0,0,17,neaktivan,prvi,,https://olx.ba/shops/Maid23123/aktivni
Abitecdoo,Abitec Office sistemi doo,Platinum,Tešanj,Zeničko-dobojski kanton,149,149,0,0,18,nije_auto,prvi,shop_category_id nije 17 i histogram nema dominantnu kategoriju 928 (auto dijelovi); nema veze sa automobilima,https://olx.ba/shops/Abitecdoo/aktivni
ACBebaAuto,AC Beba Auto d.o.o,Platinum,Tešanj,Zeničko-dobojski kanton,38,37,37,1,1,salon,prvi,,https://olx.ba/shops/ACBebaAuto/aktivni
Adisdoo,Auto Dijelovi Adis,Platinum,Tešanj,Zeničko-dobojski kanton,61039,60881,0,0,17,dijelovi,prvi,,https://olx.ba/shops/Adisdoo/aktivni
AECOMPANY_DOO,autootpadAEcompany,Platinum,Tešanj,Zeničko-dobojski kanton,60086,60543,0,0,17,dijelovi,prvi,,https://olx.ba/shops/AECOMPANY_DOO/aktivni
AMsped,A&M SPED d.o.o. Jelah-Tesanj,Platinum,Tešanj,Zeničko-dobojski kanton,36,36,0,0,18,nije_auto,prvi,shop_category_id nije 17 i histogram nema dominantnu kategoriju 928 (auto dijelovi); nema veze sa automobilima,https://olx.ba/shops/AMsped/aktivni
AutokucaUno,Autokuća Uno,Platinum,Tešanj,Zeničko-dobojski kanton,29,30,30,1,1,salon,prvi,,https://olx.ba/shops/AutokucaUno/aktivni
AutoLINE1,AUTO LINE,Platinum,Tešanj,Zeničko-dobojski kanton,23068,23136,0,0,17,dijelovi,prvi,,https://olx.ba/shops/AutoLINE1/aktivni
autootpadilma,Autootpad Ilma,Platinum,Tešanj,Zeničko-dobojski kanton,413680,413735,0,0,17,dijelovi,prvi,,https://olx.ba/shops/autootpadilma/aktivni
AutoOtpadKRLE,KRLE d.o.o.,Platinum,Tešanj,Zeničko-dobojski kanton,44668,44497,0,0,17,dijelovi,prvi,,https://olx.ba/shops/AutoOtpadKRLE/aktivni
AutoOtpadMige,Auto Otpad Mige,Platinum,Tešanj,Zeničko-dobojski kanton,28410,28413,0,0,17,dijelovi,prvi,,https://olx.ba/shops/AutoOtpadMige/aktivni
Beadoo,,Platinum,Tešanj,Zeničko-dobojski kanton,11,9,9,1,1,salon,prvi,,https://olx.ba/shops/Beadoo/aktivni
Cera_Shop,CERA-SHOP d.o.o.,Platinum,Tešanj,Zeničko-dobojski kanton,18,18,0,0,18,nije_auto,prvi,shop_category_id nije 17 i histogram nema dominantnu kategoriju 928 (auto dijelovi); nema veze sa automobilima,https://olx.ba/shops/Cera_Shop/aktivni
DzeboCompany,Dzebo Company DOO,Platinum,Tešanj,Zeničko-dobojski kanton,61,59,0,0,18,nije_auto,prvi,shop_category_id nije 17 i histogram nema dominantnu kategoriju 928 (auto dijelovi); nema veze sa automobilima,https://olx.ba/shops/DzeboCompany/aktivni
EcoHouse,EcoMobileHouse d.o.o.,Platinum,Tešanj,Zeničko-dobojski kanton,1,1,0,0,2,nije_auto,prvi,shop_category_id nije 17 i histogram nema dominantnu kategoriju 928 (auto dijelovi); nema veze sa automobilima,https://olx.ba/shops/EcoHouse/aktivni
EURO_COMPANY,EURO_COMPANY,Platinum,Tešanj,Zeničko-dobojski kanton,599,598,0,0,18,nije_auto,prvi,shop_category_id nije 17 i histogram nema dominantnu kategoriju 928 (auto dijelovi); nema veze sa automobilima,https://olx.ba/shops/EURO_COMPANY/aktivni
EUROlineTesanj,EUROlineLKW,Platinum,Tešanj,Zeničko-dobojski kanton,12,13,13,1,1,salon,prvi,,https://olx.ba/shops/EUROlineTesanj/aktivni
EUROSKELE,EURO-SKELE D.O.O.,Platinum,Tešanj,Zeničko-dobojski kanton,441,438,0,0,18,nije_auto,prvi,shop_category_id nije 17 i histogram nema dominantnu kategoriju 928 (auto dijelovi); nema veze sa automobilima,https://olx.ba/shops/EUROSKELE/aktivni
Home_Centar_GL,Home Centar GL,Platinum,Tešanj,Zeničko-dobojski kanton,4028,4026,0,0,18,nije_auto,prvi,shop_category_id nije 17 i histogram nema dominantnu kategoriju 928 (auto dijelovi); nema veze sa automobilima,https://olx.ba/shops/Home_Centar_GL/aktivni
ILMAAUTO,Ilma doo,Platinum,Tešanj,Zeničko-dobojski kanton,127,127,127,1,1,salon,prvi,,https://olx.ba/shops/ILMAAUTO/aktivni
JUKAKOMERC1,Juka- Komerc d.o.o,Platinum,Tešanj,Zeničko-dobojski kanton,27959,27959,0,0,17,dijelovi,prvi,,https://olx.ba/shops/JUKAKOMERC1/aktivni
KA_EM,KA-EM d.o.o,Platinum,Tešanj,Zeničko-dobojski kanton,43,43,43,1,1,salon,prvi,,https://olx.ba/shops/KA_EM/aktivni
Keno_Kerim,Keno Kerim,Platinum,Tešanj,Zeničko-dobojski kanton,0,0,0,0,18,neaktivan,prvi,,https://olx.ba/shops/Keno_Kerim/aktivni
Lamy_autosalon,"LAMY D.O.O.,",Platinum,Tešanj,Zeničko-dobojski kanton,10,13,13,1,1,salon,prvi,,https://olx.ba/shops/Lamy_autosalon/aktivni
NESOdoo,NESO DOO,Platinum,Tešanj,Zeničko-dobojski kanton,21,20,20,1,1,salon,prvi,,https://olx.ba/shops/NESOdoo/aktivni
PGS,PSC-JELAH doo,Platinum,Tešanj,Zeničko-dobojski kanton,91,91,0,0,18,nije_auto,prvi,shop_category_id nije 17 i histogram nema dominantnu kategoriju 928 (auto dijelovi); nema veze sa automobilima,https://olx.ba/shops/PGS/aktivni
Raale98,https://raale98.olx.ba,Platinum,Tešanj,Zeničko-dobojski kanton,2,0,0,0,17,neaktivan,prvi,,https://olx.ba/shops/Raale98/aktivni
rale28,Rale,Platinum,Tešanj,Zeničko-dobojski kanton,3,0,0,0,18,neaktivan,prvi,,https://olx.ba/shops/rale28/aktivni
rnkomerc,AutoOtpadRN-komerc,Platinum,Tešanj,Zeničko-dobojski kanton,11088,11121,0,0,17,dijelovi,prvi,,https://olx.ba/shops/rnkomerc/aktivni
robnicentareses,ES&ES Trade doo Rosulje - Tešanj,Platinum,Tešanj,Zeničko-dobojski kanton,14294,14303,0,0,18,nije_auto,prvi,shop_category_id nije 17 i histogram nema dominantnu kategoriju 928 (auto dijelovi); nema veze sa automobilima,https://olx.ba/shops/robnicentareses/aktivni
SS_company,SS_company,Platinum,Tešanj,Zeničko-dobojski kanton,4740,4638,0,0,18,nije_auto,prvi,shop_category_id nije 17 i histogram nema dominantnu kategoriju 928 (auto dijelovi); nema veze sa automobilima,https://olx.ba/shops/SS_company/aktivni
swizzcars,Mirsad Capital d.o.o.,Platinum,Tešanj,Zeničko-dobojski kanton,10,10,10,1,1,salon,prvi,,https://olx.ba/shops/swizzcars/aktivni
ACSTesanj,AUTO CENTAR SKOLJIC DOO,Gold,Tešanj,Zeničko-dobojski kanton,25,26,26,1,1,salon,prvi,,https://olx.ba/shops/ACSTesanj/aktivni
agroceman,Agro Ćeman,Gold,Tešanj,Zeničko-dobojski kanton,953,951,0,0,18,nije_auto,prvi,shop_category_id nije 17 i histogram nema dominantnu kategoriju 928 (auto dijelovi); nema veze sa automobilima,https://olx.ba/shops/agroceman/aktivni
AldinAylin2,Olx,Gold,Tešanj,Zeničko-dobojski kanton,0,0,0,0,18,neaktivan,prvi,,https://olx.ba/shops/AldinAylin2/aktivni
ApplePro10,Online-Shop,Gold,Tešanj,Zeničko-dobojski kanton,24,0,0,0,18,neaktivan,prvi,,https://olx.ba/shops/ApplePro10/aktivni
AutoKurdic,autokurdic,Gold,Tešanj,Zeničko-dobojski kanton,1715,1726,0,0,17,dijelovi,prvi,,https://olx.ba/shops/AutoKurdic/aktivni
benjo876,Benjamin,Gold,Tešanj,Zeničko-dobojski kanton,0,0,0,0,,neaktivan,prvi,,https://olx.ba/shops/benjo876/aktivni
Berin_Brka,Berin,Gold,Tešanj,Zeničko-dobojski kanton,0,0,0,0,18,neaktivan,prvi,,https://olx.ba/shops/Berin_Brka/aktivni
bokser000,Mujoomahic,Gold,Tešanj,Zeničko-dobojski kanton,0,0,0,0,,neaktivan,prvi,,https://olx.ba/shops/bokser000/aktivni
BSproductionDOO,BS PRODUCTION d.o.o.,Gold,Tešanj,Zeničko-dobojski kanton,70,70,0,0,18,nije_auto,prvi,shop_category_id nije 17 i histogram nema dominantnu kategoriju 928 (auto dijelovi); nema veze sa automobilima,https://olx.ba/shops/BSproductionDOO/aktivni
camillll4,Tr Camil,Gold,Tešanj,Zeničko-dobojski kanton,3767,3777,0,0,17,dijelovi,prvi,,https://olx.ba/shops/camillll4/aktivni
cikoskuteri,CIKO SKUTERI,Gold,Tešanj,Zeničko-dobojski kanton,8,4,4,1,1,salon,prvi,,https://olx.ba/shops/cikoskuteri/aktivni
dizajnerica37,Ajlo Design,Gold,Tešanj,Zeničko-dobojski kanton,17,14,0,0,18,nije_auto,prvi,shop_category_id nije 17 i histogram nema dominantnu kategoriju 928 (auto dijelovi); nema veze sa automobilima,https://olx.ba/shops/dizajnerica37/aktivni
djdjdnd,Admir hodzic,Gold,Tešanj,Zeničko-dobojski kanton,0,0,0,0,18,neaktivan,prvi,,https://olx.ba/shops/djdjdnd/aktivni
DRAGONDOOBiH,ARTDELUX doo ROSULJE JELAH ,Gold,Tešanj,Zeničko-dobojski kanton,84,0,0,0,,neaktivan,prvi,,https://olx.ba/shops/DRAGONDOOBiH/aktivni
DzeboAutosalon,DzeboAutosalon,Gold,Tešanj,Zeničko-dobojski kanton,0,0,0,0,,neaktivan,prvi,,https://olx.ba/shops/DzeboAutosalon/aktivni
Eminaaaaa653,Olx.ba,Gold,Tešanj,Zeničko-dobojski kanton,0,0,0,0,,neaktivan,prvi,,https://olx.ba/shops/Eminaaaaa653/aktivni
emirh93,Mmkkk,Gold,Tešanj,Zeničko-dobojski kanton,0,0,0,0,,neaktivan,prvi,,https://olx.ba/shops/emirh93/aktivni
EuroOniksdoo,Euro Oniks doo,Gold,Tešanj,Zeničko-dobojski kanton,7,7,7,1,1,salon,prvi,,https://olx.ba/shops/EuroOniksdoo/aktivni
EuroPulver,EuroPulver,Gold,Tešanj,Zeničko-dobojski kanton,30,21,0,0,18,nije_auto,prvi,shop_category_id nije 17 i histogram nema dominantnu kategoriju 928 (auto dijelovi); nema veze sa automobilima,https://olx.ba/shops/EuroPulver/aktivni
Eurosell,Euro- sell doo,Gold,Tešanj,Zeničko-dobojski kanton,140,141,0,0,18,nije_auto,prvi,shop_category_id nije 17 i histogram nema dominantnu kategoriju 928 (auto dijelovi); nema veze sa automobilima,https://olx.ba/shops/Eurosell/aktivni
EuroTaildoo,EuroTaildoo,Gold,Tešanj,Zeničko-dobojski kanton,3269,3269,0,0,17,dijelovi,prvi,,https://olx.ba/shops/EuroTaildoo/aktivni
GoldenHills,Autocentar Školjić d.o.o.,Gold,Tešanj,Zeničko-dobojski kanton,8,8,0,0,2,nije_auto,prvi,shop_category_id nije 17 i histogram nema dominantnu kategoriju 928 (auto dijelovi); nema veze sa automobilima,https://olx.ba/shops/GoldenHills/aktivni
GPnekretnine,GPnekretnine,Gold,Tešanj,Zeničko-dobojski kanton,0,0,0,0,,neaktivan,prvi,,https://olx.ba/shops/GPnekretnine/aktivni
GSSHOP,''GS'' Gamers Shop,Gold,Tešanj,Zeničko-dobojski kanton,1944,1836,0,0,18,nije_auto,prvi,shop_category_id nije 17 i histogram nema dominantnu kategoriju 928 (auto dijelovi); nema veze sa automobilima,https://olx.ba/shops/GSSHOP/aktivni
GUGI_PROM_DOO,piro_001,Gold,Tešanj,Zeničko-dobojski kanton,4,4,4,1,1,salon,prvi,,https://olx.ba/shops/GUGI_PROM_DOO/aktivni
haskoauto,HASKO-AUTO,Gold,Tešanj,Zeničko-dobojski kanton,2077,2077,0,0,17,dijelovi,prvi,,https://olx.ba/shops/haskoauto/aktivni
HIDEASHOP,"HIDEA d.o.o. 74264, Jelah, BiH",Gold,Tešanj,Zeničko-dobojski kanton,32,20,0,0,18,nije_auto,prvi,shop_category_id nije 17 i histogram nema dominantnu kategoriju 928 (auto dijelovi); nema veze sa automobilima,https://olx.ba/shops/HIDEASHOP/aktivni
HidroRing,"HidroRing - Zaptivači, Hidraulika i Pneumatika",Gold,Tešanj,Zeničko-dobojski kanton,58,57,0,0,18,nije_auto,prvi,shop_category_id nije 17 i histogram nema dominantnu kategoriju 928 (auto dijelovi); nema veze sa automobilima,https://olx.ba/shops/HidroRing/aktivni
himzoturkes,Olx,Gold,Tešanj,Zeničko-dobojski kanton,0,0,0,0,18,neaktivan,prvi,,https://olx.ba/shops/himzoturkes/aktivni
hodzic_dzemal1,Dzemallllll,Gold,Tešanj,Zeničko-dobojski kanton,0,0,0,0,18,neaktivan,prvi,,https://olx.ba/shops/hodzic_dzemal1/aktivni
ILMA_HR,ILMA_SlBrod,Gold,Tešanj,Zeničko-dobojski kanton,31,34,34,1,1,salon,prvi,,https://olx.ba/shops/ILMA_HR/aktivni
infinitasba,infinitasba,Gold,Tešanj,Zeničko-dobojski kanton,168,164,0,0,18,nije_auto,prvi,shop_category_id nije 17 i histogram nema dominantnu kategoriju 928 (auto dijelovi); nema veze sa automobilima,https://olx.ba/shops/infinitasba/aktivni
InfinityShop,A&M Sped d.o.o.,Gold,Tešanj,Zeničko-dobojski kanton,120,120,5,0.0417,18,nije_auto,prvi,shop_category_id nije 17 i histogram nema dominantnu kategoriju 928 (auto dijelovi); nema veze sa automobilima,https://olx.ba/shops/InfinityShop/aktivni
KIAMOTOR,Hyundai Kia dijelovi,Gold,Tešanj,Zeničko-dobojski kanton,3942,3856,0,0,17,dijelovi,prvi,,https://olx.ba/shops/KIAMOTOR/aktivni
LaserTech,LT doo Tešanj,Gold,Tešanj,Zeničko-dobojski kanton,39,39,0,0,18,nije_auto,prvi,shop_category_id nije 17 i histogram nema dominantnu kategoriju 928 (auto dijelovi); nema veze sa automobilima,https://olx.ba/shops/LaserTech/aktivni
MEPROMEX,AUTO SALON MEPROMEX,Gold,Tešanj,Zeničko-dobojski kanton,2,0,0,0,17,neaktivan,prvi,,https://olx.ba/shops/MEPROMEX/aktivni
MirnelKrusko08,OLX⁹,Gold,Tešanj,Zeničko-dobojski kanton,0,0,0,0,,neaktivan,prvi,,https://olx.ba/shops/MirnelKrusko08/aktivni
najko1,EC shop,Gold,Tešanj,Zeničko-dobojski kanton,2,0,0,0,17,neaktivan,prvi,,https://olx.ba/shops/najko1/aktivni
nemampojma00,Kodmujo,Gold,Tešanj,Zeničko-dobojski kanton,0,0,0,0,,neaktivan,prvi,,https://olx.ba/shops/nemampojma00/aktivni
nogla22,nogla22,Gold,Tešanj,Zeničko-dobojski kanton,0,0,0,0,,neaktivan,prvi,,https://olx.ba/shops/nogla22/aktivni
ODES_BIH,ODES_BIH,Gold,Tešanj,Zeničko-dobojski kanton,6,6,6,1,1,salon,prvi,,https://olx.ba/shops/ODES_BIH/aktivni
omahicoo,Mujoomahic,Gold,Tešanj,Zeničko-dobojski kanton,0,0,0,0,,neaktivan,prvi,,https://olx.ba/shops/omahicoo/aktivni
planetba,INFINITAS d.o.o.,Gold,Tešanj,Zeničko-dobojski kanton,631,633,0,0,18,nije_auto,prvi,shop_category_id nije 17 i histogram nema dominantnu kategoriju 928 (auto dijelovi); nema veze sa automobilima,https://olx.ba/shops/planetba/aktivni
SilkTradeShop,SILK TRADE DOO,Gold,Tešanj,Zeničko-dobojski kanton,1327,1317,0,0,18,nije_auto,prvi,shop_category_id nije 17 i histogram nema dominantnu kategoriju 928 (auto dijelovi); nema veze sa automobilima,https://olx.ba/shops/SilkTradeShop/aktivni
VA_Auto,AV_Auto,Gold,Tešanj,Zeničko-dobojski kanton,2,2,2,1,1,salon,prvi,,https://olx.ba/shops/VA_Auto/aktivni
ZoneAutomobili,ZoneAutomobili,Gold,Tešanj,Zeničko-dobojski kanton,25,27,27,1,1,salon,prvi,,https://olx.ba/shops/ZoneAutomobili/aktivni
aco616,Lazo,Platinum,Teslić,Regija Doboj,1,1,0,0,17,dijelovi,prvi,,https://olx.ba/shops/aco616/aktivni
EUROSTARAUTO,EUROSTAR doo,Platinum,Teslić,Regija Doboj,48564,48601,0,0,17,dijelovi,prvi,,https://olx.ba/shops/EUROSTARAUTO/aktivni
peki177,A Lux Mont Gradnja doo,Platinum,Teslić,Regija Doboj,0,0,0,0,,neaktivan,prvi,,https://olx.ba/shops/peki177/aktivni
SAVIC77Kris,SAVIC77Kris,Platinum,Teslić,Regija Doboj,0,0,0,0,,neaktivan,prvi,,https://olx.ba/shops/SAVIC77Kris/aktivni
TIPTRONIK19,TIPTRONIK,Platinum,Teslić,Regija Doboj,5226,5228,0,0,17,dijelovi,prvi,,https://olx.ba/shops/TIPTRONIK19/aktivni
VBcompany,VB Company,Platinum,Teslić,Regija Doboj,6364,6364,0,0,17,dijelovi,prvi,,https://olx.ba/shops/VBcompany/aktivni
AndrejjjB,ANDREJ,Gold,Teslić,Regija Doboj,0,0,0,0,18,neaktivan,prvi,,https://olx.ba/shops/AndrejjjB/aktivni
beban,Beban,Gold,Teslić,Regija Doboj,4248,4243,0,0,17,dijelovi,prvi,,https://olx.ba/shops/beban/aktivni
CH_Auto123,"PJ AUTOSALON ""MIŠIĆ"" ; Stenjak BB Teslić",Gold,Teslić,Regija Doboj,31,23,23,1,1,salon,prvi,,https://olx.ba/shops/CH_Auto123/aktivni
GM_AUTO,GM_AUTO,Gold,Teslić,Regija Doboj,0,0,0,0,18,neaktivan,prvi,,https://olx.ba/shops/GM_AUTO/aktivni
gric,doo gric,Gold,Teslić,Regija Doboj,14,13,13,1,1,salon,prvi,,https://olx.ba/shops/gric/aktivni
iconnect,iConnect,Gold,Teslić,Regija Doboj,699,697,0,0,18,nije_auto,prvi,shop_category_id nije 17 i histogram nema dominantnu kategoriju 928 (auto dijelovi); nema veze sa automobilima,https://olx.ba/shops/iconnect/aktivni
InterioRepro,Interio Repro - okov za namještaj,Gold,Teslić,Regija Doboj,297,0,0,0,18,neaktivan,prvi,,https://olx.ba/shops/InterioRepro/aktivni
jdjwbwisbe778,Kobilaaa1,Gold,Teslić,Regija Doboj,0,0,0,0,18,neaktivan,prvi,,https://olx.ba/shops/jdjwbwisbe778/aktivni
miodrag976,Miodrag976,Gold,Teslić,Regija Doboj,586,532,0,0,17,dijelovi,prvi,,https://olx.ba/shops/miodrag976/aktivni
peshops8dus,peshops8dus,Gold,Teslić,Regija Doboj,0,0,0,0,,neaktivan,prvi,,https://olx.ba/shops/peshops8dus/aktivni
zuti_zivko123,Zivorad miljic,Gold,Teslić,Regija Doboj,0,0,0,0,18,neaktivan,prvi,,https://olx.ba/shops/zuti_zivko123/aktivni
Kombi,Kombi,Platinum,Tomislavgrad,Kanton 10,7625,7622,0,0,17,dijelovi,prvi,,https://olx.ba/shops/Kombi/aktivni
MasterElectric,MasterElectric,Platinum,Tomislavgrad,Kanton 10,0,0,0,0,18,neaktivan,prvi,,https://olx.ba/shops/MasterElectric/aktivni
tg1995,BMW MADUNIC,Platinum,Tomislavgrad,Kanton 10,107,107,0,0,17,dijelovi,prvi,,https://olx.ba/shops/tg1995/aktivni
agrobrisnik,AGRO-BRIŠNIK d.o.o,Gold,Tomislavgrad,Kanton 10,1203,1096,0,0,18,nije_auto,prvi,shop_category_id nije 17 i histogram nema dominantnu kategoriju 928 (auto dijelovi); nema veze sa automobilima,https://olx.ba/shops/agrobrisnik/aktivni
AUTORADOS,auto radoš,Gold,Tomislavgrad,Kanton 10,17,17,17,1,1,salon,prvi,,https://olx.ba/shops/AUTORADOS/aktivni
case845,Omerovici72,Gold,Tomislavgrad,Kanton 10,0,0,0,0,18,neaktivan,prvi,,https://olx.ba/shops/case845/aktivni
ITG29,TGIR89,Gold,Tomislavgrad,Kanton 10,1,0,0,0,1,neaktivan,prvi,,https://olx.ba/shops/ITG29/aktivni
jopasport,JOPA-TG D.O.O,Gold,Tomislavgrad,Kanton 10,1914,1914,0,0,18,nije_auto,prvi,shop_category_id nije 17 i histogram nema dominantnu kategoriju 928 (auto dijelovi); nema veze sa automobilima,https://olx.ba/shops/jopasport/aktivni
Kombi_line,Kombi Line,Gold,Tomislavgrad,Kanton 10,340,340,0,0,17,dijelovi,prvi,,https://olx.ba/shops/Kombi_line/aktivni
PROCARS,PRO CARS,Gold,Tomislavgrad,Kanton 10,17,17,17,1,1,salon,prvi,,https://olx.ba/shops/PROCARS/aktivni
renegade1,AlfaPlast d.o.o.,Gold,Tomislavgrad,Kanton 10,42,42,0,0,18,nije_auto,prvi,shop_category_id nije 17 i histogram nema dominantnu kategoriju 928 (auto dijelovi); nema veze sa automobilima,https://olx.ba/shops/renegade1/aktivni
TEHNOagm,TEHNOAGM,Gold,Tomislavgrad,Kanton 10,9,9,0,0,18,nije_auto,prvi,shop_category_id nije 17 i histogram nema dominantnu kategoriju 928 (auto dijelovi); nema veze sa automobilima,https://olx.ba/shops/TEHNOagm/aktivni
TehnoKing,Tehno King,Gold,Tomislavgrad,Kanton 10,4410,4354,0,0,18,nije_auto,prvi,shop_category_id nije 17 i histogram nema dominantnu kategoriju 928 (auto dijelovi); nema veze sa automobilima,https://olx.ba/shops/TehnoKing/aktivni
tgpaneli,tgpaneli,Gold,Tomislavgrad,Kanton 10,6,6,0,0,18,nije_auto,prvi,shop_category_id nije 17 i histogram nema dominantnu kategoriju 928 (auto dijelovi); nema veze sa automobilima,https://olx.ba/shops/tgpaneli/aktivni
tgteam,tgteam mobiteli & racunala,Gold,Tomislavgrad,Kanton 10,2772,2206,0,0,18,nije_auto,prvi,shop_category_id nije 17 i histogram nema dominantnu kategoriju 928 (auto dijelovi); nema veze sa automobilima,https://olx.ba/shops/tgteam/aktivni
user33312,Nije_vazno88,Gold,Tomislavgrad,Kanton 10,0,0,0,0,18,neaktivan,prvi,,https://olx.ba/shops/user33312/aktivni
adiskobas,ADIS KOBAS,Platinum,Travnik,Srednjobosanski kanton,12,12,12,1,1,salon,prvi,,https://olx.ba/shops/adiskobas/aktivni
Anelafajkic56,Anelafajkic56,Platinum,Travnik,Srednjobosanski kanton,0,0,0,0,18,neaktivan,prvi,,https://olx.ba/shops/Anelafajkic56/aktivni
Babuka123456,Alu kompani,Platinum,Travnik,Srednjobosanski kanton,4,0,0,0,18,neaktivan,prvi,,https://olx.ba/shops/Babuka123456/aktivni
bilalbilal123,BHDropping,Platinum,Travnik,Srednjobosanski kanton,0,0,0,0,18,neaktivan,prvi,,https://olx.ba/shops/bilalbilal123/aktivni
ChiLLy341,KO CARS,Platinum,Travnik,Srednjobosanski kanton,39,0,0,0,17,neaktivan,prvi,,https://olx.ba/shops/ChiLLy341/aktivni
dstore,Digitalis d.o.o. (d|store - maloprodaja),Platinum,Travnik,Srednjobosanski kanton,5549,5538,0,0,18,nije_auto,prvi,shop_category_id nije 17 i histogram nema dominantnu kategoriju 928 (auto dijelovi); nema veze sa automobilima,https://olx.ba/shops/dstore/aktivni
emannnn1,Eman,Platinum,Travnik,Srednjobosanski kanton,1,0,0,0,18,neaktivan,prvi,,https://olx.ba/shops/emannnn1/aktivni
HHAUTO,HHAUTO DOO TRAVNIK,Platinum,Travnik,Srednjobosanski kanton,41,37,37,1,1,salon,prvi,,https://olx.ba/shops/HHAUTO/aktivni
imi123456789,imi123456789,Platinum,Travnik,Srednjobosanski kanton,0,0,0,0,18,neaktivan,prvi,,https://olx.ba/shops/imi123456789/aktivni
LasvaKomerc,Lašva-Komerc doo,Platinum,Travnik,Srednjobosanski kanton,77,76,76,1,1,salon,prvi,,https://olx.ba/shops/LasvaKomerc/aktivni
AbaLuxuryCars,"ABA d.o.o. Travnik , PJ ABA LUXURY CARS",Gold,Travnik,Srednjobosanski kanton,3,3,3,1,1,salon,prvi,,https://olx.ba/shops/AbaLuxuryCars/aktivni
AK_MARTIC,AUTO-KUCA MARTIC D.O.O.,Gold,Travnik,Srednjobosanski kanton,4,4,4,1,1,salon,prvi,,https://olx.ba/shops/AK_MARTIC/aktivni
ASARGOVIA,Argovia doo,Gold,Travnik,Srednjobosanski kanton,4,4,4,1,1,salon,prvi,,https://olx.ba/shops/ASARGOVIA/aktivni
ASDUJO,AS DUJO DOO,Gold,Travnik,Srednjobosanski kanton,21,21,21,1,1,salon,prvi,,https://olx.ba/shops/ASDUJO/aktivni
ASGLAVURDA,GLAVURDA d.o.o. Travnik,Gold,Travnik,Srednjobosanski kanton,22,22,22,1,1,salon,prvi,,https://olx.ba/shops/ASGLAVURDA/aktivni
ASNEVJESTIC,ASNEVJESTIC,Gold,Travnik,Srednjobosanski kanton,3,3,3,1,1,salon,prvi,,https://olx.ba/shops/ASNEVJESTIC/aktivni
AutoCovic,AutoCovic,Gold,Travnik,Srednjobosanski kanton,19,18,18,1,1,salon,prvi,,https://olx.ba/shops/AutoCovic/aktivni
autolovrenovic,autolovrenovic,Gold,Travnik,Srednjobosanski kanton,832,832,0,0,17,dijelovi,prvi,,https://olx.ba/shops/autolovrenovic/aktivni
autootpadkemo,AUTO KEMO doo,Gold,Travnik,Srednjobosanski kanton,1104,1104,0,0,17,dijelovi,prvi,,https://olx.ba/shops/autootpadkemo/aktivni
BAZZATRAVNIK,BAZZATRAVNIK,Gold,Travnik,Srednjobosanski kanton,1018,938,0,0,18,nije_auto,prvi,shop_category_id nije 17 i histogram nema dominantnu kategoriju 928 (auto dijelovi); nema veze sa automobilima,https://olx.ba/shops/BAZZATRAVNIK/aktivni
BikeID,BikeShopID,Gold,Travnik,Srednjobosanski kanton,5,0,0,0,18,neaktivan,prvi,,https://olx.ba/shops/BikeID/aktivni
Ellii79,Ellii79,Gold,Travnik,Srednjobosanski kanton,0,0,0,0,18,neaktivan,prvi,,https://olx.ba/shops/Ellii79/aktivni
fehkotr,Fehkotr,Gold,Travnik,Srednjobosanski kanton,0,0,0,0,,neaktivan,prvi,,https://olx.ba/shops/fehkotr/aktivni
GlavurdaCrnidoo,GLAVURDA-CRNI d.o.o.,Gold,Travnik,Srednjobosanski kanton,23,21,21,1,1,salon,prvi,,https://olx.ba/shops/GlavurdaCrnidoo/aktivni
imaaa,Rahima,Gold,Travnik,Srednjobosanski kanton,0,0,0,0,18,neaktivan,prvi,,https://olx.ba/shops/imaaa/aktivni
LejlaTravnik,Stan na dan Lejla Travnik,Gold,Travnik,Srednjobosanski kanton,0,0,0,0,2,neaktivan,prvi,,https://olx.ba/shops/LejlaTravnik/aktivni
marinauta,Marinauta,Gold,Travnik,Srednjobosanski kanton,0,0,0,0,,neaktivan,prvi,,https://olx.ba/shops/marinauta/aktivni
Mi_inox,MI-INOX d.o.o. Travnik,Gold,Travnik,Srednjobosanski kanton,26,26,0,0,18,nije_auto,prvi,shop_category_id nije 17 i histogram nema dominantnu kategoriju 928 (auto dijelovi); nema veze sa automobilima,https://olx.ba/shops/Mi_inox/aktivni
mini4334,Nunu35,Gold,Travnik,Srednjobosanski kanton,0,0,0,0,18,neaktivan,prvi,,https://olx.ba/shops/mini4334/aktivni
motor2123,Pik.baa,Gold,Travnik,Srednjobosanski kanton,0,0,0,0,18,neaktivan,prvi,,https://olx.ba/shops/motor2123/aktivni
Nevjestic_Camp,Auto Kuća AS-NEVJESTIC,Gold,Travnik,Srednjobosanski kanton,5,5,5,1,1,salon,prvi,,https://olx.ba/shops/Nevjestic_Camp/aktivni
peachwise690,Peachwise,Gold,Travnik,Srednjobosanski kanton,139,139,0,0,18,nije_auto,prvi,shop_category_id nije 17 i histogram nema dominantnu kategoriju 928 (auto dijelovi); nema veze sa automobilima,https://olx.ba/shops/peachwise690/aktivni
sgebo,Zgebo,Gold,Travnik,Srednjobosanski kanton,0,0,0,0,18,neaktivan,prvi,,https://olx.ba/shops/sgebo/aktivni
TangoTech,Tango Tech,Gold,Travnik,Srednjobosanski kanton,0,0,0,0,,neaktivan,prvi,,https://olx.ba/shops/TangoTech/aktivni
kupialat_ba,kupialat.ba,Platinum,Trebinje,Regija Trebinje,4324,4356,0,0,18,nije_auto,prvi,shop_category_id nije 17 i histogram nema dominantnu kategoriju 928 (auto dijelovi); nema veze sa automobilima,https://olx.ba/shops/kupialat_ba/aktivni
Lukass165,Luka,Platinum,Trebinje,Regija Trebinje,12,0,0,0,18,neaktivan,prvi,,https://olx.ba/shops/Lukass165/aktivni
MarinaAndric_,AndrejK,Platinum,Trebinje,Regija Trebinje,8,0,0,0,18,neaktivan,prvi,,https://olx.ba/shops/MarinaAndric_/aktivni
Mobileshop64,Mobileshop64,Platinum,Trebinje,Regija Trebinje,1,0,0,0,18,neaktivan,prvi,,https://olx.ba/shops/Mobileshop64/aktivni
Peroo556,Peroo,Platinum,Trebinje,Regija Trebinje,1,0,0,0,18,neaktivan,prvi,,https://olx.ba/shops/Peroo556/aktivni
SPARAuto,SPAR Auto,Platinum,Trebinje,Regija Trebinje,32,29,29,1,1,salon,prvi,,https://olx.ba/shops/SPARAuto/aktivni
vsarovic14,VLADIMIR SAROVIC,Platinum,Trebinje,Regija Trebinje,2,0,0,0,18,neaktivan,prvi,,https://olx.ba/shops/vsarovic14/aktivni
Agregati_BiH,Agregati_BiH,Gold,Trebinje,Regija Trebinje,5,5,0,0,18,nije_auto,prvi,shop_category_id nije 17 i histogram nema dominantnu kategoriju 928 (auto dijelovi); nema veze sa automobilima,https://olx.ba/shops/Agregati_BiH/aktivni
Apartman_Kovac,Apartman Kovač,Gold,Trebinje,Regija Trebinje,0,0,0,0,2,neaktivan,prvi,,https://olx.ba/shops/Apartman_Kovac/aktivni
atomska123,Aki152,Gold,Trebinje,Regija Trebinje,0,0,0,0,18,neaktivan,prvi,,https://olx.ba/shops/atomska123/aktivni
bmwmotor,Bmwmotor,Gold,Trebinje,Regija Trebinje,21,20,20,1,1,salon,prvi,,https://olx.ba/shops/bmwmotor/aktivni
DEJAN474,DEJAN451,Gold,Trebinje,Regija Trebinje,0,0,0,0,18,neaktivan,prvi,,https://olx.ba/shops/DEJAN474/aktivni
dio065092222,dio065092222,Gold,Trebinje,Regija Trebinje,2434,2414,0,0,17,dijelovi,prvi,,https://olx.ba/shops/dio065092222/aktivni
ElEnA4561,elena,Gold,Trebinje,Regija Trebinje,0,0,0,0,18,neaktivan,prvi,,https://olx.ba/shops/ElEnA4561/aktivni
HPN,Stan na dan,Gold,Trebinje,Regija Trebinje,0,0,0,0,18,neaktivan,prvi,,https://olx.ba/shops/HPN/aktivni
kawasakitb1,Lex,Gold,Trebinje,Regija Trebinje,0,0,0,0,18,neaktivan,prvi,,https://olx.ba/shops/kawasakitb1/aktivni
KucaNamjestajaT,Kuća Namještaja Trebinje,Gold,Trebinje,Regija Trebinje,3427,3408,0,0,18,nije_auto,prvi,shop_category_id nije 17 i histogram nema dominantnu kategoriju 928 (auto dijelovi); nema veze sa automobilima,https://olx.ba/shops/KucaNamjestajaT/aktivni
Laqi,Laqi,Gold,Trebinje,Regija Trebinje,6,7,0,0,18,nije_auto,prvi,shop_category_id nije 17 i histogram nema dominantnu kategoriju 928 (auto dijelovi); nema veze sa automobilima,https://olx.ba/shops/Laqi/aktivni
mandi2609,mandi2609,Gold,Trebinje,Regija Trebinje,0,0,0,0,18,neaktivan,prvi,,https://olx.ba/shops/mandi2609/aktivni
matija456,Andrejjjj,Gold,Trebinje,Regija Trebinje,0,0,0,0,18,neaktivan,prvi,,https://olx.ba/shops/matija456/aktivni
Milimir2712,Mili,Gold,Trebinje,Regija Trebinje,0,0,0,0,18,neaktivan,prvi,,https://olx.ba/shops/Milimir2712/aktivni
mitarba,mitarba,Gold,Trebinje,Regija Trebinje,5407,4818,0,0,18,nije_auto,prvi,shop_category_id nije 17 i histogram nema dominantnu kategoriju 928 (auto dijelovi); nema veze sa automobilima,https://olx.ba/shops/mitarba/aktivni
OneStore,OneStore - Informacione tehnologije,Gold,Trebinje,Regija Trebinje,44,13,0,0,18,nije_auto,prvi,shop_category_id nije 17 i histogram nema dominantnu kategoriju 928 (auto dijelovi); nema veze sa automobilima,https://olx.ba/shops/OneStore/aktivni
slaven4,slaven4,Gold,Trebinje,Regija Trebinje,6,5,5,1,1,salon,prvi,,https://olx.ba/shops/slaven4/aktivni
SLOVO2023,"3. GOLAMAN  (""Slovo Design"")",Gold,Trebinje,Regija Trebinje,0,0,0,0,,neaktivan,prvi,,https://olx.ba/shops/SLOVO2023/aktivni
Stanisic_d_o_o,Stanisic_d_o_o,Gold,Trebinje,Regija Trebinje,1,0,0,0,18,neaktivan,prvi,,https://olx.ba/shops/Stanisic_d_o_o/aktivni
Stanisic_d_o_o_,Stanisic_d_o_o_,Gold,Trebinje,Regija Trebinje,0,0,0,0,18,neaktivan,prvi,,https://olx.ba/shops/Stanisic_d_o_o_/aktivni
STARTAUTO_,PREMIUM STAR d.o.o.,Gold,Trebinje,Regija Trebinje,15,15,15,1,1,salon,prvi,,https://olx.ba/shops/STARTAUTO_/aktivni
TBNekretnine,TREBINJE NEKRETNINE DOO TREBINJE,Gold,Trebinje,Regija Trebinje,12,12,0,0,2,nije_auto,prvi,shop_category_id nije 17 i histogram nema dominantnu kategoriju 928 (auto dijelovi); nema veze sa automobilima,https://olx.ba/shops/TBNekretnine/aktivni
tehnoplusdoo,Tehno Plus doo Trebinje,Gold,Trebinje,Regija Trebinje,665,665,44,0.15,18,nije_auto,drugi,"Dublji uzorak (45) pokazuje udio vozila 0.0667, naslovi su dijelovi/oprema/usluge.",https://olx.ba/shops/tehnoplusdoo/aktivni
Cano133,Cano133,Platinum,Trnovo,Kanton Sarajevo,0,0,0,0,2,neaktivan,prvi,,https://olx.ba/shops/Cano133/aktivni
dado328555,prodajemoljude,Platinum,Trnovo,Kanton Sarajevo,0,0,0,0,,neaktivan,prvi,,https://olx.ba/shops/dado328555/aktivni
Nikolasumic102,Nikolasumic102,Platinum,Trnovo,Kanton Sarajevo,0,0,0,0,18,neaktivan,prvi,,https://olx.ba/shops/Nikolasumic102/aktivni
govzadoo,Govza doo,Gold,Trnovo,Kanton Sarajevo,3,3,0,0,2,nije_auto,prvi,shop_category_id nije 17 i histogram nema dominantnu kategoriju 928 (auto dijelovi); nema veze sa automobilima,https://olx.ba/shops/govzadoo/aktivni
MyShop123,MyShop123,Gold,Trnovo,Kanton Sarajevo,0,0,0,0,,neaktivan,prvi,,https://olx.ba/shops/MyShop123/aktivni
MyShop1235,MyShop1235,Gold,Trnovo,Kanton Sarajevo,0,0,0,0,,neaktivan,prvi,,https://olx.ba/shops/MyShop1235/aktivni
MyShop123556,MyShop123556,Gold,Trnovo,Kanton Sarajevo,0,0,0,0,,neaktivan,prvi,,https://olx.ba/shops/MyShop123556/aktivni
MyShop1235568,MyShop1235568,Gold,Trnovo,Kanton Sarajevo,0,0,0,0,,neaktivan,prvi,,https://olx.ba/shops/MyShop1235568/aktivni
MyShop123789,MyShop123789,Gold,Trnovo,Kanton Sarajevo,0,0,0,0,,neaktivan,prvi,,https://olx.ba/shops/MyShop123789/aktivni
MyShop1237899,MyShop1237899,Gold,Trnovo,Kanton Sarajevo,0,0,0,0,,neaktivan,prvi,,https://olx.ba/shops/MyShop1237899/aktivni
MyShop12379,MyShop12379,Gold,Trnovo,Kanton Sarajevo,0,0,0,0,,neaktivan,prvi,,https://olx.ba/shops/MyShop12379/aktivni
MyShop123799,MyShop123799,Gold,Trnovo,Kanton Sarajevo,0,0,0,0,,neaktivan,prvi,,https://olx.ba/shops/MyShop123799/aktivni
Vaha257,Vaha555,Gold,Trnovo,Kanton Sarajevo,0,0,0,0,18,neaktivan,prvi,,https://olx.ba/shops/Vaha257/aktivni
AC_Swiss,AC_Swiss,Platinum,Tuzla,Tuzlanski kanton,16,17,17,1,1,salon,prvi,,https://olx.ba/shops/AC_Swiss/aktivni
achama,AUTO CENTAR HAMA,Platinum,Tuzla,Tuzlanski kanton,30543,30813,0,0,17,dijelovi,prvi,,https://olx.ba/shops/achama/aktivni
ADElektroo,AD-Elektro d.o.o.,Platinum,Tuzla,Tuzlanski kanton,178,178,0,0,18,nije_auto,prvi,shop_category_id nije 17 i histogram nema dominantnu kategoriju 928 (auto dijelovi); nema veze sa automobilima,https://olx.ba/shops/ADElektroo/aktivni
AdonaiShop,adonaishop,Platinum,Tuzla,Tuzlanski kanton,33,0,0,0,18,neaktivan,prvi,,https://olx.ba/shops/AdonaiShop/aktivni
AmarSivic007,ATA Ca,Platinum,Tuzla,Tuzlanski kanton,1,0,0,0,18,neaktivan,prvi,,https://olx.ba/shops/AmarSivic007/aktivni
AmonTech,amotech,Platinum,Tuzla,Tuzlanski kanton,33,0,0,0,18,neaktivan,prvi,,https://olx.ba/shops/AmonTech/aktivni
ancyysk,MojaiTvojaTV,Platinum,Tuzla,Tuzlanski kanton,0,0,0,0,,neaktivan,prvi,,https://olx.ba/shops/ancyysk/aktivni
AtonShop,atonshop,Platinum,Tuzla,Tuzlanski kanton,33,0,0,0,18,neaktivan,prvi,,https://olx.ba/shops/AtonShop/aktivni
AUTO_MASTER,AUTO MASTER ELITE,Platinum,Tuzla,Tuzlanski kanton,24,24,24,1,1,salon,prvi,,https://olx.ba/shops/AUTO_MASTER/aktivni
BHMobileShop,PHONES,Platinum,Tuzla,Tuzlanski kanton,1148,1148,0,0,17,dijelovi,prvi,,https://olx.ba/shops/BHMobileShop/aktivni
CADJOSTOLARIJA,Ćađoprevoz,Platinum,Tuzla,Tuzlanski kanton,425,425,0,0,18,nije_auto,prvi,shop_category_id nije 17 i histogram nema dominantnu kategoriju 928 (auto dijelovi); nema veze sa automobilima,https://olx.ba/shops/CADJOSTOLARIJA/aktivni
deny101,DENI AUTO D.O.O ,Platinum,Tuzla,Tuzlanski kanton,0,0,0,0,,neaktivan,prvi,,https://olx.ba/shops/deny101/aktivni
Detas,Detas d.o.o. Tuzla,Platinum,Tuzla,Tuzlanski kanton,1112,1078,0,0,18,nije_auto,prvi,shop_category_id nije 17 i histogram nema dominantnu kategoriju 928 (auto dijelovi); nema veze sa automobilima,https://olx.ba/shops/Detas/aktivni
digitalt_shop,digitalt_shop,Platinum,Tuzla,Tuzlanski kanton,0,0,0,0,18,neaktivan,prvi,,https://olx.ba/shops/digitalt_shop/aktivni
DzenexNekretnine,Dženex doo Tuzla,Platinum,Tuzla,Tuzlanski kanton,38,34,0,0,2,nije_auto,prvi,shop_category_id nije 17 i histogram nema dominantnu kategoriju 928 (auto dijelovi); nema veze sa automobilima,https://olx.ba/shops/DzenexNekretnine/aktivni
ErebosInc,erebosinc,Platinum,Tuzla,Tuzlanski kanton,33,0,0,0,,neaktivan,prvi,,https://olx.ba/shops/ErebosInc/aktivni
Expo_Auto,Expo Auto d.o.o. Tuzla,Platinum,Tuzla,Tuzlanski kanton,48,41,41,1,1,salon,prvi,,https://olx.ba/shops/Expo_Auto/aktivni
faah,faah,Platinum,Tuzla,Tuzlanski kanton,3,3,0,0,2,nije_auto,prvi,shop_category_id nije 17 i histogram nema dominantnu kategoriju 928 (auto dijelovi); nema veze sa automobilima,https://olx.ba/shops/faah/aktivni
GameLand,T.R. Gameland,Platinum,Tuzla,Tuzlanski kanton,1209,929,0,0,18,nije_auto,prvi,shop_category_id nije 17 i histogram nema dominantnu kategoriju 928 (auto dijelovi); nema veze sa automobilima,https://olx.ba/shops/GameLand/aktivni
gftposlovnica,GFT Poslovnica Tuzla,Platinum,Tuzla,Tuzlanski kanton,11,11,0,0,18,nije_auto,prvi,shop_category_id nije 17 i histogram nema dominantnu kategoriju 928 (auto dijelovi); nema veze sa automobilima,https://olx.ba/shops/gftposlovnica/aktivni
GuntherTech,gunthertech,Platinum,Tuzla,Tuzlanski kanton,33,0,0,0,18,neaktivan,prvi,,https://olx.ba/shops/GuntherTech/aktivni
hamele32509,DomixShop,Platinum,Tuzla,Tuzlanski kanton,33,33,0,0,18,nije_auto,prvi,shop_category_id nije 17 i histogram nema dominantnu kategoriju 928 (auto dijelovi); nema veze sa automobilima,https://olx.ba/shops/hamele32509/aktivni
HustelShopTuzla,HUSTEL,Platinum,Tuzla,Tuzlanski kanton,98,87,0,0,18,nije_auto,prvi,shop_category_id nije 17 i histogram nema dominantnu kategoriju 928 (auto dijelovi); nema veze sa automobilima,https://olx.ba/shops/HustelShopTuzla/aktivni
Inter_Auto,Interauto d.o.o.,Platinum,Tuzla,Tuzlanski kanton,68,61,61,1,1,salon,prvi,,https://olx.ba/shops/Inter_Auto/aktivni
iskramobiteli,Iskra Mobiteli doo Tuzla,Platinum,Tuzla,Tuzlanski kanton,109,101,0,0,18,nije_auto,prvi,shop_category_id nije 17 i histogram nema dominantnu kategoriju 928 (auto dijelovi); nema veze sa automobilima,https://olx.ba/shops/iskramobiteli/aktivni
Isroshop,Isroshop,Platinum,Tuzla,Tuzlanski kanton,0,0,0,0,,neaktivan,prvi,,https://olx.ba/shops/Isroshop/aktivni
LeGrand,Two For One doo,Platinum,Tuzla,Tuzlanski kanton,16618,11439,0,0,18,nije_auto,prvi,shop_category_id nije 17 i histogram nema dominantnu kategoriju 928 (auto dijelovi); nema veze sa automobilima,https://olx.ba/shops/LeGrand/aktivni
LIDER_doo,''NEKRETNINE LIDER'' d.o.o Tuzla,Platinum,Tuzla,Tuzlanski kanton,48,50,0,0,2,nije_auto,prvi,shop_category_id nije 17 i histogram nema dominantnu kategoriju 928 (auto dijelovi); nema veze sa automobilima,https://olx.ba/shops/LIDER_doo/aktivni
MairaShop,mairashop,Platinum,Tuzla,Tuzlanski kanton,33,0,0,0,18,neaktivan,prvi,,https://olx.ba/shops/MairaShop/aktivni
MajdancicShecky,MajdancicShecky,Platinum,Tuzla,Tuzlanski kanton,0,0,0,0,18,neaktivan,prvi,,https://olx.ba/shops/MajdancicShecky/aktivni
MarGrabov13,MarGrabov13,Platinum,Tuzla,Tuzlanski kanton,0,0,0,0,18,neaktivan,prvi,,https://olx.ba/shops/MarGrabov13/aktivni
MarTech,martech,Platinum,Tuzla,Tuzlanski kanton,33,0,0,0,18,neaktivan,prvi,,https://olx.ba/shops/MarTech/aktivni
Modulint,Modul int. d.o.o.Tuzla,Platinum,Tuzla,Tuzlanski kanton,86,19,0,0,18,nije_auto,prvi,shop_category_id nije 17 i histogram nema dominantnu kategoriju 928 (auto dijelovi); nema veze sa automobilima,https://olx.ba/shops/Modulint/aktivni
moje_krpice26,moje_krpice26,Platinum,Tuzla,Tuzlanski kanton,0,0,0,0,18,neaktivan,prvi,,https://olx.ba/shops/moje_krpice26/aktivni
NamjDomTuzla,Namještaj za Dom Tuzla,Platinum,Tuzla,Tuzlanski kanton,4135,4142,0,0,18,nije_auto,prvi,shop_category_id nije 17 i histogram nema dominantnu kategoriju 928 (auto dijelovi); nema veze sa automobilima,https://olx.ba/shops/NamjDomTuzla/aktivni
ODISEJ_Motori,ODISEJ_Motori,Platinum,Tuzla,Tuzlanski kanton,20,20,20,1,1,salon,prvi,,https://olx.ba/shops/ODISEJ_Motori/aktivni
ODISEJ_MotoShop,Odisej d.o.o. Moto Shop,Platinum,Tuzla,Tuzlanski kanton,320,293,0,0,17,dijelovi,prvi,,https://olx.ba/shops/ODISEJ_MotoShop/aktivni
ParfemiGRANDE,ParfemiGRANDE,Platinum,Tuzla,Tuzlanski kanton,156,156,0,0,18,nije_auto,prvi,shop_category_id nije 17 i histogram nema dominantnu kategoriju 928 (auto dijelovi); nema veze sa automobilima,https://olx.ba/shops/ParfemiGRANDE/aktivni
Pc_Land,Pc_Land,Platinum,Tuzla,Tuzlanski kanton,0,0,0,0,,neaktivan,prvi,,https://olx.ba/shops/Pc_Land/aktivni
PcOner,PcOner,Platinum,Tuzla,Tuzlanski kanton,201,201,0,0,18,nije_auto,prvi,shop_category_id nije 17 i histogram nema dominantnu kategoriju 928 (auto dijelovi); nema veze sa automobilima,https://olx.ba/shops/PcOner/aktivni
PcPrime,PcPrime,Platinum,Tuzla,Tuzlanski kanton,17625,17238,0,0,18,nije_auto,prvi,shop_category_id nije 17 i histogram nema dominantnu kategoriju 928 (auto dijelovi); nema veze sa automobilima,https://olx.ba/shops/PcPrime/aktivni
Remex_Tuzla,REMEX DOO TUZLA,Platinum,Tuzla,Tuzlanski kanton,27,26,26,1,1,salon,prvi,,https://olx.ba/shops/Remex_Tuzla/aktivni
RoyalTech,RoyalTech,Platinum,Tuzla,Tuzlanski kanton,423,423,0,0,18,nije_auto,prvi,shop_category_id nije 17 i histogram nema dominantnu kategoriju 928 (auto dijelovi); nema veze sa automobilima,https://olx.ba/shops/RoyalTech/aktivni
Sistemx992,VIP Rent a Car,Platinum,Tuzla,Tuzlanski kanton,0,0,0,0,18,neaktivan,prvi,,https://olx.ba/shops/Sistemx992/aktivni
StoneIPTV,StoneIPTV,Platinum,Tuzla,Tuzlanski kanton,0,0,0,0,18,neaktivan,prvi,,https://olx.ba/shops/StoneIPTV/aktivni
SusanoTech,susanotech,Platinum,Tuzla,Tuzlanski kanton,32,0,0,0,,neaktivan,prvi,,https://olx.ba/shops/SusanoTech/aktivni
taloviccompany,Talovic Company d.o.o,Platinum,Tuzla,Tuzlanski kanton,31,29,29,1,1,salon,prvi,,https://olx.ba/shops/taloviccompany/aktivni
tarik2424,SaltLakeCityShop,Platinum,Tuzla,Tuzlanski kanton,0,0,0,0,18,neaktivan,prvi,,https://olx.ba/shops/tarik2424/aktivni
Tk_Nekretnine,SKVER d.o.o.,Platinum,Tuzla,Tuzlanski kanton,36,36,0,0,2,nije_auto,prvi,shop_category_id nije 17 i histogram nema dominantnu kategoriju 928 (auto dijelovi); nema veze sa automobilima,https://olx.ba/shops/Tk_Nekretnine/aktivni
UMACOM_SHOP,UMACOM_SHOP,Platinum,Tuzla,Tuzlanski kanton,6,6,6,1,1,salon,prvi,,https://olx.ba/shops/UMACOM_SHOP/aktivni
USSshopTUZLA,UNIVERZALNO SVE I SVASTA,Platinum,Tuzla,Tuzlanski kanton,2899,2679,0,0,18,nije_auto,prvi,shop_category_id nije 17 i histogram nema dominantnu kategoriju 928 (auto dijelovi); nema veze sa automobilima,https://olx.ba/shops/USSshopTUZLA/aktivni
VataCanic,vatacanic,Platinum,Tuzla,Tuzlanski kanton,33,0,0,0,18,neaktivan,prvi,,https://olx.ba/shops/VataCanic/aktivni
VERTO,Verto doo,Platinum,Tuzla,Tuzlanski kanton,46,40,0,0,2,nije_auto,prvi,shop_category_id nije 17 i histogram nema dominantnu kategoriju 928 (auto dijelovi); nema veze sa automobilima,https://olx.ba/shops/VERTO/aktivni
VisionTV,Vision TV,Platinum,Tuzla,Tuzlanski kanton,0,0,0,0,18,neaktivan,prvi,,https://olx.ba/shops/VisionTV/aktivni
AD_Outlet,AD_Outlet,Gold,Tuzla,Tuzlanski kanton,0,0,0,0,18,neaktivan,prvi,,https://olx.ba/shops/AD_Outlet/aktivni
Adex74,Automobili,Gold,Tuzla,Tuzlanski kanton,0,0,0,0,18,neaktivan,prvi,,https://olx.ba/shops/Adex74/aktivni
AdrinaHandel,AdrinaHandel,Gold,Tuzla,Tuzlanski kanton,0,0,0,0,18,neaktivan,prvi,,https://olx.ba/shops/AdrinaHandel/aktivni
Agelpack,Agelpack doo,Gold,Tuzla,Tuzlanski kanton,436,434,0,0,18,nije_auto,prvi,shop_category_id nije 17 i histogram nema dominantnu kategoriju 928 (auto dijelovi); nema veze sa automobilima,https://olx.ba/shops/Agelpack/aktivni
AkiAkica1,AkiProdaja,Gold,Tuzla,Tuzlanski kanton,0,0,0,0,18,neaktivan,prvi,,https://olx.ba/shops/AkiAkica1/aktivni
AKTIDO,AKTIDO doo,Gold,Tuzla,Tuzlanski kanton,21,21,0,0,2,nije_auto,prvi,shop_category_id nije 17 i histogram nema dominantnu kategoriju 928 (auto dijelovi); nema veze sa automobilima,https://olx.ba/shops/AKTIDO/aktivni
ALPHAsmart,alpha smart energy,Gold,Tuzla,Tuzlanski kanton,9,8,0,0,18,nije_auto,prvi,shop_category_id nije 17 i histogram nema dominantnu kategoriju 928 (auto dijelovi); nema veze sa automobilima,https://olx.ba/shops/ALPHAsmart/aktivni
AMC_Tuzla,AMC_Tuzla,Gold,Tuzla,Tuzlanski kanton,26,26,26,1,1,salon,prvi,,https://olx.ba/shops/AMC_Tuzla/aktivni
AMG_Computers,AMG_Computers,Gold,Tuzla,Tuzlanski kanton,225,229,0,0,18,nije_auto,prvi,shop_category_id nije 17 i histogram nema dominantnu kategoriju 928 (auto dijelovi); nema veze sa automobilima,https://olx.ba/shops/AMG_Computers/aktivni
Amrita9771,Smart Lux,Gold,Tuzla,Tuzlanski kanton,27,0,0,0,18,neaktivan,prvi,,https://olx.ba/shops/Amrita9771/aktivni
Armins254,Arminjo,Gold,Tuzla,Tuzlanski kanton,0,0,0,0,18,neaktivan,prvi,,https://olx.ba/shops/Armins254/aktivni
AS_Automobili,AC-AS Automobili,Gold,Tuzla,Tuzlanski kanton,15,13,13,1,1,salon,prvi,,https://olx.ba/shops/AS_Automobili/aktivni
asmir094,Prodaja,Gold,Tuzla,Tuzlanski kanton,0,0,0,0,18,neaktivan,prvi,,https://olx.ba/shops/asmir094/aktivni
asmobitel,As Mobitel,Gold,Tuzla,Tuzlanski kanton,254,212,0,0,18,nije_auto,prvi,shop_category_id nije 17 i histogram nema dominantnu kategoriju 928 (auto dijelovi); nema veze sa automobilima,https://olx.ba/shops/asmobitel/aktivni
Assolutions,Assolutions,Gold,Tuzla,Tuzlanski kanton,0,0,0,0,18,neaktivan,prvi,,https://olx.ba/shops/Assolutions/aktivni
AsTopShop,AS Shop,Gold,Tuzla,Tuzlanski kanton,24,0,0,0,18,neaktivan,prvi,,https://olx.ba/shops/AsTopShop/aktivni
Atlanta,atlanta,Gold,Tuzla,Tuzlanski kanton,241,236,0,0,18,nije_auto,prvi,shop_category_id nije 17 i histogram nema dominantnu kategoriju 928 (auto dijelovi); nema veze sa automobilima,https://olx.ba/shops/Atlanta/aktivni
ATVork,ATVork,Gold,Tuzla,Tuzlanski kanton,8,0,0,0,18,neaktivan,prvi,,https://olx.ba/shops/ATVork/aktivni
azraaa3456,Olix,Gold,Tuzla,Tuzlanski kanton,0,0,0,0,18,neaktivan,prvi,,https://olx.ba/shops/azraaa3456/aktivni
BabilonCentar,Babilon d.o.o.,Gold,Tuzla,Tuzlanski kanton,12,0,0,0,18,neaktivan,prvi,,https://olx.ba/shops/BabilonCentar/aktivni
badar,badar,Gold,Tuzla,Tuzlanski kanton,8,9,9,1,1,salon,prvi,,https://olx.ba/shops/badar/aktivni
banjanovichalid,Halidbanjanovic,Gold,Tuzla,Tuzlanski kanton,0,0,0,0,18,neaktivan,prvi,,https://olx.ba/shops/banjanovichalid/aktivni
Bavarac,Bavarac,Gold,Tuzla,Tuzlanski kanton,2871,1978,0,0,18,nije_auto,prvi,shop_category_id nije 17 i histogram nema dominantnu kategoriju 928 (auto dijelovi); nema veze sa automobilima,https://olx.ba/shops/Bavarac/aktivni
BH_namjestaj,BH_namjestaj,Gold,Tuzla,Tuzlanski kanton,21,21,0,0,18,nije_auto,prvi,shop_category_id nije 17 i histogram nema dominantnu kategoriju 928 (auto dijelovi); nema veze sa automobilima,https://olx.ba/shops/BH_namjestaj/aktivni
BHINVESTMENT,BH INVESMENT Co. d.o.o.,Gold,Tuzla,Tuzlanski kanton,21,21,0,0,2,nije_auto,prvi,shop_category_id nije 17 i histogram nema dominantnu kategoriju 928 (auto dijelovi); nema veze sa automobilima,https://olx.ba/shops/BHINVESTMENT/aktivni
Bumerangdoo,BetaBoom group d.o.o.,Gold,Tuzla,Tuzlanski kanton,20,20,0,0,18,nije_auto,prvi,shop_category_id nije 17 i histogram nema dominantnu kategoriju 928 (auto dijelovi); nema veze sa automobilima,https://olx.ba/shops/Bumerangdoo/aktivni
CADJOAUTO,ĆAĐOAUTO,Gold,Tuzla,Tuzlanski kanton,38,39,39,1,1,salon,prvi,,https://olx.ba/shops/CADJOAUTO/aktivni
CargoParts,CargoParts,Gold,Tuzla,Tuzlanski kanton,1780,1779,0,0,17,dijelovi,prvi,,https://olx.ba/shops/CargoParts/aktivni
CESTOTEHNIKBH,CESTOTEHNIK DOO,Gold,Tuzla,Tuzlanski kanton,0,2,0,0,,nije_auto,prvi,shop_category_id nije 17 i histogram nema dominantnu kategoriju 928 (auto dijelovi); nema veze sa automobilima,https://olx.ba/shops/CESTOTEHNIKBH/aktivni
CestotehnikINV,CESTOTEHNIK d.o.o. Tuzla,Gold,Tuzla,Tuzlanski kanton,0,0,0,0,,neaktivan,prvi,,https://olx.ba/shops/CestotehnikINV/aktivni
cosmostz1,Cosmos commercce d.o.o.,Gold,Tuzla,Tuzlanski kanton,17,17,17,1,1,salon,prvi,,https://olx.ba/shops/cosmostz1/aktivni
DamirT86,DamirT86,Gold,Tuzla,Tuzlanski kanton,1,0,0,0,,neaktivan,prvi,,https://olx.ba/shops/DamirT86/aktivni
Darissondoo,Darissondoo,Gold,Tuzla,Tuzlanski kanton,31,32,28,0.8,1,salon,drugi,"Dublji uzorak (32) pokazuje udio vozila 0.875, naslovi su modeli automobila.",https://olx.ba/shops/Darissondoo/aktivni
dauttt,Olx sop,Gold,Tuzla,Tuzlanski kanton,0,0,0,0,18,neaktivan,prvi,,https://olx.ba/shops/dauttt/aktivni
DelingINVEST,Deling Invest doo,Gold,Tuzla,Tuzlanski kanton,4,4,0,0,2,nije_auto,prvi,shop_category_id nije 17 i histogram nema dominantnu kategoriju 928 (auto dijelovi); nema veze sa automobilima,https://olx.ba/shops/DelingINVEST/aktivni
doo_DALTON,DALTON d.o.o,Gold,Tuzla,Tuzlanski kanton,0,0,0,0,1,neaktivan,prvi,,https://olx.ba/shops/doo_DALTON/aktivni
dooBWteam,DOO BW Team Srebrenik,Gold,Tuzla,Tuzlanski kanton,10,1,0,0,18,nije_auto,prvi,shop_category_id nije 17 i histogram nema dominantnu kategoriju 928 (auto dijelovi); nema veze sa automobilima,https://olx.ba/shops/dooBWteam/aktivni
Edi_Softic,Edi_Softic,Gold,Tuzla,Tuzlanski kanton,1,0,0,0,18,neaktivan,prvi,,https://olx.ba/shops/Edi_Softic/aktivni
EdosTuzla,EDOS DOO TUZLA,Gold,Tuzla,Tuzlanski kanton,488,471,0,0,18,nije_auto,prvi,shop_category_id nije 17 i histogram nema dominantnu kategoriju 928 (auto dijelovi); nema veze sa automobilima,https://olx.ba/shops/EdosTuzla/aktivni
elemapartmani,elemapartmani,Gold,Tuzla,Tuzlanski kanton,4,4,0,0,2,nije_auto,prvi,shop_category_id nije 17 i histogram nema dominantnu kategoriju 928 (auto dijelovi); nema veze sa automobilima,https://olx.ba/shops/elemapartmani/aktivni
ellbanekretnine,ELLBA NEKRETNINE,Gold,Tuzla,Tuzlanski kanton,12,5,0,0,2,nije_auto,prvi,shop_category_id nije 17 i histogram nema dominantnu kategoriju 928 (auto dijelovi); nema veze sa automobilima,https://olx.ba/shops/ellbanekretnine/aktivni
Emrahsecic1,Emrahsecic1,Gold,Tuzla,Tuzlanski kanton,0,0,0,0,,neaktivan,prvi,,https://olx.ba/shops/Emrahsecic1/aktivni
EMSHOP_TZ,EM SHOP TUZLA,Gold,Tuzla,Tuzlanski kanton,749,749,0,0,17,dijelovi,prvi,,https://olx.ba/shops/EMSHOP_TZ/aktivni
enrique2,ENRIQUE2,Gold,Tuzla,Tuzlanski kanton,3817,3817,0,0,18,nije_auto,prvi,shop_category_id nije 17 i histogram nema dominantnu kategoriju 928 (auto dijelovi); nema veze sa automobilima,https://olx.ba/shops/enrique2/aktivni
EVERTECH,EVER.BA,Gold,Tuzla,Tuzlanski kanton,12,11,0,0,18,nije_auto,prvi,shop_category_id nije 17 i histogram nema dominantnu kategoriju 928 (auto dijelovi); nema veze sa automobilima,https://olx.ba/shops/EVERTECH/aktivni
FAANS,FAANS,Gold,Tuzla,Tuzlanski kanton,10,11,11,1,1,salon,prvi,,https://olx.ba/shops/FAANS/aktivni
fadexs,fadex,Gold,Tuzla,Tuzlanski kanton,0,0,0,0,18,neaktivan,prvi,,https://olx.ba/shops/fadexs/aktivni
FotoZunicDoo,FOTO-PRINT-ZUNIC d.o.o.,Gold,Tuzla,Tuzlanski kanton,2264,1397,0,0,18,nije_auto,prvi,shop_category_id nije 17 i histogram nema dominantnu kategoriju 928 (auto dijelovi); nema veze sa automobilima,https://olx.ba/shops/FotoZunicDoo/aktivni
fsfsdf,sdfsdf,Gold,Tuzla,Tuzlanski kanton,0,0,0,0,,neaktivan,prvi,,https://olx.ba/shops/fsfsdf/aktivni
game789,game789076,Gold,Tuzla,Tuzlanski kanton,0,0,0,0,,neaktivan,prvi,,https://olx.ba/shops/game789/aktivni
GoaTees,Boltek Solutions,Gold,Tuzla,Tuzlanski kanton,0,0,0,0,,neaktivan,prvi,,https://olx.ba/shops/GoaTees/aktivni
GreenMedia,Greenmedia,Gold,Tuzla,Tuzlanski kanton,1713,1679,0,0,18,nije_auto,prvi,shop_category_id nije 17 i histogram nema dominantnu kategoriju 928 (auto dijelovi); nema veze sa automobilima,https://olx.ba/shops/GreenMedia/aktivni
HidroizolacijaB,BetaBoom group d.o.o. - HidroizolacijaBA,Gold,Tuzla,Tuzlanski kanton,12,12,0,0,18,nije_auto,prvi,shop_category_id nije 17 i histogram nema dominantnu kategoriju 928 (auto dijelovi); nema veze sa automobilima,https://olx.ba/shops/HidroizolacijaB/aktivni
HYDRORAJ,Hydro Raj d.o.o Tuzla,Gold,Tuzla,Tuzlanski kanton,26,25,0,0,18,nije_auto,prvi,shop_category_id nije 17 i histogram nema dominantnu kategoriju 928 (auto dijelovi); nema veze sa automobilima,https://olx.ba/shops/HYDRORAJ/aktivni
idedas,Kupovina,Gold,Tuzla,Tuzlanski kanton,0,0,0,0,18,neaktivan,prvi,,https://olx.ba/shops/idedas/aktivni
INALelectric,INAL ELECTRIC DOO,Gold,Tuzla,Tuzlanski kanton,1036,1033,0,0,18,nije_auto,prvi,shop_category_id nije 17 i histogram nema dominantnu kategoriju 928 (auto dijelovi); nema veze sa automobilima,https://olx.ba/shops/INALelectric/aktivni
InAutoTUNINGdoo,In auto TUNING d.o.o Tuzla,Gold,Tuzla,Tuzlanski kanton,996,996,0,0,17,dijelovi,prvi,,https://olx.ba/shops/InAutoTUNINGdoo/aktivni
Inshoptz,inshop_tz,Gold,Tuzla,Tuzlanski kanton,345,266,0,0,18,nije_auto,prvi,shop_category_id nije 17 i histogram nema dominantnu kategoriju 928 (auto dijelovi); nema veze sa automobilima,https://olx.ba/shops/Inshoptz/aktivni
IPTVSaturn,IPTVSaturn,Gold,Tuzla,Tuzlanski kanton,0,0,0,0,,neaktivan,prvi,,https://olx.ba/shops/IPTVSaturn/aktivni
IpTvService,IpTv_Operater,Gold,Tuzla,Tuzlanski kanton,0,0,0,0,18,neaktivan,prvi,,https://olx.ba/shops/IpTvService/aktivni
IthreeX,pcpanda,Gold,Tuzla,Tuzlanski kanton,1,0,0,0,18,neaktivan,prvi,,https://olx.ba/shops/IthreeX/aktivni
JAT_Shop,JAT_Shop,Gold,Tuzla,Tuzlanski kanton,781,781,0,0,18,nije_auto,prvi,shop_category_id nije 17 i histogram nema dominantnu kategoriju 928 (auto dijelovi); nema veze sa automobilima,https://olx.ba/shops/JAT_Shop/aktivni
JDMshop,JDM d.o.o. Tuzla,Gold,Tuzla,Tuzlanski kanton,320,310,0,0,17,dijelovi,prvi,,https://olx.ba/shops/JDMshop/aktivni
kenoautomobili,Keno Automobili,Gold,Tuzla,Tuzlanski kanton,24,24,23,0.95,1,salon,prvi,,https://olx.ba/shops/kenoautomobili/aktivni
KitZone_Balkan,KitZone_Balkan,Gold,Tuzla,Tuzlanski kanton,4,0,0,0,18,neaktivan,prvi,,https://olx.ba/shops/KitZone_Balkan/aktivni
KraftshopHMH,Kraftshop,Gold,Tuzla,Tuzlanski kanton,442,0,0,0,18,neaktivan,prvi,,https://olx.ba/shops/KraftshopHMH/aktivni
kui,Auto skoda,Gold,Tuzla,Tuzlanski kanton,2,0,0,0,17,neaktivan,prvi,,https://olx.ba/shops/kui/aktivni
kupiipluspoklon,kupiipluspoklon,Gold,Tuzla,Tuzlanski kanton,63,0,0,0,18,neaktivan,prvi,,https://olx.ba/shops/kupiipluspoklon/aktivni
Lakiii_,Lakiii_,Gold,Tuzla,Tuzlanski kanton,0,0,0,0,18,neaktivan,prvi,,https://olx.ba/shops/Lakiii_/aktivni
linden22,Aziz Sofic,Gold,Tuzla,Tuzlanski kanton,0,0,0,0,18,neaktivan,prvi,,https://olx.ba/shops/linden22/aktivni
M_Bike_Shop,M-BIKE DOO,Gold,Tuzla,Tuzlanski kanton,558,558,96,0.35,18,mjesovito,drugi,"Dublji uzorak (58) pokazuje udio vozila 0.1724, tezisno i vozila i dijelovi.",https://olx.ba/shops/M_Bike_Shop/aktivni
Majkes_93,Majkes.93,Gold,Tuzla,Tuzlanski kanton,5,0,0,0,18,neaktivan,prvi,,https://olx.ba/shops/Majkes_93/aktivni
Make2016,Zebra zavjese i harmo komarnici,Gold,Tuzla,Tuzlanski kanton,16,16,0,0,18,nije_auto,prvi,shop_category_id nije 17 i histogram nema dominantnu kategoriju 928 (auto dijelovi); nema veze sa automobilima,https://olx.ba/shops/Make2016/aktivni
MAlikJ,https://MAlikJ.olx.ba,Gold,Tuzla,Tuzlanski kanton,1,0,0,0,17,neaktivan,prvi,,https://olx.ba/shops/MAlikJ/aktivni
Marhabadoo,Marhaba doo,Gold,Tuzla,Tuzlanski kanton,0,0,0,0,,neaktivan,prvi,,https://olx.ba/shops/Marhabadoo/aktivni
MasterMB,MasterMB,Gold,Tuzla,Tuzlanski kanton,1,0,0,0,,neaktivan,prvi,,https://olx.ba/shops/MasterMB/aktivni
MERFID15,Merfid salihovic,Gold,Tuzla,Tuzlanski kanton,0,0,0,0,18,neaktivan,prvi,,https://olx.ba/shops/MERFID15/aktivni
Mirmus,Malpeza Rasvjeta,Gold,Tuzla,Tuzlanski kanton,0,0,0,0,,neaktivan,prvi,,https://olx.ba/shops/Mirmus/aktivni
mitalex,MIT-ALEX doo,Gold,Tuzla,Tuzlanski kanton,287,287,0,0,18,nije_auto,prvi,shop_category_id nije 17 i histogram nema dominantnu kategoriju 928 (auto dijelovi); nema veze sa automobilima,https://olx.ba/shops/mitalex/aktivni
mobilnisvjet,mobilnisvjet,Gold,Tuzla,Tuzlanski kanton,5,5,0,0,18,nije_auto,prvi,shop_category_id nije 17 i histogram nema dominantnu kategoriju 928 (auto dijelovi); nema veze sa automobilima,https://olx.ba/shops/mobilnisvjet/aktivni
ModulTuzla,Modul Int. d.o.o.,Gold,Tuzla,Tuzlanski kanton,125,1,0,0,18,nije_auto,prvi,shop_category_id nije 17 i histogram nema dominantnu kategoriju 928 (auto dijelovi); nema veze sa automobilima,https://olx.ba/shops/ModulTuzla/aktivni
MOS_Tech_Shop,MOS Tech KLIMA SHOP,Gold,Tuzla,Tuzlanski kanton,428,444,0,0,18,nije_auto,prvi,shop_category_id nije 17 i histogram nema dominantnu kategoriju 928 (auto dijelovi); nema veze sa automobilima,https://olx.ba/shops/MOS_Tech_Shop/aktivni
NekretnineDOM,NekretnineDOM,Gold,Tuzla,Tuzlanski kanton,3,3,0,0,2,nije_auto,prvi,shop_category_id nije 17 i histogram nema dominantnu kategoriju 928 (auto dijelovi); nema veze sa automobilima,https://olx.ba/shops/NekretnineDOM/aktivni
Nele_83,Prodaja - Potražnja,Gold,Tuzla,Tuzlanski kanton,0,0,0,0,18,neaktivan,prvi,,https://olx.ba/shops/Nele_83/aktivni
neletz1,OnlineShop,Gold,Tuzla,Tuzlanski kanton,5,0,0,0,18,neaktivan,prvi,,https://olx.ba/shops/neletz1/aktivni
Nermin1964,Nermin1964,Gold,Tuzla,Tuzlanski kanton,2,2,2,1,1,salon,prvi,,https://olx.ba/shops/Nermin1964/aktivni
nezir2955,nezir2955,Gold,Tuzla,Tuzlanski kanton,0,0,0,0,18,neaktivan,prvi,,https://olx.ba/shops/nezir2955/aktivni
orijentalgr_ba,orijentalgr_ba,Gold,Tuzla,Tuzlanski kanton,0,0,0,0,18,neaktivan,prvi,,https://olx.ba/shops/orijentalgr_ba/aktivni
OTPADBMW,BMWTUZLA,Gold,Tuzla,Tuzlanski kanton,1190,1120,0,0,17,dijelovi,prvi,,https://olx.ba/shops/OTPADBMW/aktivni
OXint_doo,OXint d.o.o. Tuzla ul. III Tuzlanske brigade broj 38,Gold,Tuzla,Tuzlanski kanton,176,163,0,0,18,nije_auto,prvi,shop_category_id nije 17 i histogram nema dominantnu kategoriju 928 (auto dijelovi); nema veze sa automobilima,https://olx.ba/shops/OXint_doo/aktivni
Ozbiljan1234,Admir Beganovic,Gold,Tuzla,Tuzlanski kanton,11,0,0,0,18,neaktivan,prvi,,https://olx.ba/shops/Ozbiljan1234/aktivni
Pekara_Sanin,Pekara_Sanin,Gold,Tuzla,Tuzlanski kanton,114,113,0,0,18,nije_auto,prvi,shop_category_id nije 17 i histogram nema dominantnu kategoriju 928 (auto dijelovi); nema veze sa automobilima,https://olx.ba/shops/Pekara_Sanin/aktivni
popsi_shop,Popsi d.o.o.,Gold,Tuzla,Tuzlanski kanton,83,83,0,0,18,nije_auto,prvi,shop_category_id nije 17 i histogram nema dominantnu kategoriju 928 (auto dijelovi); nema veze sa automobilima,https://olx.ba/shops/popsi_shop/aktivni
premidoor,premidoor,Gold,Tuzla,Tuzlanski kanton,6,6,0,0,2,nije_auto,prvi,shop_category_id nije 17 i histogram nema dominantnu kategoriju 928 (auto dijelovi); nema veze sa automobilima,https://olx.ba/shops/premidoor/aktivni
primusdoo,"Primus Nekretnine d.o.o. Tuzla , Ismeta Mujezinovica 15",Gold,Tuzla,Tuzlanski kanton,21,16,0,0,2,nije_auto,prvi,shop_category_id nije 17 i histogram nema dominantnu kategoriju 928 (auto dijelovi); nema veze sa automobilima,https://olx.ba/shops/primusdoo/aktivni
private_shop,Private Mobitel Shop,Gold,Tuzla,Tuzlanski kanton,674,171,0,0,18,nije_auto,prvi,shop_category_id nije 17 i histogram nema dominantnu kategoriju 928 (auto dijelovi); nema veze sa automobilima,https://olx.ba/shops/private_shop/aktivni
Pro_Bazeni,Pro_Bazeni,Gold,Tuzla,Tuzlanski kanton,2,1,0,0,18,nije_auto,prvi,shop_category_id nije 17 i histogram nema dominantnu kategoriju 928 (auto dijelovi); nema veze sa automobilima,https://olx.ba/shops/Pro_Bazeni/aktivni
prodajaTranskop,prodajaTranskop,Gold,Tuzla,Tuzlanski kanton,1,0,0,0,1,neaktivan,prvi,,https://olx.ba/shops/prodajaTranskop/aktivni
Quinto_Home,Quinto_Home,Gold,Tuzla,Tuzlanski kanton,15,2,0,0,18,nije_auto,prvi,shop_category_id nije 17 i histogram nema dominantnu kategoriju 928 (auto dijelovi); nema veze sa automobilima,https://olx.ba/shops/Quinto_Home/aktivni
rdr37,rdr3780,Gold,Tuzla,Tuzlanski kanton,0,0,0,0,,neaktivan,prvi,,https://olx.ba/shops/rdr37/aktivni
RETA_Shop,RETA_Shop,Gold,Tuzla,Tuzlanski kanton,743,743,0,0,18,nije_auto,prvi,shop_category_id nije 17 i histogram nema dominantnu kategoriju 928 (auto dijelovi); nema veze sa automobilima,https://olx.ba/shops/RETA_Shop/aktivni
rikorizo,rikorizo,Gold,Tuzla,Tuzlanski kanton,9,7,7,1,1,salon,prvi,,https://olx.ba/shops/rikorizo/aktivni
Rokacc,Rokacc,Gold,Tuzla,Tuzlanski kanton,3,0,0,0,2,neaktivan,prvi,,https://olx.ba/shops/Rokacc/aktivni
Secictahir,Tahirsecic,Gold,Tuzla,Tuzlanski kanton,0,0,0,0,,neaktivan,prvi,,https://olx.ba/shops/Secictahir/aktivni
seherzadaasmir,Seherzadaasmir,Gold,Tuzla,Tuzlanski kanton,0,0,0,0,,neaktivan,prvi,,https://olx.ba/shops/seherzadaasmir/aktivni
SelectTz,Select Shop,Gold,Tuzla,Tuzlanski kanton,233,232,0,0,17,dijelovi,prvi,,https://olx.ba/shops/SelectTz/aktivni
Semu78,Semu78,Gold,Tuzla,Tuzlanski kanton,1,0,0,0,18,neaktivan,prvi,,https://olx.ba/shops/Semu78/aktivni
ServisFaniTuzla,Servis_Fani_Tuzla,Gold,Tuzla,Tuzlanski kanton,2612,794,0,0,18,nije_auto,prvi,shop_category_id nije 17 i histogram nema dominantnu kategoriju 928 (auto dijelovi); nema veze sa automobilima,https://olx.ba/shops/ServisFaniTuzla/aktivni
Shopix,Shopix,Gold,Tuzla,Tuzlanski kanton,43,0,0,0,18,neaktivan,prvi,,https://olx.ba/shops/Shopix/aktivni
Smart_Mobile,Smart_Mobile,Gold,Tuzla,Tuzlanski kanton,776,776,0,0,18,nije_auto,prvi,shop_category_id nije 17 i histogram nema dominantnu kategoriju 928 (auto dijelovi); nema veze sa automobilima,https://olx.ba/shops/Smart_Mobile/aktivni
SmartCo,SmartCo,Gold,Tuzla,Tuzlanski kanton,754,755,0,0,18,nije_auto,prvi,shop_category_id nije 17 i histogram nema dominantnu kategoriju 928 (auto dijelovi); nema veze sa automobilima,https://olx.ba/shops/SmartCo/aktivni
SMARTECC,SMARTECH,Gold,Tuzla,Tuzlanski kanton,741,742,0,0,18,nije_auto,prvi,shop_category_id nije 17 i histogram nema dominantnu kategoriju 928 (auto dijelovi); nema veze sa automobilima,https://olx.ba/shops/SMARTECC/aktivni
SpinDoo,SPIN DOO,Gold,Tuzla,Tuzlanski kanton,147,126,5,0.0417,18,nije_auto,prvi,shop_category_id nije 17 i histogram nema dominantnu kategoriju 928 (auto dijelovi); nema veze sa automobilima,https://olx.ba/shops/SpinDoo/aktivni
stamili,Sport,Gold,Tuzla,Tuzlanski kanton,0,0,0,0,18,neaktivan,prvi,,https://olx.ba/shops/stamili/aktivni
stannadanA1,Stan na dan Tuzla,Gold,Tuzla,Tuzlanski kanton,0,0,0,0,,neaktivan,prvi,,https://olx.ba/shops/stannadanA1/aktivni
SuzukiTuzla,AUTO MOTO CENTAR VIBA,Gold,Tuzla,Tuzlanski kanton,26,26,26,1,1,salon,prvi,,https://olx.ba/shops/SuzukiTuzla/aktivni
taxiprevoz79,TR trgovac pojedinac Taxi Shop Vl. Senada Imamovic,Gold,Tuzla,Tuzlanski kanton,3023,2764,0,0,18,nije_auto,prvi,shop_category_id nije 17 i histogram nema dominantnu kategoriju 928 (auto dijelovi); nema veze sa automobilima,https://olx.ba/shops/taxiprevoz79/aktivni
Trade_It_Smart,Trade_It_Smart,Gold,Tuzla,Tuzlanski kanton,9,0,0,0,17,neaktivan,prvi,,https://olx.ba/shops/Trade_It_Smart/aktivni
TrioDoo,Trio d.o.o. Tuzla,Gold,Tuzla,Tuzlanski kanton,905,628,0,0,18,nije_auto,prvi,shop_category_id nije 17 i histogram nema dominantnu kategoriju 928 (auto dijelovi); nema veze sa automobilima,https://olx.ba/shops/TrioDoo/aktivni
Tuzla321Tuzla,A.T,Gold,Tuzla,Tuzlanski kanton,19,19,19,1,1,salon,prvi,,https://olx.ba/shops/Tuzla321Tuzla/aktivni
ultrashop,UltraShop,Gold,Tuzla,Tuzlanski kanton,7,1,0,0,18,nije_auto,prvi,shop_category_id nije 17 i histogram nema dominantnu kategoriju 928 (auto dijelovi); nema veze sa automobilima,https://olx.ba/shops/ultrashop/aktivni
univerzalno_tz,Univerzalno d.o.o. PJ Tuzla,Gold,Tuzla,Tuzlanski kanton,1864,1422,0,0,18,nije_auto,prvi,shop_category_id nije 17 i histogram nema dominantnu kategoriju 928 (auto dijelovi); nema veze sa automobilima,https://olx.ba/shops/univerzalno_tz/aktivni
Vappe,vappe,Gold,Tuzla,Tuzlanski kanton,411,396,0,0,17,dijelovi,prvi,,https://olx.ba/shops/Vappe/aktivni
vviral,vviralshop,Gold,Tuzla,Tuzlanski kanton,2,0,0,0,18,neaktivan,prvi,,https://olx.ba/shops/vviral/aktivni
WortmannM,WORTMANN METAL d.o.o.  D.Tinja bb  75357,Gold,Tuzla,Tuzlanski kanton,16,14,0,0,18,nije_auto,prvi,shop_category_id nije 17 i histogram nema dominantnu kategoriju 928 (auto dijelovi); nema veze sa automobilima,https://olx.ba/shops/WortmannM/aktivni
X_MOTRONIX,ĐULIR COMPANY Ltd,Gold,Tuzla,Tuzlanski kanton,715,715,0,0,18,nije_auto,prvi,shop_category_id nije 17 i histogram nema dominantnu kategoriju 928 (auto dijelovi); nema veze sa automobilima,https://olx.ba/shops/X_MOTRONIX/aktivni
ZicompTuzla,ZICOMP DOO,Gold,Tuzla,Tuzlanski kanton,596,577,0,0,18,nije_auto,prvi,shop_category_id nije 17 i histogram nema dominantnu kategoriju 928 (auto dijelovi); nema veze sa automobilima,https://olx.ba/shops/ZicompTuzla/aktivni
boj1ana,boj1ana,Gold,Ugljevik,Regija Bijeljina,0,0,0,0,,neaktivan,prvi,,https://olx.ba/shops/boj1ana/aktivni
MEDIMPEXDOO,MED-IMPEX DOO,Gold,Ugljevik,Regija Bijeljina,70,70,0,0,18,nije_auto,prvi,shop_category_id nije 17 i histogram nema dominantnu kategoriju 928 (auto dijelovi); nema veze sa automobilima,https://olx.ba/shops/MEDIMPEXDOO/aktivni
milekug91,Lemiiiii,Gold,Ugljevik,Regija Bijeljina,0,0,0,0,18,neaktivan,prvi,,https://olx.ba/shops/milekug91/aktivni
nedzi123,Mariko,Gold,Ugljevik,Regija Bijeljina,0,0,0,0,18,neaktivan,prvi,,https://olx.ba/shops/nedzi123/aktivni
AA_Automobili,A.A.AUTOMOBILI D.O.O,Gold,Usora,Zeničko-dobojski kanton,25,25,24,0.95,1,salon,prvi,,https://olx.ba/shops/AA_Automobili/aktivni
Allgau1,Allgau1,Gold,Usora,Zeničko-dobojski kanton,170,170,0,0,18,nije_auto,prvi,shop_category_id nije 17 i histogram nema dominantnu kategoriju 928 (auto dijelovi); nema veze sa automobilima,https://olx.ba/shops/Allgau1/aktivni
BmwBudjaTeam,BMW BUĐA TEAM,Gold,Usora,Zeničko-dobojski kanton,2872,2872,0,0,17,dijelovi,prvi,,https://olx.ba/shops/BmwBudjaTeam/aktivni
GamaTrade,Gama Trade,Gold,Usora,Zeničko-dobojski kanton,308,308,0,0,18,nije_auto,prvi,shop_category_id nije 17 i histogram nema dominantnu kategoriju 928 (auto dijelovi); nema veze sa automobilima,https://olx.ba/shops/GamaTrade/aktivni
Joskic,Joskic doo,Gold,Usora,Zeničko-dobojski kanton,25,22,22,1,1,salon,prvi,,https://olx.ba/shops/Joskic/aktivni
RXGROUPDOO,RX GROUP D.O.O.,Gold,Usora,Zeničko-dobojski kanton,8,10,10,1,1,salon,prvi,,https://olx.ba/shops/RXGROUPDOO/aktivni
nikola_ivani,nikola_ivani,Platinum,Ustikolina,Bosansko-podrinjski kanton,0,0,0,0,18,neaktivan,prvi,,https://olx.ba/shops/nikola_ivani/aktivni
Mujo32145,Mujo32145,Gold,Ustikolina,Bosansko-podrinjski kanton,0,0,0,0,18,neaktivan,prvi,,https://olx.ba/shops/Mujo32145/aktivni
Slovabora123,Slovabora123,Gold,Ustikolina,Bosansko-podrinjski kanton,0,0,0,0,18,neaktivan,prvi,,https://olx.ba/shops/Slovabora123/aktivni
WhiteWolfBalkan,whitewolfbalkan,Gold,Vareš,Zeničko-dobojski kanton,60,2,0,0,18,nije_auto,prvi,shop_category_id nije 17 i histogram nema dominantnu kategoriju 928 (auto dijelovi); nema veze sa automobilima,https://olx.ba/shops/WhiteWolfBalkan/aktivni
ASROTO,Auto ROTO,Platinum,Velika Kladuša,Unsko-sanski kanton,11,5,5,1,1,salon,prvi,,https://olx.ba/shops/ASROTO/aktivni
Edin9880,Leon,Platinum,Velika Kladuša,Unsko-sanski kanton,0,0,0,0,18,neaktivan,prvi,,https://olx.ba/shops/Edin9880/aktivni
EpoxiDizajn,EpoxiDizajn,Platinum,Velika Kladuša,Unsko-sanski kanton,0,0,0,0,,neaktivan,prvi,,https://olx.ba/shops/EpoxiDizajn/aktivni
HMPremium,"HMPremium, Velika Kladuša, Mala Kladuša br. 69",Platinum,Velika Kladuša,Unsko-sanski kanton,33,36,36,1,1,salon,prvi,,https://olx.ba/shops/HMPremium/aktivni
Jasir12456,Kljajic 25,Platinum,Velika Kladuša,Unsko-sanski kanton,0,0,0,0,18,neaktivan,prvi,,https://olx.ba/shops/Jasir12456/aktivni
LATIC,AUTO LATIC d.o.o.,Platinum,Velika Kladuša,Unsko-sanski kanton,22,21,21,1,1,salon,prvi,,https://olx.ba/shops/LATIC/aktivni
Marmju,Muhammed,Platinum,Velika Kladuša,Unsko-sanski kanton,0,0,0,0,18,neaktivan,prvi,,https://olx.ba/shops/Marmju/aktivni
MravDoo,MravDoo,Platinum,Velika Kladuša,Unsko-sanski kanton,6175,6175,0,0,17,dijelovi,prvi,,https://olx.ba/shops/MravDoo/aktivni
pornstarsXXL,PORNSTARS,Platinum,Velika Kladuša,Unsko-sanski kanton,0,0,0,0,18,neaktivan,prvi,,https://olx.ba/shops/pornstarsXXL/aktivni
RS41,SABAHUDIN ROSIC,Platinum,Velika Kladuša,Unsko-sanski kanton,37,36,36,1,1,salon,prvi,,https://olx.ba/shops/RS41/aktivni
S_Tronic_Auto,S_Tronic_Auto,Platinum,Velika Kladuša,Unsko-sanski kanton,6891,6891,0,0,17,dijelovi,prvi,,https://olx.ba/shops/S_Tronic_Auto/aktivni
Automelka1,Automelka1,Gold,Velika Kladuša,Unsko-sanski kanton,17,17,17,1,1,salon,prvi,,https://olx.ba/shops/Automelka1/aktivni
autowal,autowal,Gold,Velika Kladuša,Unsko-sanski kanton,2,0,0,0,1,neaktivan,prvi,,https://olx.ba/shops/autowal/aktivni
cobra1111,Tarik,Gold,Velika Kladuša,Unsko-sanski kanton,1,0,0,0,18,neaktivan,prvi,,https://olx.ba/shops/cobra1111/aktivni
EJDEdoo,"""EJDE"" d.o.o. Velika Kladuša",Gold,Velika Kladuša,Unsko-sanski kanton,0,0,0,0,1,neaktivan,prvi,,https://olx.ba/shops/EJDEdoo/aktivni
ElektroDzanic,ELEKTRO-DŽANIĆ d.o.o,Gold,Velika Kladuša,Unsko-sanski kanton,1682,1618,0,0,18,nije_auto,prvi,shop_category_id nije 17 i histogram nema dominantnu kategoriju 928 (auto dijelovi); nema veze sa automobilima,https://olx.ba/shops/ElektroDzanic/aktivni
Elektron_VK,ELEKTRON - GROUP d.o.o.,Gold,Velika Kladuša,Unsko-sanski kanton,4,0,0,0,17,neaktivan,prvi,,https://olx.ba/shops/Elektron_VK/aktivni
kasum78,Jasmin kasumović,Gold,Velika Kladuša,Unsko-sanski kanton,0,0,0,0,18,neaktivan,prvi,,https://olx.ba/shops/kasum78/aktivni
Mevlad98,Edis cufurovic,Gold,Velika Kladuša,Unsko-sanski kanton,0,0,0,0,,neaktivan,prvi,,https://olx.ba/shops/Mevlad98/aktivni
poljoVK,JKUP Komunalije doo,Gold,Velika Kladuša,Unsko-sanski kanton,4,0,0,0,18,neaktivan,prvi,,https://olx.ba/shops/poljoVK/aktivni
RS_7,RS-TIM d.o.o.,Gold,Velika Kladuša,Unsko-sanski kanton,69,69,0,0,17,dijelovi,prvi,,https://olx.ba/shops/RS_7/aktivni
S_Tronic_Auto2,s tronic,Gold,Velika Kladuša,Unsko-sanski kanton,2,2,2,1,1,salon,prvi,,https://olx.ba/shops/S_Tronic_Auto2/aktivni
Sufuczf,Nenam pojma,Gold,Velika Kladuša,Unsko-sanski kanton,0,0,0,0,,neaktivan,prvi,,https://olx.ba/shops/Sufuczf/aktivni
tabakovic22,Tabakovic,Gold,Velika Kladuša,Unsko-sanski kanton,0,0,0,0,,neaktivan,prvi,,https://olx.ba/shops/tabakovic22/aktivni
vodovel_bazeni,Vodovel Bazeni doo,Gold,Velika Kladuša,Unsko-sanski kanton,90,90,0,0,18,nije_auto,prvi,shop_category_id nije 17 i histogram nema dominantnu kategoriju 928 (auto dijelovi); nema veze sa automobilima,https://olx.ba/shops/vodovel_bazeni/aktivni
ZlatarnaNajo,ZlatarnaNajo,Gold,Velika Kladuša,Unsko-sanski kanton,274,1,0,0,18,nije_auto,prvi,shop_category_id nije 17 i histogram nema dominantnu kategoriju 928 (auto dijelovi); nema veze sa automobilima,https://olx.ba/shops/ZlatarnaNajo/aktivni
zmajjj11,sabikntx,Gold,Velika Kladuša,Unsko-sanski kanton,0,0,0,0,,neaktivan,prvi,,https://olx.ba/shops/zmajjj11/aktivni
ALATI_BiH,Alati_BiH,Platinum,Višegrad,Regija Istočno Sarajevo,77,77,0,0,18,nije_auto,prvi,shop_category_id nije 17 i histogram nema dominantnu kategoriju 928 (auto dijelovi); nema veze sa automobilima,https://olx.ba/shops/ALATI_BiH/aktivni
KlikdoKupovine,Klikdokupovine,Gold,Višegrad,Regija Istočno Sarajevo,35,0,0,0,,neaktivan,prvi,,https://olx.ba/shops/KlikdoKupovine/aktivni
NamjestajZaVas,Namještaj za vas Višegrad,Gold,Višegrad,Regija Istočno Sarajevo,3814,0,0,0,18,neaktivan,prvi,,https://olx.ba/shops/NamjestajZaVas/aktivni
ACHAMEX,ACHAMEX,Platinum,Visoko,Zeničko-dobojski kanton,26,21,21,1,1,salon,prvi,,https://olx.ba/shops/ACHAMEX/aktivni
AutoRedd,AUTO-REDD d.o.o.,Platinum,Visoko,Zeničko-dobojski kanton,12,13,13,1,1,salon,prvi,,https://olx.ba/shops/AutoRedd/aktivni
danco_,DancoTradeDoo,Platinum,Visoko,Zeničko-dobojski kanton,0,0,0,0,,neaktivan,prvi,,https://olx.ba/shops/danco_/aktivni
DDauto,carobnjak,Platinum,Visoko,Zeničko-dobojski kanton,12,12,12,1,1,salon,prvi,,https://olx.ba/shops/DDauto/aktivni
empaticna,empaticna,Platinum,Visoko,Zeničko-dobojski kanton,0,0,0,0,,neaktivan,prvi,,https://olx.ba/shops/empaticna/aktivni
Frischeis,J.u.A.Frischeis d.o.o. Visoko,Platinum,Visoko,Zeničko-dobojski kanton,4,4,0,0,18,nije_auto,prvi,shop_category_id nije 17 i histogram nema dominantnu kategoriju 928 (auto dijelovi); nema veze sa automobilima,https://olx.ba/shops/Frischeis/aktivni
GamebyGame,GamersLand,Platinum,Visoko,Zeničko-dobojski kanton,0,0,0,0,,neaktivan,prvi,,https://olx.ba/shops/GamebyGame/aktivni
GRADIVA,Gradiva d.o.o.,Platinum,Visoko,Zeničko-dobojski kanton,0,0,0,0,2,neaktivan,prvi,,https://olx.ba/shops/GRADIVA/aktivni
jaleauto,TR JALE AUTO VLASNIK LEMES NUDZEJMA VISOKO,Platinum,Visoko,Zeničko-dobojski kanton,19,24,24,1,1,salon,prvi,,https://olx.ba/shops/jaleauto/aktivni
Lamija48,Ffffr,Platinum,Visoko,Zeničko-dobojski kanton,0,0,0,0,18,neaktivan,prvi,,https://olx.ba/shops/Lamija48/aktivni
Lite101,Lite101,Platinum,Visoko,Zeničko-dobojski kanton,0,0,0,0,18,neaktivan,prvi,,https://olx.ba/shops/Lite101/aktivni
LoginCars,LoginCars,Platinum,Visoko,Zeničko-dobojski kanton,20,20,20,1,1,salon,prvi,,https://olx.ba/shops/LoginCars/aktivni
mirabeldoo,MIRABEL DOO,Platinum,Visoko,Zeničko-dobojski kanton,29,29,29,1,1,salon,prvi,,https://olx.ba/shops/mirabeldoo/aktivni
vibeton,Vi-Beton,Platinum,Visoko,Zeničko-dobojski kanton,24,24,0,0,18,nije_auto,prvi,shop_category_id nije 17 i histogram nema dominantnu kategoriju 928 (auto dijelovi); nema veze sa automobilima,https://olx.ba/shops/vibeton/aktivni
AcADdoo,AC AD DOO,Gold,Visoko,Zeničko-dobojski kanton,14,14,14,1,1,salon,prvi,,https://olx.ba/shops/AcADdoo/aktivni
ACMirza,Amea4,Gold,Visoko,Zeničko-dobojski kanton,0,0,0,0,1,neaktivan,prvi,,https://olx.ba/shops/ACMirza/aktivni
Adnan5161,Adnan5161,Gold,Visoko,Zeničko-dobojski kanton,0,0,0,0,,neaktivan,prvi,,https://olx.ba/shops/Adnan5161/aktivni
AiB_mob,AiB_mob,Gold,Visoko,Zeničko-dobojski kanton,4,3,3,1,1,salon,prvi,,https://olx.ba/shops/AiB_mob/aktivni
Alpus,Alpus d.o.o,Gold,Visoko,Zeničko-dobojski kanton,13,11,0,0,18,nije_auto,prvi,shop_category_id nije 17 i histogram nema dominantnu kategoriju 928 (auto dijelovi); nema veze sa automobilima,https://olx.ba/shops/Alpus/aktivni
auto4you_ba,auto4you.ba,Gold,Visoko,Zeničko-dobojski kanton,4,0,0,0,17,neaktivan,prvi,,https://olx.ba/shops/auto4you_ba/aktivni
AutoLuxo,AUTO SALON HASANDIĆ,Gold,Visoko,Zeničko-dobojski kanton,4,4,4,1,1,salon,prvi,,https://olx.ba/shops/AutoLuxo/aktivni
Bajtaradoo,AUTO KUCA BAJTARA D.O O.,Gold,Visoko,Zeničko-dobojski kanton,14,13,13,1,1,salon,prvi,,https://olx.ba/shops/Bajtaradoo/aktivni
BerlijetaVisoko,Auto Centar Berlijeta Visoko,Gold,Visoko,Zeničko-dobojski kanton,45,46,46,1,1,salon,prvi,,https://olx.ba/shops/BerlijetaVisoko/aktivni
CNCWoodFantasy1,CNCWoodFantasy1,Gold,Visoko,Zeničko-dobojski kanton,4,4,0,0,18,nije_auto,prvi,shop_category_id nije 17 i histogram nema dominantnu kategoriju 928 (auto dijelovi); nema veze sa automobilima,https://olx.ba/shops/CNCWoodFantasy1/aktivni
Danin3874,Novo Sarajevo,Gold,Visoko,Zeničko-dobojski kanton,0,0,0,0,18,neaktivan,prvi,,https://olx.ba/shops/Danin3874/aktivni
Dinco_1,Dinco_1,Gold,Visoko,Zeničko-dobojski kanton,2,3,3,1,1,salon,prvi,,https://olx.ba/shops/Dinco_1/aktivni
DomPlus,EURO MATIC d.o.o. Visoko Donja Zimca broj 62,Gold,Visoko,Zeničko-dobojski kanton,276,275,0,0,18,nije_auto,prvi,shop_category_id nije 17 i histogram nema dominantnu kategoriju 928 (auto dijelovi); nema veze sa automobilima,https://olx.ba/shops/DomPlus/aktivni
DzakovacVisoko,DŽAKOVAC D.O.O.,Gold,Visoko,Zeničko-dobojski kanton,74,62,0,0,18,nije_auto,prvi,shop_category_id nije 17 i histogram nema dominantnu kategoriju 928 (auto dijelovi); nema veze sa automobilima,https://olx.ba/shops/DzakovacVisoko/aktivni
Engina,Engina,Gold,Visoko,Zeničko-dobojski kanton,0,0,0,0,18,neaktivan,prvi,,https://olx.ba/shops/Engina/aktivni
frki88,Frki88,Gold,Visoko,Zeničko-dobojski kanton,23,15,15,1,1,salon,prvi,,https://olx.ba/shops/frki88/aktivni
HarunLemes,HarunLemes,Gold,Visoko,Zeničko-dobojski kanton,0,0,0,0,,neaktivan,prvi,,https://olx.ba/shops/HarunLemes/aktivni
jasminl,Jasminl,Gold,Visoko,Zeničko-dobojski kanton,1,0,0,0,18,neaktivan,prvi,,https://olx.ba/shops/jasminl/aktivni
kafailsok,Kenan Kevrić,Gold,Visoko,Zeničko-dobojski kanton,0,0,0,0,18,neaktivan,prvi,,https://olx.ba/shops/kafailsok/aktivni
Maschinen_doo,MASCHINEN DOO,Gold,Visoko,Zeničko-dobojski kanton,3,3,0,0,18,nije_auto,prvi,shop_category_id nije 17 i histogram nema dominantnu kategoriju 928 (auto dijelovi); nema veze sa automobilima,https://olx.ba/shops/Maschinen_doo/aktivni
MotoShop_AD,MotoShop_AD,Gold,Visoko,Zeničko-dobojski kanton,35,0,0,0,17,neaktivan,prvi,,https://olx.ba/shops/MotoShop_AD/aktivni
Musinbeg_Komerc,Mušinbeg-Komerc d.o.o. VISOKO,Gold,Visoko,Zeničko-dobojski kanton,26,26,0,0,18,nije_auto,prvi,shop_category_id nije 17 i histogram nema dominantnu kategoriju 928 (auto dijelovi); nema veze sa automobilima,https://olx.ba/shops/Musinbeg_Komerc/aktivni
MuzuriCars,Muhamed_H,Gold,Visoko,Zeničko-dobojski kanton,4,4,4,1,1,salon,prvi,,https://olx.ba/shops/MuzuriCars/aktivni
No1Cars,Nedim Auto d.o.o.Visoko,Gold,Visoko,Zeničko-dobojski kanton,11,11,11,1,1,salon,prvi,,https://olx.ba/shops/No1Cars/aktivni
novi1984,BECIROVIC SABAHUDIN,Gold,Visoko,Zeničko-dobojski kanton,1,1,0,0,17,dijelovi,prvi,,https://olx.ba/shops/novi1984/aktivni
SabinMurtic122,Sabin Murtic,Gold,Visoko,Zeničko-dobojski kanton,0,0,0,0,18,neaktivan,prvi,,https://olx.ba/shops/SabinMurtic122/aktivni
safomerk,Automobili,Gold,Visoko,Zeničko-dobojski kanton,0,0,0,0,18,neaktivan,prvi,,https://olx.ba/shops/safomerk/aktivni
Semprom_doo,Semprom doo Visoko,Gold,Visoko,Zeničko-dobojski kanton,0,0,0,0,,neaktivan,prvi,,https://olx.ba/shops/Semprom_doo/aktivni
VELVOTRADE,VELVOTRADE,Gold,Visoko,Zeničko-dobojski kanton,2819,3152,0,0,17,dijelovi,prvi,,https://olx.ba/shops/VELVOTRADE/aktivni
ViSet,ViSet,Gold,Visoko,Zeničko-dobojski kanton,6,6,0,0,18,nije_auto,prvi,shop_category_id nije 17 i histogram nema dominantnu kategoriju 928 (auto dijelovi); nema veze sa automobilima,https://olx.ba/shops/ViSet/aktivni
AutocentarCMV,Autocentar CMV Vitez,Platinum,Vitez,Srednjobosanski kanton,11,11,10,0.9091,1,salon,prvi,,https://olx.ba/shops/AutocentarCMV/aktivni
ferropack,Ferro-pack d.o.o.,Platinum,Vitez,Srednjobosanski kanton,219,184,0,0,18,nije_auto,prvi,shop_category_id nije 17 i histogram nema dominantnu kategoriju 928 (auto dijelovi); nema veze sa automobilima,https://olx.ba/shops/ferropack/aktivni
FRJOdijelovi,Auto Kuća FR&JO d.o.o Vitez,Platinum,Vitez,Srednjobosanski kanton,18769,18770,0,0,17,dijelovi,prvi,,https://olx.ba/shops/FRJOdijelovi/aktivni
FRJOdoo,FR & JO d.o.o.,Platinum,Vitez,Srednjobosanski kanton,45,45,45,1,1,salon,prvi,,https://olx.ba/shops/FRJOdoo/aktivni
Kulenovic,KULENOVIC d.o.o,Platinum,Vitez,Srednjobosanski kanton,3,7,6,0.8333,1,salon,drugi,"Dublji uzorak (6) pokazuje udio vozila 0.8333, naslovi su modeli automobila.",https://olx.ba/shops/Kulenovic/aktivni
LUCIUSVitez,LUCIUS d.o.o.,Platinum,Vitez,Srednjobosanski kanton,690,690,0,0,18,nije_auto,prvi,shop_category_id nije 17 i histogram nema dominantnu kategoriju 928 (auto dijelovi); nema veze sa automobilima,https://olx.ba/shops/LUCIUSVitez/aktivni
LukovicTrade,LUKOVIC-TRADE,Platinum,Vitez,Srednjobosanski kanton,29,32,32,1,1,salon,prvi,,https://olx.ba/shops/LukovicTrade/aktivni
MarioCars,MarioCars,Platinum,Vitez,Srednjobosanski kanton,32,26,26,1,1,salon,prvi,,https://olx.ba/shops/MarioCars/aktivni
orix123,AUTOADMIR,Platinum,Vitez,Srednjobosanski kanton,7269,7204,0,0,17,dijelovi,prvi,,https://olx.ba/shops/orix123/aktivni
SwissMotors,Swiss Motors,Platinum,Vitez,Srednjobosanski kanton,19,20,20,1,1,salon,prvi,,https://olx.ba/shops/SwissMotors/aktivni
vlatkocalic,VLATKO FORD d.o.o.,Platinum,Vitez,Srednjobosanski kanton,1165,1165,0,0,17,dijelovi,prvi,,https://olx.ba/shops/vlatkocalic/aktivni
acovnak,OVNAK d.o.o. Vitez,Gold,Vitez,Srednjobosanski kanton,12,13,13,1,1,salon,prvi,,https://olx.ba/shops/acovnak/aktivni
acovnak2,acovnak2,Gold,Vitez,Srednjobosanski kanton,17,13,0,0,18,nije_auto,prvi,shop_category_id nije 17 i histogram nema dominantnu kategoriju 928 (auto dijelovi); nema veze sa automobilima,https://olx.ba/shops/acovnak2/aktivni
akcirko,CIRKO,Gold,Vitez,Srednjobosanski kanton,40,40,40,1,1,salon,prvi,,https://olx.ba/shops/akcirko/aktivni
akmatosevic,AUTO KUCA MATOSEVIC,Gold,Vitez,Srednjobosanski kanton,3,3,3,1,1,salon,prvi,,https://olx.ba/shops/akmatosevic/aktivni
AUTOOTPAD_LEJLA,AUTOOTPAD_LEJLA,Gold,Vitez,Srednjobosanski kanton,2260,2267,0,0,17,dijelovi,prvi,,https://olx.ba/shops/AUTOOTPAD_LEJLA/aktivni
autootpadtdi,TDI doo,Gold,Vitez,Srednjobosanski kanton,730,706,0,0,17,dijelovi,prvi,,https://olx.ba/shops/autootpadtdi/aktivni
Bocavitez,Boca Bike Shop,Gold,Vitez,Srednjobosanski kanton,279,281,82,0.3333,18,mjesovito,drugi,"Dublji uzorak (41) pokazuje udio vozila 0.2927, tezisno i vozila i dijelovi.",https://olx.ba/shops/Bocavitez/aktivni
Chinaboy,CHINABOY,Gold,Vitez,Srednjobosanski kanton,0,0,0,0,18,neaktivan,prvi,,https://olx.ba/shops/Chinaboy/aktivni
DeLLshop,DELLSHOP,Gold,Vitez,Srednjobosanski kanton,6653,6550,0,0,18,nije_auto,prvi,shop_category_id nije 17 i histogram nema dominantnu kategoriju 928 (auto dijelovi); nema veze sa automobilima,https://olx.ba/shops/DeLLshop/aktivni
EUROAUTO,EURO-AUTO DOO,Gold,Vitez,Srednjobosanski kanton,25,25,25,1,1,salon,prvi,,https://olx.ba/shops/EUROAUTO/aktivni
fisherman12a,Neznam,Gold,Vitez,Srednjobosanski kanton,0,0,0,0,,neaktivan,prvi,,https://olx.ba/shops/fisherman12a/aktivni
IMITION,Prodaja kupovina,Gold,Vitez,Srednjobosanski kanton,0,0,0,0,18,neaktivan,prvi,,https://olx.ba/shops/IMITION/aktivni
KAMIKAZAC,GALAK-TRANS d.o.o.,Gold,Vitez,Srednjobosanski kanton,7,7,0,0,18,nije_auto,prvi,shop_category_id nije 17 i histogram nema dominantnu kategoriju 928 (auto dijelovi); nema veze sa automobilima,https://olx.ba/shops/KAMIKAZAC/aktivni
KING_QUAD_SHOP,ATV_dijelovi_shop,Gold,Vitez,Srednjobosanski kanton,1359,1263,0,0,17,dijelovi,prvi,,https://olx.ba/shops/KING_QUAD_SHOP/aktivni
MariiooKxxx,MariiooKxxx,Gold,Vitez,Srednjobosanski kanton,0,0,0,0,18,neaktivan,prvi,,https://olx.ba/shops/MariiooKxxx/aktivni
Mizdak_BA,Mizdak_BA,Gold,Vitez,Srednjobosanski kanton,0,0,0,0,,neaktivan,prvi,,https://olx.ba/shops/Mizdak_BA/aktivni
OtpadDjidic,"Auto otpad ,,ĐIDIC''",Gold,Vitez,Srednjobosanski kanton,3053,3012,0,0,17,dijelovi,prvi,,https://olx.ba/shops/OtpadDjidic/aktivni
Plavcic1,PLAVCIC AUTO OTPAD,Gold,Vitez,Srednjobosanski kanton,861,855,0,0,17,dijelovi,prvi,,https://olx.ba/shops/Plavcic1/aktivni
SARAJ_GROUP,ORAŠAR,Gold,Vitez,Srednjobosanski kanton,77,76,0,0,18,nije_auto,prvi,shop_category_id nije 17 i histogram nema dominantnu kategoriju 928 (auto dijelovi); nema veze sa automobilima,https://olx.ba/shops/SARAJ_GROUP/aktivni
shabbat,Shabbat,Gold,Vitez,Srednjobosanski kanton,0,0,0,0,18,neaktivan,prvi,,https://olx.ba/shops/shabbat/aktivni
SOFAVitez,SOFA MM,Gold,Vitez,Srednjobosanski kanton,951,951,0,0,17,dijelovi,prvi,,https://olx.ba/shops/SOFAVitez/aktivni
spektarv,Spektar d.o.o. Vitez,Gold,Vitez,Srednjobosanski kanton,183,175,0,0,18,nije_auto,prvi,shop_category_id nije 17 i histogram nema dominantnu kategoriju 928 (auto dijelovi); nema veze sa automobilima,https://olx.ba/shops/spektarv/aktivni
StabilAuto,Stabil Auto D.O.O,Gold,Vitez,Srednjobosanski kanton,15,15,15,1,1,salon,prvi,,https://olx.ba/shops/StabilAuto/aktivni
svijetgrijanja,Svijet Grijanja BiH,Gold,Vitez,Srednjobosanski kanton,108,98,0,0,18,nije_auto,prvi,shop_category_id nije 17 i histogram nema dominantnu kategoriju 928 (auto dijelovi); nema veze sa automobilima,https://olx.ba/shops/svijetgrijanja/aktivni
Fifamobile123,Fifamobile123,Platinum,Vlasenica,Regija Bijeljina,0,0,0,0,18,neaktivan,prvi,,https://olx.ba/shops/Fifamobile123/aktivni
njego11221122,Ganser,Gold,Vlasenica,Regija Bijeljina,0,0,0,0,18,neaktivan,prvi,,https://olx.ba/shops/njego11221122/aktivni
ACPREMIUM,Auto Centar Premium,Platinum,Vogošća,Kanton Sarajevo,16,17,17,1,1,salon,prvi,,https://olx.ba/shops/ACPREMIUM/aktivni
AUTOSALONVALTER,Eurocentar d.o.o.,Platinum,Vogošća,Kanton Sarajevo,0,0,0,0,18,neaktivan,prvi,,https://olx.ba/shops/AUTOSALONVALTER/aktivni
dr_electronic,Electronic Center,Platinum,Vogošća,Kanton Sarajevo,5747,5746,0,0,18,nije_auto,prvi,shop_category_id nije 17 i histogram nema dominantnu kategoriju 928 (auto dijelovi); nema veze sa automobilima,https://olx.ba/shops/dr_electronic/aktivni
Dzenoo4,Dzenoo4,Platinum,Vogošća,Kanton Sarajevo,20,18,18,1,1,salon,prvi,,https://olx.ba/shops/Dzenoo4/aktivni
ECV_doo,Electronic Centar Vogošća,Platinum,Vogošća,Kanton Sarajevo,2472,2471,0,0,18,nije_auto,prvi,shop_category_id nije 17 i histogram nema dominantnu kategoriju 928 (auto dijelovi); nema veze sa automobilima,https://olx.ba/shops/ECV_doo/aktivni
eurocentar,Eurocentar,Platinum,Vogošća,Kanton Sarajevo,129,118,112,0.9524,1,salon,prvi,,https://olx.ba/shops/eurocentar/aktivni
F_LINE,F.LINE d.o.o.,Platinum,Vogošća,Kanton Sarajevo,30,28,28,1,1,salon,prvi,,https://olx.ba/shops/F_LINE/aktivni
HIFA_PETROL,HIFA-PETROL d.o.o.,Platinum,Vogošća,Kanton Sarajevo,20,14,0,0,18,nije_auto,prvi,shop_category_id nije 17 i histogram nema dominantnu kategoriju 928 (auto dijelovi); nema veze sa automobilima,https://olx.ba/shops/HIFA_PETROL/aktivni
jupa,AC JUPA,Platinum,Vogošća,Kanton Sarajevo,16,16,16,1,1,salon,prvi,,https://olx.ba/shops/jupa/aktivni
Medimpex,Medimpex d.o.o. Sarajevo,Platinum,Vogošća,Kanton Sarajevo,272,271,0,0,18,nije_auto,prvi,shop_category_id nije 17 i histogram nema dominantnu kategoriju 928 (auto dijelovi); nema veze sa automobilima,https://olx.ba/shops/Medimpex/aktivni
oraovog,Tr. Mirso,Platinum,Vogošća,Kanton Sarajevo,3,0,0,0,17,neaktivan,prvi,,https://olx.ba/shops/oraovog/aktivni
Penny_Plus,Penny plus d.o.o. Sarajevo,Platinum,Vogošća,Kanton Sarajevo,0,0,0,0,,neaktivan,prvi,,https://olx.ba/shops/Penny_Plus/aktivni
pennyauta,pennyauta,Platinum,Vogošća,Kanton Sarajevo,0,0,0,0,1,neaktivan,prvi,,https://olx.ba/shops/pennyauta/aktivni
pennynekretnine,pennynekretnine,Platinum,Vogošća,Kanton Sarajevo,2,2,0,0,2,nije_auto,prvi,shop_category_id nije 17 i histogram nema dominantnu kategoriju 928 (auto dijelovi); nema veze sa automobilima,https://olx.ba/shops/pennynekretnine/aktivni
pennyshop,PENNYshop by PENNYplus,Platinum,Vogošća,Kanton Sarajevo,30056,30038,0,0,18,nije_auto,prvi,shop_category_id nije 17 i histogram nema dominantnu kategoriju 928 (auto dijelovi); nema veze sa automobilima,https://olx.ba/shops/pennyshop/aktivni
pennyvozila,pennyvozila,Platinum,Vogošća,Kanton Sarajevo,5,3,3,1,1,salon,prvi,,https://olx.ba/shops/pennyvozila/aktivni
Q_CENTAR,Q-Centar d.o.o.,Platinum,Vogošća,Kanton Sarajevo,3386,2257,0,0,17,dijelovi,prvi,,https://olx.ba/shops/Q_CENTAR/aktivni
salosevicdoo,SALOŠEVIĆ COMPANY DOO,Platinum,Vogošća,Kanton Sarajevo,17,17,17,1,1,salon,prvi,,https://olx.ba/shops/salosevicdoo/aktivni
SuperStore,SuperStore,Platinum,Vogošća,Kanton Sarajevo,5727,5406,0,0,18,nije_auto,prvi,shop_category_id nije 17 i histogram nema dominantnu kategoriju 928 (auto dijelovi); nema veze sa automobilima,https://olx.ba/shops/SuperStore/aktivni
TOYOTAviljuskari,TOYOTA viljuškari,Platinum,Vogošća,Kanton Sarajevo,64,64,0,0,18,nije_auto,prvi,shop_category_id nije 17 i histogram nema dominantnu kategoriju 928 (auto dijelovi); nema veze sa automobilima,https://olx.ba/shops/TOYOTAviljuskari/aktivni
vog6,vog6,Platinum,Vogošća,Kanton Sarajevo,4,4,4,1,1,salon,prvi,,https://olx.ba/shops/vog6/aktivni
Adi_Ad,DAIDA doo,Gold,Vogošća,Kanton Sarajevo,754,752,0,0,18,nije_auto,prvi,shop_category_id nije 17 i histogram nema dominantnu kategoriju 928 (auto dijelovi); nema veze sa automobilima,https://olx.ba/shops/Adi_Ad/aktivni
Aid1o9,Aid_1o9,Gold,Vogošća,Kanton Sarajevo,0,0,0,0,,neaktivan,prvi,,https://olx.ba/shops/Aid1o9/aktivni
ApexAuto,Apex Auto d.o.o. - apexauto.ba,Gold,Vogošća,Kanton Sarajevo,223,217,0,0,17,dijelovi,prvi,,https://olx.ba/shops/ApexAuto/aktivni
ASTehnoMarket,TR AS TehnoMarket,Gold,Vogošća,Kanton Sarajevo,596,590,0,0,18,nije_auto,prvi,shop_category_id nije 17 i histogram nema dominantnu kategoriju 928 (auto dijelovi); nema veze sa automobilima,https://olx.ba/shops/ASTehnoMarket/aktivni
BalkanWeld,BalkanWeld,Gold,Vogošća,Kanton Sarajevo,0,0,0,0,18,neaktivan,prvi,,https://olx.ba/shops/BalkanWeld/aktivni
BEST_BUY13,BEST_BUY13,Gold,Vogošća,Kanton Sarajevo,0,0,0,0,18,neaktivan,prvi,,https://olx.ba/shops/BEST_BUY13/aktivni
cnccentar,CNC Centar,Gold,Vogošća,Kanton Sarajevo,685,622,0,0,18,nije_auto,prvi,shop_category_id nije 17 i histogram nema dominantnu kategoriju 928 (auto dijelovi); nema veze sa automobilima,https://olx.ba/shops/cnccentar/aktivni
Danin_Daco,Daco,Gold,Vogošća,Kanton Sarajevo,0,0,0,0,18,neaktivan,prvi,,https://olx.ba/shops/Danin_Daco/aktivni
digital_shop,digital_shop,Gold,Vogošća,Kanton Sarajevo,0,0,0,0,18,neaktivan,prvi,,https://olx.ba/shops/digital_shop/aktivni
dok_b,euautos,Gold,Vogošća,Kanton Sarajevo,0,1,1,1,1,salon,prvi,,https://olx.ba/shops/dok_b/aktivni
EdnilSarajevo,SEGWAYquad,Gold,Vogošća,Kanton Sarajevo,0,0,0,0,,neaktivan,prvi,,https://olx.ba/shops/EdnilSarajevo/aktivni
ernes_bole,OLX,Gold,Vogošća,Kanton Sarajevo,0,0,0,0,18,neaktivan,prvi,,https://olx.ba/shops/ernes_bole/aktivni
GastroHem,GastroHem,Gold,Vogošća,Kanton Sarajevo,767,0,0,0,18,neaktivan,prvi,,https://olx.ba/shops/GastroHem/aktivni
Kamer,Karcher Center Kamer Commerce,Gold,Vogošća,Kanton Sarajevo,170,169,0,0,18,nije_auto,prvi,shop_category_id nije 17 i histogram nema dominantnu kategoriju 928 (auto dijelovi); nema veze sa automobilima,https://olx.ba/shops/Kamer/aktivni
komel_doo,Komel doo,Gold,Vogošća,Kanton Sarajevo,2726,2691,0,0,17,dijelovi,prvi,,https://olx.ba/shops/komel_doo/aktivni
losedramaticno,GTECH,Gold,Vogošća,Kanton Sarajevo,0,0,0,0,,neaktivan,prvi,,https://olx.ba/shops/losedramaticno/aktivni
Luisamigo,SEMIKEM,Gold,Vogošća,Kanton Sarajevo,0,0,0,0,18,neaktivan,prvi,,https://olx.ba/shops/Luisamigo/aktivni
Mxconstruct,Mxconstruct,Gold,Vogošća,Kanton Sarajevo,7,0,0,0,1,neaktivan,prvi,,https://olx.ba/shops/Mxconstruct/aktivni
OnlineGume,OnlineGume,Gold,Vogošća,Kanton Sarajevo,0,0,0,0,,neaktivan,prvi,,https://olx.ba/shops/OnlineGume/aktivni
STARlineVogosca,STARlineVogosca,Gold,Vogošća,Kanton Sarajevo,23,3,0,0,18,nije_auto,prvi,shop_category_id nije 17 i histogram nema dominantnu kategoriju 928 (auto dijelovi); nema veze sa automobilima,https://olx.ba/shops/STARlineVogosca/aktivni
STFpro,STFpro,Gold,Vogošća,Kanton Sarajevo,1,1,1,1,1,salon,prvi,,https://olx.ba/shops/STFpro/aktivni
Suprimdoo,SUPRIM NEKRETNINE,Gold,Vogošća,Kanton Sarajevo,7,7,0,0,2,nije_auto,prvi,shop_category_id nije 17 i histogram nema dominantnu kategoriju 928 (auto dijelovi); nema veze sa automobilima,https://olx.ba/shops/Suprimdoo/aktivni
TEHNOWOOD,RPO PROTECTION d.o.o.,Gold,Vogošća,Kanton Sarajevo,39,37,0,0,18,nije_auto,prvi,shop_category_id nije 17 i histogram nema dominantnu kategoriju 928 (auto dijelovi); nema veze sa automobilima,https://olx.ba/shops/TEHNOWOOD/aktivni
turbocentar,Autohladnjak Gabeljić d.o.o,Gold,Vogošća,Kanton Sarajevo,3198,3198,0,0,17,dijelovi,prvi,,https://olx.ba/shops/turbocentar/aktivni
Tuzinjac,Tuzinjac,Gold,Vogošća,Kanton Sarajevo,11,11,11,1,1,salon,prvi,,https://olx.ba/shops/Tuzinjac/aktivni
viljuskariBosna,viljuskariVogosca,Gold,Vogošća,Kanton Sarajevo,0,0,0,0,18,neaktivan,prvi,,https://olx.ba/shops/viljuskariBosna/aktivni
YilmazBH,RPO PROTECTION d.o.o.,Gold,Vogošća,Kanton Sarajevo,92,92,0,0,18,nije_auto,prvi,shop_category_id nije 17 i histogram nema dominantnu kategoriju 928 (auto dijelovi); nema veze sa automobilima,https://olx.ba/shops/YilmazBH/aktivni
zijad_seh,zijad_seh,Gold,Vogošća,Kanton Sarajevo,2,2,2,1,1,salon,prvi,,https://olx.ba/shops/zijad_seh/aktivni
Adinmex,Andoamdkankalikin,Platinum,Zavidovići,Zeničko-dobojski kanton,0,0,0,0,18,neaktivan,prvi,,https://olx.ba/shops/Adinmex/aktivni
BiHklik,MOTORSPORT GARAGE,Platinum,Zavidovići,Zeničko-dobojski kanton,0,0,0,0,18,neaktivan,prvi,,https://olx.ba/shops/BiHklik/aktivni
Drvnicentar,Zveka_Shop,Platinum,Zavidovići,Zeničko-dobojski kanton,790,789,0,0,18,nije_auto,prvi,shop_category_id nije 17 i histogram nema dominantnu kategoriju 928 (auto dijelovi); nema veze sa automobilima,https://olx.ba/shops/Drvnicentar/aktivni
EMIR_ABD,Hsvwvwcs,Platinum,Zavidovići,Zeničko-dobojski kanton,0,0,0,0,18,neaktivan,prvi,,https://olx.ba/shops/EMIR_ABD/aktivni
nakitiinajs,nakitiinajs,Platinum,Zavidovići,Zeničko-dobojski kanton,0,0,0,0,,neaktivan,prvi,,https://olx.ba/shops/nakitiinajs/aktivni
nidalola,Nidall,Platinum,Zavidovići,Zeničko-dobojski kanton,0,0,0,0,2,neaktivan,prvi,,https://olx.ba/shops/nidalola/aktivni
quattro_AO,AUTO CENTAR MATRIX DOO,Platinum,Zavidovići,Zeničko-dobojski kanton,0,0,0,0,18,neaktivan,prvi,,https://olx.ba/shops/quattro_AO/aktivni
TuningShop123,Autotuning,Platinum,Zavidovići,Zeničko-dobojski kanton,46,4,0,0,17,dijelovi,prvi,,https://olx.ba/shops/TuningShop123/aktivni
AC_MATRIX_DOO,AUTO CENTAR MATRIX d.o.o. Zavidovici,Gold,Zavidovići,Zeničko-dobojski kanton,17,17,17,1,1,salon,prvi,,https://olx.ba/shops/AC_MATRIX_DOO/aktivni
AMRkl,peradarstvo,Gold,Zavidovići,Zeničko-dobojski kanton,0,0,0,0,18,neaktivan,prvi,,https://olx.ba/shops/AMRkl/aktivni
anes_sehic123,Anessehic,Gold,Zavidovići,Zeničko-dobojski kanton,0,0,0,0,18,neaktivan,prvi,,https://olx.ba/shops/anes_sehic123/aktivni
Audim7,AUTO CENTAR DIA d.o.o. Zavidovici,Gold,Zavidovići,Zeničko-dobojski kanton,7,6,6,1,1,salon,prvi,,https://olx.ba/shops/Audim7/aktivni
azemselma12,Azemselma12,Gold,Zavidovići,Zeničko-dobojski kanton,0,0,0,0,,neaktivan,prvi,,https://olx.ba/shops/azemselma12/aktivni
BNFabo,BN TRANSPORT =FABO,Gold,Zavidovići,Zeničko-dobojski kanton,0,0,0,0,18,neaktivan,prvi,,https://olx.ba/shops/BNFabo/aktivni
EmilyKozmetika,Emily Parfimerija,Gold,Zavidovići,Zeničko-dobojski kanton,0,0,0,0,18,neaktivan,prvi,,https://olx.ba/shops/EmilyKozmetika/aktivni
haljine74,HALJINE ABAIJE PO NARUDZBI,Gold,Zavidovići,Zeničko-dobojski kanton,0,0,0,0,18,neaktivan,prvi,,https://olx.ba/shops/haljine74/aktivni
JasminIsic,JasminIsic,Gold,Zavidovići,Zeničko-dobojski kanton,519,192,0,0,17,dijelovi,prvi,,https://olx.ba/shops/JasminIsic/aktivni
kemiko,Prodajja,Gold,Zavidovići,Zeničko-dobojski kanton,0,0,0,0,18,neaktivan,prvi,,https://olx.ba/shops/kemiko/aktivni
Neda99_nrg,nedimking9,Gold,Zavidovići,Zeničko-dobojski kanton,0,0,0,0,18,neaktivan,prvi,,https://olx.ba/shops/Neda99_nrg/aktivni
nermin2435,Nermim2245,Gold,Zavidovići,Zeničko-dobojski kanton,0,0,0,0,18,neaktivan,prvi,,https://olx.ba/shops/nermin2435/aktivni
tehnik,mtech1,Gold,Zavidovići,Zeničko-dobojski kanton,11,10,0,0,18,nije_auto,prvi,shop_category_id nije 17 i histogram nema dominantnu kategoriju 928 (auto dijelovi); nema veze sa automobilima,https://olx.ba/shops/tehnik/aktivni
televizor__,Televizor 01,Gold,Zavidovići,Zeničko-dobojski kanton,0,0,0,0,18,neaktivan,prvi,,https://olx.ba/shops/televizor__/aktivni
yamsaki500,prodaja,Gold,Zavidovići,Zeničko-dobojski kanton,0,0,0,0,18,neaktivan,prvi,,https://olx.ba/shops/yamsaki500/aktivni
ajdin_121trr,Hudakompani,Platinum,Zenica,Zeničko-dobojski kanton,0,0,0,0,18,neaktivan,prvi,,https://olx.ba/shops/ajdin_121trr/aktivni
AjDiN_Et00,Nezanam,Platinum,Zenica,Zeničko-dobojski kanton,0,0,0,0,18,neaktivan,prvi,,https://olx.ba/shops/AjDiN_Et00/aktivni
Ajdin23_et,Hudakompani,Platinum,Zenica,Zeničko-dobojski kanton,0,0,0,0,18,neaktivan,prvi,,https://olx.ba/shops/Ajdin23_et/aktivni
Ajdin23_yyy,Hudakompani,Platinum,Zenica,Zeničko-dobojski kanton,10,0,0,0,18,neaktivan,prvi,,https://olx.ba/shops/Ajdin23_yyy/aktivni
AlicSped,ALIĆ ŠPED d.o.o. Zenica,Platinum,Zenica,Zeničko-dobojski kanton,53,46,46,1,1,salon,prvi,,https://olx.ba/shops/AlicSped/aktivni
Anes5689,Anes,Platinum,Zenica,Zeničko-dobojski kanton,0,0,0,0,18,neaktivan,prvi,,https://olx.ba/shops/Anes5689/aktivni
AsCarGroupDoo,AsCarGroupDoo,Platinum,Zenica,Zeničko-dobojski kanton,44,38,38,1,1,salon,prvi,,https://olx.ba/shops/AsCarGroupDoo/aktivni
AutoKobic,Kobic doo Zenica,Platinum,Zenica,Zeničko-dobojski kanton,23,23,21,0.9,1,salon,prvi,,https://olx.ba/shops/AutoKobic/aktivni
AutoShopRedline,redLinezenica,Platinum,Zenica,Zeničko-dobojski kanton,674,673,0,0,17,dijelovi,prvi,,https://olx.ba/shops/AutoShopRedline/aktivni
AutoTarget,TARGET SERVIS CENTAR d.o.o.ZENICA,Platinum,Zenica,Zeničko-dobojski kanton,313063,312976,0,0,17,dijelovi,prvi,,https://olx.ba/shops/AutoTarget/aktivni
BiH_1shopZenica,BiH_1shopZenica,Platinum,Zenica,Zeničko-dobojski kanton,0,0,0,0,18,neaktivan,prvi,,https://olx.ba/shops/BiH_1shopZenica/aktivni
BIHhome,BIHHOME Nekretnine,Platinum,Zenica,Zeničko-dobojski kanton,61,55,0,0,2,nije_auto,prvi,shop_category_id nije 17 i histogram nema dominantnu kategoriju 928 (auto dijelovi); nema veze sa automobilima,https://olx.ba/shops/BIHhome/aktivni
BMT_Trade,BMT Trade d.o.o. Zenica,Platinum,Zenica,Zeničko-dobojski kanton,6,5,5,1,1,salon,prvi,,https://olx.ba/shops/BMT_Trade/aktivni
BONUSZENICA,BONUS NEKRETNINE,Platinum,Zenica,Zeničko-dobojski kanton,72,67,0,0,2,nije_auto,prvi,shop_category_id nije 17 i histogram nema dominantnu kategoriju 928 (auto dijelovi); nema veze sa automobilima,https://olx.ba/shops/BONUSZENICA/aktivni
bosnasped,Bosna-šped d.o.o,Platinum,Zenica,Zeničko-dobojski kanton,21,20,20,1,1,salon,prvi,,https://olx.ba/shops/bosnasped/aktivni
Bubodoo,Bubo.ba,Platinum,Zenica,Zeničko-dobojski kanton,3255,3255,0,0,18,nije_auto,prvi,shop_category_id nije 17 i histogram nema dominantnu kategoriju 928 (auto dijelovi); nema veze sa automobilima,https://olx.ba/shops/Bubodoo/aktivni
CHAUTOdoo,CH AUTO d.o.o. prodaja vozila,Platinum,Zenica,Zeničko-dobojski kanton,50,50,50,1,1,salon,prvi,,https://olx.ba/shops/CHAUTOdoo/aktivni
DEAautocentar,DEAautocentar,Platinum,Zenica,Zeničko-dobojski kanton,68,49,45,0.9091,1,salon,prvi,,https://olx.ba/shops/DEAautocentar/aktivni
Drmirso______,Drmirso______,Platinum,Zenica,Zeničko-dobojski kanton,0,0,0,0,18,neaktivan,prvi,,https://olx.ba/shops/Drmirso______/aktivni
DSCAR,DSCAR,Platinum,Zenica,Zeničko-dobojski kanton,15,14,11,0.7857,1,salon,drugi,"Dublji uzorak (14) pokazuje udio vozila 0.7857, naslovi su modeli automobila.",https://olx.ba/shops/DSCAR/aktivni
Ednan80,Ednan80,Platinum,Zenica,Zeničko-dobojski kanton,1,0,0,0,18,neaktivan,prvi,,https://olx.ba/shops/Ednan80/aktivni
ELVO_doo,ELVO_doo,Platinum,Zenica,Zeničko-dobojski kanton,3283,2105,0,0,18,nije_auto,prvi,shop_category_id nije 17 i histogram nema dominantnu kategoriju 928 (auto dijelovi); nema veze sa automobilima,https://olx.ba/shops/ELVO_doo/aktivni
Ernan0090,Ernan,Platinum,Zenica,Zeničko-dobojski kanton,2,0,0,0,18,neaktivan,prvi,,https://olx.ba/shops/Ernan0090/aktivni
Eurobrand,Eurobrand computers,Platinum,Zenica,Zeničko-dobojski kanton,446,447,0,0,18,nije_auto,prvi,shop_category_id nije 17 i histogram nema dominantnu kategoriju 928 (auto dijelovi); nema veze sa automobilima,https://olx.ba/shops/Eurobrand/aktivni
Expert,Comp-Expert d.o.o. Zenica,Platinum,Zenica,Zeničko-dobojski kanton,3016,2713,0,0,18,nije_auto,prvi,shop_category_id nije 17 i histogram nema dominantnu kategoriju 928 (auto dijelovi); nema veze sa automobilima,https://olx.ba/shops/Expert/aktivni
Ferrum,Ferrum Auto,Platinum,Zenica,Zeničko-dobojski kanton,21,21,21,1,1,salon,prvi,,https://olx.ba/shops/Ferrum/aktivni
Gearspot,Gearspot,Platinum,Zenica,Zeničko-dobojski kanton,72,71,71,1,1,salon,prvi,,https://olx.ba/shops/Gearspot/aktivni
GoldenHome,Golden Home,Platinum,Zenica,Zeničko-dobojski kanton,53,55,0,0,2,nije_auto,prvi,shop_category_id nije 17 i histogram nema dominantnu kategoriju 928 (auto dijelovi); nema veze sa automobilima,https://olx.ba/shops/GoldenHome/aktivni
Mobishop,Mobishop.ba,Platinum,Zenica,Zeničko-dobojski kanton,2247,2274,0,0,18,nije_auto,prvi,shop_category_id nije 17 i histogram nema dominantnu kategoriju 928 (auto dijelovi); nema veze sa automobilima,https://olx.ba/shops/Mobishop/aktivni
mogusugi0gi,Kamagra balkan,Platinum,Zenica,Zeničko-dobojski kanton,0,0,0,0,18,neaktivan,prvi,,https://olx.ba/shops/mogusugi0gi/aktivni
Mubina_avdickkk,Mubina_avdickkk,Platinum,Zenica,Zeničko-dobojski kanton,0,0,0,0,18,neaktivan,prvi,,https://olx.ba/shops/Mubina_avdickkk/aktivni
muujci10tpp40,ONLINE SEX SHOP,Platinum,Zenica,Zeničko-dobojski kanton,1,0,0,0,18,neaktivan,prvi,,https://olx.ba/shops/muujci10tpp40/aktivni
NCarsZenica,N_Cars Zenica,Platinum,Zenica,Zeničko-dobojski kanton,16,15,15,1,1,salon,prvi,,https://olx.ba/shops/NCarsZenica/aktivni
nekretnineflash,Nekretnine FLASH,Platinum,Zenica,Zeničko-dobojski kanton,24,22,0,0,2,nije_auto,prvi,shop_category_id nije 17 i histogram nema dominantnu kategoriju 928 (auto dijelovi); nema veze sa automobilima,https://olx.ba/shops/nekretnineflash/aktivni
NETdoo,NET doo,Platinum,Zenica,Zeničko-dobojski kanton,3419,3420,0,0,18,nije_auto,prvi,shop_category_id nije 17 i histogram nema dominantnu kategoriju 928 (auto dijelovi); nema veze sa automobilima,https://olx.ba/shops/NETdoo/aktivni
sabiccc332,sabiccc332,Platinum,Zenica,Zeničko-dobojski kanton,0,0,0,0,18,neaktivan,prvi,,https://olx.ba/shops/sabiccc332/aktivni
Samteh,Sm,Platinum,Zenica,Zeničko-dobojski kanton,0,0,0,0,18,neaktivan,prvi,,https://olx.ba/shops/Samteh/aktivni
Sasa_12345,prodaja,Platinum,Zenica,Zeničko-dobojski kanton,0,0,0,0,18,neaktivan,prvi,,https://olx.ba/shops/Sasa_12345/aktivni
Semin_avdic,Semin_avdic,Platinum,Zenica,Zeničko-dobojski kanton,0,0,0,0,18,neaktivan,prvi,,https://olx.ba/shops/Semin_avdic/aktivni
Semin_avdic1234,Semin_avdic1234,Platinum,Zenica,Zeničko-dobojski kanton,0,0,0,0,18,neaktivan,prvi,,https://olx.ba/shops/Semin_avdic1234/aktivni
SEND_doo,SEND_doo,Platinum,Zenica,Zeničko-dobojski kanton,0,0,0,0,18,neaktivan,prvi,,https://olx.ba/shops/SEND_doo/aktivni
SENTdoo,SENTdoo,Platinum,Zenica,Zeničko-dobojski kanton,445,383,0,0,18,nije_auto,prvi,shop_category_id nije 17 i histogram nema dominantnu kategoriju 928 (auto dijelovi); nema veze sa automobilima,https://olx.ba/shops/SENTdoo/aktivni
SuperShop,SuperShop online trgovina,Platinum,Zenica,Zeničko-dobojski kanton,3862,4088,0,0,18,nije_auto,prvi,shop_category_id nije 17 i histogram nema dominantnu kategoriju 928 (auto dijelovi); nema veze sa automobilima,https://olx.ba/shops/SuperShop/aktivni
TehMarket,TehMarket,Platinum,Zenica,Zeničko-dobojski kanton,8150,8149,0,0,18,nije_auto,prvi,shop_category_id nije 17 i histogram nema dominantnu kategoriju 928 (auto dijelovi); nema veze sa automobilima,https://olx.ba/shops/TehMarket/aktivni
Tehnomania,Startech d.o.o,Platinum,Zenica,Zeničko-dobojski kanton,1333,1333,0,0,18,nije_auto,prvi,shop_category_id nije 17 i histogram nema dominantnu kategoriju 928 (auto dijelovi); nema veze sa automobilima,https://olx.ba/shops/Tehnomania/aktivni
tehnoshopa,tehnoshopa,Platinum,Zenica,Zeničko-dobojski kanton,3458,3720,0,0,18,nije_auto,prvi,shop_category_id nije 17 i histogram nema dominantnu kategoriju 928 (auto dijelovi); nema veze sa automobilima,https://olx.ba/shops/tehnoshopa/aktivni
Tejmur,Tejmru,Platinum,Zenica,Zeničko-dobojski kanton,5,0,0,0,18,neaktivan,prvi,,https://olx.ba/shops/Tejmur/aktivni
Testxyz,Testxyz,Platinum,Zenica,Zeničko-dobojski kanton,0,0,0,0,2,neaktivan,prvi,,https://olx.ba/shops/Testxyz/aktivni
turbina_ba,turbina_ba,Platinum,Zenica,Zeničko-dobojski kanton,68,68,0,0,17,dijelovi,prvi,,https://olx.ba/shops/turbina_ba/aktivni
WagenGroup,PRODAJA AUTO DIJELOVA,Platinum,Zenica,Zeničko-dobojski kanton,19978,20024,0,0,17,dijelovi,prvi,,https://olx.ba/shops/WagenGroup/aktivni
Zenica_Tech,Zenica_Tech,Platinum,Zenica,Zeničko-dobojski kanton,4267,0,0,0,,neaktivan,prvi,,https://olx.ba/shops/Zenica_Tech/aktivni
adelstupar,Ildabih,Gold,Zenica,Zeničko-dobojski kanton,0,0,0,0,18,neaktivan,prvi,,https://olx.ba/shops/adelstupar/aktivni
ahmedinilma,AIG,Gold,Zenica,Zeničko-dobojski kanton,3,0,0,0,,neaktivan,prvi,,https://olx.ba/shops/ahmedinilma/aktivni
ajdin099_yy,Hudakompani,Gold,Zenica,Zeničko-dobojski kanton,0,0,0,0,18,neaktivan,prvi,,https://olx.ba/shops/ajdin099_yy/aktivni
Alija66884,Alija66884,Gold,Zenica,Zeničko-dobojski kanton,0,0,0,0,,neaktivan,prvi,,https://olx.ba/shops/Alija66884/aktivni
Almin_Amko,Sve,Gold,Zenica,Zeničko-dobojski kanton,0,0,0,0,18,neaktivan,prvi,,https://olx.ba/shops/Almin_Amko/aktivni
ALMY,ALMY D.O.O. ZENICA,Gold,Zenica,Zeničko-dobojski kanton,11,10,10,1,1,salon,prvi,,https://olx.ba/shops/ALMY/aktivni
ALMY_NEKRETNINE,ALMY_NEKRETNINE,Gold,Zenica,Zeničko-dobojski kanton,10,7,0,0,2,nije_auto,prvi,shop_category_id nije 17 i histogram nema dominantnu kategoriju 928 (auto dijelovi); nema veze sa automobilima,https://olx.ba/shops/ALMY_NEKRETNINE/aktivni
almytravel,Prevoz Putnika doo,Gold,Zenica,Zeničko-dobojski kanton,35,33,29,0.8,1,salon,drugi,"Dublji uzorak (33) pokazuje udio vozila 0.8788, naslovi su modeli automobila.",https://olx.ba/shops/almytravel/aktivni
alooo12,AirTv,Gold,Zenica,Zeničko-dobojski kanton,0,0,0,0,,neaktivan,prvi,,https://olx.ba/shops/alooo12/aktivni
amar___alic,Amar,Gold,Zenica,Zeničko-dobojski kanton,0,0,0,0,18,neaktivan,prvi,,https://olx.ba/shops/amar___alic/aktivni
amar_alicc,Amat,Gold,Zenica,Zeničko-dobojski kanton,0,0,0,0,18,neaktivan,prvi,,https://olx.ba/shops/amar_alicc/aktivni
amaralic_90,Amar,Gold,Zenica,Zeničko-dobojski kanton,0,0,0,0,18,neaktivan,prvi,,https://olx.ba/shops/amaralic_90/aktivni
AncoNo1259,Aneloni,Gold,Zenica,Zeničko-dobojski kanton,0,0,0,0,,neaktivan,prvi,,https://olx.ba/shops/AncoNo1259/aktivni
Anes_Babic,Anes_Babic,Gold,Zenica,Zeničko-dobojski kanton,0,0,0,0,18,neaktivan,prvi,,https://olx.ba/shops/Anes_Babic/aktivni
as_produkcija,"SD, AS-PRODUKCIJA, VLASNIK HASANOVIC RESAD, ZENICA",Gold,Zenica,Zeničko-dobojski kanton,7,7,0,0,18,nije_auto,prvi,shop_category_id nije 17 i histogram nema dominantnu kategoriju 928 (auto dijelovi); nema veze sa automobilima,https://olx.ba/shops/as_produkcija/aktivni
auto_part_bih,auto_part_bih,Gold,Zenica,Zeničko-dobojski kanton,3,0,0,0,17,neaktivan,prvi,,https://olx.ba/shops/auto_part_bih/aktivni
Auto_transport1,Auto_transport1,Gold,Zenica,Zeničko-dobojski kanton,0,0,0,0,18,neaktivan,prvi,,https://olx.ba/shops/Auto_transport1/aktivni
AutoGem,"AutoGem d.o.o. Zenica, Gornji Cajdras 3c",Gold,Zenica,Zeničko-dobojski kanton,1,0,0,0,18,neaktivan,prvi,,https://olx.ba/shops/AutoGem/aktivni
Baboi,Baboi,Gold,Zenica,Zeničko-dobojski kanton,0,0,0,0,18,neaktivan,prvi,,https://olx.ba/shops/Baboi/aktivni
bajsszee,bajs Zenica,Gold,Zenica,Zeničko-dobojski kanton,11,0,0,0,18,neaktivan,prvi,,https://olx.ba/shops/bajsszee/aktivni
BauCentarALMY,Bau Centar Almy Zenica,Gold,Zenica,Zeničko-dobojski kanton,72,5,0,0,18,nije_auto,prvi,shop_category_id nije 17 i histogram nema dominantnu kategoriju 928 (auto dijelovi); nema veze sa automobilima,https://olx.ba/shops/BauCentarALMY/aktivni
bega9383772,Puni naziv OLX shopa,Gold,Zenica,Zeničko-dobojski kanton,0,0,0,0,18,neaktivan,prvi,,https://olx.ba/shops/bega9383772/aktivni
Beganovicdoo,Autocentar Beganović d.o.o.,Gold,Zenica,Zeničko-dobojski kanton,680,0,0,0,17,neaktivan,prvi,,https://olx.ba/shops/Beganovicdoo/aktivni
Comp_Expert,Comp-Expert d.o.o Poslovnica 1,Gold,Zenica,Zeničko-dobojski kanton,1293,1232,0,0,18,nije_auto,prvi,shop_category_id nije 17 i histogram nema dominantnu kategoriju 928 (auto dijelovi); nema veze sa automobilima,https://olx.ba/shops/Comp_Expert/aktivni
DaniTradeDoo,DaniTradeDoo,Gold,Zenica,Zeničko-dobojski kanton,4,4,4,1,1,salon,prvi,,https://olx.ba/shops/DaniTradeDoo/aktivni
Daria_1234,Daria_1234,Gold,Zenica,Zeničko-dobojski kanton,0,0,0,0,18,neaktivan,prvi,,https://olx.ba/shops/Daria_1234/aktivni
Deni134,Premieer racun,Gold,Zenica,Zeničko-dobojski kanton,1,0,0,0,18,neaktivan,prvi,,https://olx.ba/shops/Deni134/aktivni
derva_s60,OLX shop,Gold,Zenica,Zeničko-dobojski kanton,0,0,0,0,18,neaktivan,prvi,,https://olx.ba/shops/derva_s60/aktivni
DilaverShop,DilaverShop,Gold,Zenica,Zeničko-dobojski kanton,0,0,0,0,18,neaktivan,prvi,,https://olx.ba/shops/DilaverShop/aktivni
DomStil_Zenica,Dom i Stil Zenica,Gold,Zenica,Zeničko-dobojski kanton,3418,3406,0,0,18,nije_auto,prvi,shop_category_id nije 17 i histogram nema dominantnu kategoriju 928 (auto dijelovi); nema veze sa automobilima,https://olx.ba/shops/DomStil_Zenica/aktivni
DOTShop,DOTShop,Gold,Zenica,Zeničko-dobojski kanton,646,579,0,0,18,nije_auto,prvi,shop_category_id nije 17 i histogram nema dominantnu kategoriju 928 (auto dijelovi); nema veze sa automobilima,https://olx.ba/shops/DOTShop/aktivni
drmex75,OLX,Gold,Zenica,Zeničko-dobojski kanton,0,0,0,0,18,neaktivan,prvi,,https://olx.ba/shops/drmex75/aktivni
Ducan_M,Ducan M,Gold,Zenica,Zeničko-dobojski kanton,830,829,34,0.087,18,nije_auto,drugi,"Dublji uzorak (49) pokazuje udio vozila 0.0408, naslovi su dijelovi/oprema/usluge.",https://olx.ba/shops/Ducan_M/aktivni
Dzanko_55,kupovina,Gold,Zenica,Zeničko-dobojski kanton,0,0,0,0,18,neaktivan,prvi,,https://olx.ba/shops/Dzanko_55/aktivni
Ednaedna1234,Bijela tehnika,Gold,Zenica,Zeničko-dobojski kanton,0,0,0,0,18,neaktivan,prvi,,https://olx.ba/shops/Ednaedna1234/aktivni
Elektronika_doo,Elektronika_doo,Gold,Zenica,Zeničko-dobojski kanton,0,0,0,0,18,neaktivan,prvi,,https://olx.ba/shops/Elektronika_doo/aktivni
Emir274475,PUNI NAZIV OLX ŠOPA,Gold,Zenica,Zeničko-dobojski kanton,0,0,0,0,18,neaktivan,prvi,,https://olx.ba/shops/Emir274475/aktivni
Ermin6983,Erminn,Gold,Zenica,Zeničko-dobojski kanton,0,0,0,0,18,neaktivan,prvi,,https://olx.ba/shops/Ermin6983/aktivni
FatihossYT,Fatih,Gold,Zenica,Zeničko-dobojski kanton,0,0,0,0,,neaktivan,prvi,,https://olx.ba/shops/FatihossYT/aktivni
GOG_doo,GOG d.o.o. Zenica,Gold,Zenica,Zeničko-dobojski kanton,22,22,0,0,18,nije_auto,prvi,shop_category_id nije 17 i histogram nema dominantnu kategoriju 928 (auto dijelovi); nema veze sa automobilima,https://olx.ba/shops/GOG_doo/aktivni
GRUNDAGENCY,Agencija za promet nekretnina,Gold,Zenica,Zeničko-dobojski kanton,32,32,0,0,2,nije_auto,prvi,shop_category_id nije 17 i histogram nema dominantnu kategoriju 928 (auto dijelovi); nema veze sa automobilima,https://olx.ba/shops/GRUNDAGENCY/aktivni
hanci450,Hanci,Gold,Zenica,Zeničko-dobojski kanton,0,0,0,0,18,neaktivan,prvi,,https://olx.ba/shops/hanci450/aktivni
Hare099,Haryjeee,Gold,Zenica,Zeničko-dobojski kanton,0,0,0,0,18,neaktivan,prvi,,https://olx.ba/shops/Hare099/aktivni
hqnq44,hqnq44,Gold,Zenica,Zeničko-dobojski kanton,0,0,0,0,18,neaktivan,prvi,,https://olx.ba/shops/hqnq44/aktivni
iMobilee,imobile,Gold,Zenica,Zeničko-dobojski kanton,936,935,0,0,18,nije_auto,prvi,shop_category_id nije 17 i histogram nema dominantnu kategoriju 928 (auto dijelovi); nema veze sa automobilima,https://olx.ba/shops/iMobilee/aktivni
Imranspqhq,Kancelarijska stolica/gamimg stolica,Gold,Zenica,Zeničko-dobojski kanton,0,0,0,0,18,neaktivan,prvi,,https://olx.ba/shops/Imranspqhq/aktivni
ismihanah894,ismihana,Gold,Zenica,Zeničko-dobojski kanton,1,0,0,0,18,neaktivan,prvi,,https://olx.ba/shops/ismihanah894/aktivni
katyli,Sve,Gold,Zenica,Zeničko-dobojski kanton,0,0,0,0,18,neaktivan,prvi,,https://olx.ba/shops/katyli/aktivni
KlimaShop,KlimaShop.ba,Gold,Zenica,Zeničko-dobojski kanton,0,0,0,0,18,neaktivan,prvi,,https://olx.ba/shops/KlimaShop/aktivni
KupiDRES,KupiDres,Gold,Zenica,Zeničko-dobojski kanton,1317,1317,0,0,18,nije_auto,prvi,shop_category_id nije 17 i histogram nema dominantnu kategoriju 928 (auto dijelovi); nema veze sa automobilima,https://olx.ba/shops/KupiDRES/aktivni
Leeegendaaa,Passat 5,Gold,Zenica,Zeničko-dobojski kanton,0,0,0,0,18,neaktivan,prvi,,https://olx.ba/shops/Leeegendaaa/aktivni
majafasade,Maja Boje Fasade Keramika,Gold,Zenica,Zeničko-dobojski kanton,11,11,0,0,18,nije_auto,prvi,shop_category_id nije 17 i histogram nema dominantnu kategoriju 928 (auto dijelovi); nema veze sa automobilima,https://olx.ba/shops/majafasade/aktivni
MBikeZenica,M-Bike Shop,Gold,Zenica,Zeničko-dobojski kanton,531,531,94,0.3,18,mjesovito,drugi,"Dublji uzorak (51) pokazuje udio vozila 0.1765, tezisno i vozila i dijelovi.",https://olx.ba/shops/MBikeZenica/aktivni
MENNELECTRONIC,MENN-ELECTRONIC d.o.o. Zenica,Gold,Zenica,Zeničko-dobojski kanton,46,0,0,0,18,neaktivan,prvi,,https://olx.ba/shops/MENNELECTRONIC/aktivni
mensur_03,mensur_03,Gold,Zenica,Zeničko-dobojski kanton,0,0,0,0,18,neaktivan,prvi,,https://olx.ba/shops/mensur_03/aktivni
MesudTufekcic,Adidas patike,Gold,Zenica,Zeničko-dobojski kanton,0,0,0,0,,neaktivan,prvi,,https://olx.ba/shops/MesudTufekcic/aktivni
MotoBeganovic1,Moto Beganović d.o.o.,Gold,Zenica,Zeničko-dobojski kanton,31,28,28,1,1,salon,prvi,,https://olx.ba/shops/MotoBeganovic1/aktivni
MotoCentar46doo,Moto Centar 46 do.o.,Gold,Zenica,Zeničko-dobojski kanton,32,33,33,1,1,salon,prvi,,https://olx.ba/shops/MotoCentar46doo/aktivni
Msciscenje,Ciscenje i odrzavanje zgrada,Gold,Zenica,Zeničko-dobojski kanton,0,0,0,0,18,neaktivan,prvi,,https://olx.ba/shops/Msciscenje/aktivni
nekoje78012678,Nekoje78012,Gold,Zenica,Zeničko-dobojski kanton,0,0,0,0,18,neaktivan,prvi,,https://olx.ba/shops/nekoje78012678/aktivni
opakize,Smetalo13,Gold,Zenica,Zeničko-dobojski kanton,0,0,0,0,18,neaktivan,prvi,,https://olx.ba/shops/opakize/aktivni
pharmalab,PharmaLab Biljne Kapi,Gold,Zenica,Zeničko-dobojski kanton,0,0,0,0,18,neaktivan,prvi,,https://olx.ba/shops/pharmalab/aktivni
ProComp,ProComp d.o.o.,Gold,Zenica,Zeničko-dobojski kanton,8919,8699,0,0,18,nije_auto,prvi,shop_category_id nije 17 i histogram nema dominantnu kategoriju 928 (auto dijelovi); nema veze sa automobilima,https://olx.ba/shops/ProComp/aktivni
ProMarket,ProMarket,Gold,Zenica,Zeničko-dobojski kanton,6414,6413,0,0,18,nije_auto,prvi,shop_category_id nije 17 i histogram nema dominantnu kategoriju 928 (auto dijelovi); nema veze sa automobilima,https://olx.ba/shops/ProMarket/aktivni
ProtonSuplement,Proton Suplementi,Gold,Zenica,Zeničko-dobojski kanton,524,414,0,0,18,nije_auto,prvi,shop_category_id nije 17 i histogram nema dominantnu kategoriju 928 (auto dijelovi); nema veze sa automobilima,https://olx.ba/shops/ProtonSuplement/aktivni
Redzozapad,Silver,Gold,Zenica,Zeničko-dobojski kanton,0,0,0,0,18,neaktivan,prvi,,https://olx.ba/shops/Redzozapad/aktivni
Sarih123,Sarih123,Gold,Zenica,Zeničko-dobojski kanton,0,0,0,0,,neaktivan,prvi,,https://olx.ba/shops/Sarih123/aktivni
Saudins1234,Saudins1234,Gold,Zenica,Zeničko-dobojski kanton,0,0,0,0,18,neaktivan,prvi,,https://olx.ba/shops/Saudins1234/aktivni
skelaioplata,skelaioplata,Gold,Zenica,Zeničko-dobojski kanton,23,23,0,0,18,nije_auto,prvi,shop_category_id nije 17 i histogram nema dominantnu kategoriju 928 (auto dijelovi); nema veze sa automobilima,https://olx.ba/shops/skelaioplata/aktivni
StrongAuto,Strong Auto d.o.o.,Gold,Zenica,Zeničko-dobojski kanton,18,18,0,0,17,dijelovi,prvi,,https://olx.ba/shops/StrongAuto/aktivni
tareeM4,Tarik,Gold,Zenica,Zeničko-dobojski kanton,0,0,0,0,18,neaktivan,prvi,,https://olx.ba/shops/tareeM4/aktivni
telefonikka,MOBIL SHOP,Gold,Zenica,Zeničko-dobojski kanton,50,48,0,0,18,nije_auto,prvi,shop_category_id nije 17 i histogram nema dominantnu kategoriju 928 (auto dijelovi); nema veze sa automobilima,https://olx.ba/shops/telefonikka/aktivni
terraB,terraB,Gold,Zenica,Zeničko-dobojski kanton,0,0,0,0,2,neaktivan,prvi,,https://olx.ba/shops/terraB/aktivni
tikame,OTKUP MOBITELA,Gold,Zenica,Zeničko-dobojski kanton,209,16,0,0,18,nije_auto,prvi,shop_category_id nije 17 i histogram nema dominantnu kategoriju 928 (auto dijelovi); nema veze sa automobilima,https://olx.ba/shops/tikame/aktivni
TRAEXAUTOdoo,TRAEX d.o.o.,Gold,Zenica,Zeničko-dobojski kanton,0,3,3,1,1,salon,prvi,,https://olx.ba/shops/TRAEXAUTOdoo/aktivni
TURBOCARS,T.R. TURBO CARS,Gold,Zenica,Zeničko-dobojski kanton,95,0,0,0,17,neaktivan,prvi,,https://olx.ba/shops/TURBOCARS/aktivni
twinturbo_SM,AutoSpaZenica,Gold,Zenica,Zeničko-dobojski kanton,8,0,0,0,18,neaktivan,prvi,,https://olx.ba/shops/twinturbo_SM/aktivni
ULTRAAUTOdoo,ULTRAAUTOdoo,Gold,Zenica,Zeničko-dobojski kanton,3504,3503,0,0,17,dijelovi,prvi,,https://olx.ba/shops/ULTRAAUTOdoo/aktivni
volvobih,AUTO OTPAD VOLVO,Gold,Zenica,Zeničko-dobojski kanton,2144,2120,0,0,17,dijelovi,prvi,,https://olx.ba/shops/volvobih/aktivni
woodlanddoo,Woodland Doo,Gold,Zenica,Zeničko-dobojski kanton,0,0,0,0,18,neaktivan,prvi,,https://olx.ba/shops/woodlanddoo/aktivni
Zejd_kablar1,Zejd_kablar1,Gold,Zenica,Zeničko-dobojski kanton,3,0,0,0,18,neaktivan,prvi,,https://olx.ba/shops/Zejd_kablar1/aktivni
AutTDI,Aut TDI DOO,Platinum,Žepče,Zeničko-dobojski kanton,6275,6287,0,0,17,dijelovi,prvi,,https://olx.ba/shops/AutTDI/aktivni
Harisakasapovic,Oglasi,Platinum,Žepče,Zeničko-dobojski kanton,0,0,0,0,18,neaktivan,prvi,,https://olx.ba/shops/Harisakasapovic/aktivni
jsh3hs6w61i,Gameprodaja,Platinum,Žepče,Zeničko-dobojski kanton,0,1,0,0,18,nije_auto,prvi,shop_category_id nije 17 i histogram nema dominantnu kategoriju 928 (auto dijelovi); nema veze sa automobilima,https://olx.ba/shops/jsh3hs6w61i/aktivni
mariozepce,mariozepce,Platinum,Žepče,Zeničko-dobojski kanton,14,11,11,1,1,salon,prvi,,https://olx.ba/shops/mariozepce/aktivni
zepce_99,zepceshop,Platinum,Žepče,Zeničko-dobojski kanton,0,0,0,0,,neaktivan,prvi,,https://olx.ba/shops/zepce_99/aktivni
A_M_Inter_stil,A.M.Inter-stil NAMJEŠTAJ PO MJERI,Gold,Žepče,Zeničko-dobojski kanton,1,0,0,0,18,neaktivan,prvi,,https://olx.ba/shops/A_M_Inter_stil/aktivni
ado_a_23,ado,Gold,Žepče,Zeničko-dobojski kanton,0,0,0,0,18,neaktivan,prvi,,https://olx.ba/shops/ado_a_23/aktivni
AGROKATAVAdoo,AGROKATAVAdoo,Gold,Žepče,Zeničko-dobojski kanton,6,0,0,0,17,neaktivan,prvi,,https://olx.ba/shops/AGROKATAVAdoo/aktivni
aid94,aid94,Gold,Žepče,Zeničko-dobojski kanton,0,0,0,0,1,neaktivan,prvi,,https://olx.ba/shops/aid94/aktivni
autoparkzepce,Auto park d.o.o Žepče,Gold,Žepče,Zeničko-dobojski kanton,14,13,13,1,1,salon,prvi,,https://olx.ba/shops/autoparkzepce/aktivni
AutoStartAM,AutoStartAM,Gold,Žepče,Zeničko-dobojski kanton,3619,3619,0,0,17,dijelovi,prvi,,https://olx.ba/shops/AutoStartAM/aktivni
Bosnakiki,Trgovina,Gold,Žepče,Zeničko-dobojski kanton,0,0,0,0,,neaktivan,prvi,,https://olx.ba/shops/Bosnakiki/aktivni
Dragicevic_doo,dragicevic doo,Gold,Žepče,Zeničko-dobojski kanton,23,22,22,1,1,salon,prvi,,https://olx.ba/shops/Dragicevic_doo/aktivni
expert_123,Trgovina,Gold,Žepče,Zeničko-dobojski kanton,0,0,0,0,18,neaktivan,prvi,,https://olx.ba/shops/expert_123/aktivni
Harsoni,Harsoni,Gold,Žepče,Zeničko-dobojski kanton,0,0,0,0,18,neaktivan,prvi,,https://olx.ba/shops/Harsoni/aktivni
Hssbhssh,Hssbhssh,Gold,Žepče,Zeničko-dobojski kanton,0,0,0,0,18,neaktivan,prvi,,https://olx.ba/shops/Hssbhssh/aktivni
ilijacbrdo,Olix sop,Gold,Žepče,Zeničko-dobojski kanton,0,0,0,0,18,neaktivan,prvi,,https://olx.ba/shops/ilijacbrdo/aktivni
jasminm657,Jasmin,Gold,Žepče,Zeničko-dobojski kanton,1,0,0,0,18,neaktivan,prvi,,https://olx.ba/shops/jasminm657/aktivni
mak112___12,Inisa,Gold,Žepče,Zeničko-dobojski kanton,0,0,0,0,18,neaktivan,prvi,,https://olx.ba/shops/mak112___12/aktivni
Mireeks,Mireeks,Gold,Žepče,Zeničko-dobojski kanton,0,0,0,0,18,neaktivan,prvi,,https://olx.ba/shops/Mireeks/aktivni
Mireeks2,Mireeks2,Gold,Žepče,Zeničko-dobojski kanton,0,0,0,0,18,neaktivan,prvi,,https://olx.ba/shops/Mireeks2/aktivni
Mireeks22,Mireeks22,Gold,Žepče,Zeničko-dobojski kanton,0,0,0,0,18,neaktivan,prvi,,https://olx.ba/shops/Mireeks22/aktivni
mumi201,AUTO OTPAD MUMI,Gold,Žepče,Zeničko-dobojski kanton,8072,8072,0,0,17,dijelovi,prvi,,https://olx.ba/shops/mumi201/aktivni
silopavlovic,SiloKamioni,Gold,Žepče,Zeničko-dobojski kanton,12,12,12,1,1,salon,prvi,,https://olx.ba/shops/silopavlovic/aktivni
SinanZvekic234,Prodajem konja,Gold,Žepče,Zeničko-dobojski kanton,0,0,0,0,18,neaktivan,prvi,,https://olx.ba/shops/SinanZvekic234/aktivni
SLISKO_SD_doo,SLISKO_SD_doo,Gold,Žepče,Zeničko-dobojski kanton,2,0,0,0,18,neaktivan,prvi,,https://olx.ba/shops/SLISKO_SD_doo/aktivni
susic21,Susic21,Gold,Žepče,Zeničko-dobojski kanton,0,0,0,0,,neaktivan,prvi,,https://olx.ba/shops/susic21/aktivni
TEHNODROMdoo,Tehnodrom,Gold,Žepče,Zeničko-dobojski kanton,0,0,0,0,,neaktivan,prvi,,https://olx.ba/shops/TEHNODROMdoo/aktivni
adem888,"Auto Hasanovic d.o.o. Živinice , Alije Izedbegovića 35",Platinum,Živinice,Tuzlanski kanton,8,9,9,1,1,salon,prvi,,https://olx.ba/shops/adem888/aktivni
AMComputers,AMC Computers d.o.o,Platinum,Živinice,Tuzlanski kanton,1675,831,0,0,18,nije_auto,prvi,shop_category_id nije 17 i histogram nema dominantnu kategoriju 928 (auto dijelovi); nema veze sa automobilima,https://olx.ba/shops/AMComputers/aktivni
AutoElegant,Auto Elegant D.o.o,Platinum,Živinice,Tuzlanski kanton,61,55,55,1,1,salon,prvi,,https://olx.ba/shops/AutoElegant/aktivni
aZrA66g,aZrA66g,Platinum,Živinice,Tuzlanski kanton,0,0,0,0,2,neaktivan,prvi,,https://olx.ba/shops/aZrA66g/aktivni
azrudin,shoperjjs.olx.ba,Platinum,Živinice,Tuzlanski kanton,1,0,0,0,18,neaktivan,prvi,,https://olx.ba/shops/azrudin/aktivni
azurrr6,azurrr6,Platinum,Živinice,Tuzlanski kanton,0,0,0,0,18,neaktivan,prvi,,https://olx.ba/shops/azurrr6/aktivni
DEAutos,AC PREMIUM d.o.o. Zivinice,Platinum,Živinice,Tuzlanski kanton,30,18,18,1,1,salon,prvi,,https://olx.ba/shops/DEAutos/aktivni
DooNutria,Nutria d.o.o - Alu i PVC stolarija,Platinum,Živinice,Tuzlanski kanton,7,7,0,0,18,nije_auto,prvi,shop_category_id nije 17 i histogram nema dominantnu kategoriju 928 (auto dijelovi); nema veze sa automobilima,https://olx.ba/shops/DooNutria/aktivni
Dzeno_234,Dzeno_234,Platinum,Živinice,Tuzlanski kanton,0,0,0,0,18,neaktivan,prvi,,https://olx.ba/shops/Dzeno_234/aktivni
ELINMotors,ELIN Motors Bosnia doo,Platinum,Živinice,Tuzlanski kanton,13,13,0,0,18,nije_auto,prvi,shop_category_id nije 17 i histogram nema dominantnu kategoriju 928 (auto dijelovi); nema veze sa automobilima,https://olx.ba/shops/ELINMotors/aktivni
HAMERCENTAR,HAMMER CENTAR d.o.o.,Platinum,Živinice,Tuzlanski kanton,1911,1911,0,0,17,dijelovi,prvi,,https://olx.ba/shops/HAMERCENTAR/aktivni
HamrGiftShop,HamrGiftShop,Platinum,Živinice,Tuzlanski kanton,2,0,0,0,,neaktivan,prvi,,https://olx.ba/shops/HamrGiftShop/aktivni
MobitelStudio,MOBITEL STUDIO GROUP,Platinum,Živinice,Tuzlanski kanton,1458,1417,0,0,18,nije_auto,prvi,shop_category_id nije 17 i histogram nema dominantnu kategoriju 928 (auto dijelovi); nema veze sa automobilima,https://olx.ba/shops/MobitelStudio/aktivni
nikilauda,TermoStati,Platinum,Živinice,Tuzlanski kanton,2588,2526,0,0,18,nije_auto,prvi,shop_category_id nije 17 i histogram nema dominantnu kategoriju 928 (auto dijelovi); nema veze sa automobilima,https://olx.ba/shops/nikilauda/aktivni
pc_racunari,pc_racunari,Platinum,Živinice,Tuzlanski kanton,744,0,0,0,18,neaktivan,prvi,,https://olx.ba/shops/pc_racunari/aktivni
perfectAUTOSS,FANTASTIC AUTO M3 DOO,Platinum,Živinice,Tuzlanski kanton,20,19,18,0.9474,1,salon,prvi,,https://olx.ba/shops/perfectAUTOSS/aktivni
Poljogradnjadoo,POLJOGRADNJA DOO,Platinum,Živinice,Tuzlanski kanton,585,585,0,0,18,nije_auto,prvi,shop_category_id nije 17 i histogram nema dominantnu kategoriju 928 (auto dijelovi); nema veze sa automobilima,https://olx.ba/shops/Poljogradnjadoo/aktivni
salonAS,Salon AS d.o.o Živinice,Platinum,Živinice,Tuzlanski kanton,76,75,75,1,1,salon,prvi,,https://olx.ba/shops/salonAS/aktivni
ScoobyDoo96,M,Platinum,Živinice,Tuzlanski kanton,0,0,0,0,18,neaktivan,prvi,,https://olx.ba/shops/ScoobyDoo96/aktivni
Slinedoo,S line doo Zivinice,Platinum,Živinice,Tuzlanski kanton,11,11,9,0.8182,1,salon,drugi,"Dublji uzorak (11) pokazuje udio vozila 0.8182, naslovi su modeli automobila.",https://olx.ba/shops/Slinedoo/aktivni
Smart_Zivinice,Smart_Zivinice,Platinum,Živinice,Tuzlanski kanton,7019,0,0,0,,neaktivan,prvi,,https://olx.ba/shops/Smart_Zivinice/aktivni
Sobrex,SuperGoldi,Platinum,Živinice,Tuzlanski kanton,583,581,0,0,18,nije_auto,prvi,shop_category_id nije 17 i histogram nema dominantnu kategoriju 928 (auto dijelovi); nema veze sa automobilima,https://olx.ba/shops/Sobrex/aktivni
STARCENTAR,STARCENTAR,Platinum,Živinice,Tuzlanski kanton,40,39,39,1,1,salon,prvi,,https://olx.ba/shops/STARCENTAR/aktivni
tehnomixdoo,tehno mix doo,Platinum,Živinice,Tuzlanski kanton,1681,1672,0,0,18,nije_auto,prvi,shop_category_id nije 17 i histogram nema dominantnu kategoriju 928 (auto dijelovi); nema veze sa automobilima,https://olx.ba/shops/tehnomixdoo/aktivni
UnlimitStore,UNLIMIT,Platinum,Živinice,Tuzlanski kanton,14501,14710,0,0,17,dijelovi,prvi,,https://olx.ba/shops/UnlimitStore/aktivni
VindexShop,VindexShop,Platinum,Živinice,Tuzlanski kanton,57,57,0,0,18,nije_auto,prvi,shop_category_id nije 17 i histogram nema dominantnu kategoriju 928 (auto dijelovi); nema veze sa automobilima,https://olx.ba/shops/VindexShop/aktivni
VsTex,VsTex,Platinum,Živinice,Tuzlanski kanton,105,103,0,0,18,nije_auto,prvi,shop_category_id nije 17 i histogram nema dominantnu kategoriju 928 (auto dijelovi); nema veze sa automobilima,https://olx.ba/shops/VsTex/aktivni
accaunt88,Accaunt88,Gold,Živinice,Tuzlanski kanton,0,0,0,0,,neaktivan,prvi,,https://olx.ba/shops/accaunt88/aktivni
AirTools,Air Tools d.o.o. Živinice,Gold,Živinice,Tuzlanski kanton,2802,2025,0,0,18,nije_auto,prvi,shop_category_id nije 17 i histogram nema dominantnu kategoriju 928 (auto dijelovi); nema veze sa automobilima,https://olx.ba/shops/AirTools/aktivni
ajdin0q,ajdin,Gold,Živinice,Tuzlanski kanton,0,0,0,0,18,neaktivan,prvi,,https://olx.ba/shops/ajdin0q/aktivni
Alandal,E&S OnlineProdaja,Gold,Živinice,Tuzlanski kanton,13,0,0,0,18,neaktivan,prvi,,https://olx.ba/shops/Alandal/aktivni
amiraga,amiraga,Gold,Živinice,Tuzlanski kanton,16,8,0,0,18,nije_auto,prvi,shop_category_id nije 17 i histogram nema dominantnu kategoriju 928 (auto dijelovi); nema veze sa automobilima,https://olx.ba/shops/amiraga/aktivni
Baby_Lux,BABY LUX DOO,Gold,Živinice,Tuzlanski kanton,984,976,0,0,18,nije_auto,prvi,shop_category_id nije 17 i histogram nema dominantnu kategoriju 928 (auto dijelovi); nema veze sa automobilima,https://olx.ba/shops/Baby_Lux/aktivni
Baufit,Baufit PVC & ALU sistemi,Gold,Živinice,Tuzlanski kanton,21,21,0,0,18,nije_auto,prvi,shop_category_id nije 17 i histogram nema dominantnu kategoriju 928 (auto dijelovi); nema veze sa automobilima,https://olx.ba/shops/Baufit/aktivni
BellenKozmetika,Bellen,Gold,Živinice,Tuzlanski kanton,4,0,0,0,18,neaktivan,prvi,,https://olx.ba/shops/BellenKozmetika/aktivni
BenjaminMesic12,Benjamin Mesic,Gold,Živinice,Tuzlanski kanton,0,0,0,0,,neaktivan,prvi,,https://olx.ba/shops/BenjaminMesic12/aktivni
BHQUAD,BHQUAD,Gold,Živinice,Tuzlanski kanton,43,43,43,1,1,salon,prvi,,https://olx.ba/shops/BHQUAD/aktivni
BMCompany1,BM Company Online shop,Gold,Živinice,Tuzlanski kanton,125,124,0,0,18,nije_auto,prvi,shop_category_id nije 17 i histogram nema dominantnu kategoriju 928 (auto dijelovi); nema veze sa automobilima,https://olx.ba/shops/BMCompany1/aktivni
BMCSUPERSHOP,BMCSUPERSHOP,Gold,Živinice,Tuzlanski kanton,134,91,0,0,18,nije_auto,prvi,shop_category_id nije 17 i histogram nema dominantnu kategoriju 928 (auto dijelovi); nema veze sa automobilima,https://olx.ba/shops/BMCSUPERSHOP/aktivni
BosforStil,''BOSFOR STIL'' DOO ŽIVINICE,Gold,Živinice,Tuzlanski kanton,30,30,0,0,18,nije_auto,prvi,shop_category_id nije 17 i histogram nema dominantnu kategoriju 928 (auto dijelovi); nema veze sa automobilima,https://olx.ba/shops/BosforStil/aktivni
CFMOTO_INEA,INEA GRADNJA DOo,Gold,Živinice,Tuzlanski kanton,0,0,0,0,,neaktivan,prvi,,https://olx.ba/shops/CFMOTO_INEA/aktivni
CFMOTO_ZIVINICE,BH QUAD CENTAR DOO ZIVINICE,Gold,Živinice,Tuzlanski kanton,24,24,24,1,1,salon,prvi,,https://olx.ba/shops/CFMOTO_ZIVINICE/aktivni
denis03,Denis03,Gold,Živinice,Tuzlanski kanton,174,174,0,0,18,nije_auto,prvi,shop_category_id nije 17 i histogram nema dominantnu kategoriju 928 (auto dijelovi); nema veze sa automobilima,https://olx.ba/shops/denis03/aktivni
Disk,Disk doo,Gold,Živinice,Tuzlanski kanton,5,0,0,0,18,neaktivan,prvi,,https://olx.ba/shops/Disk/aktivni
Dmaxmax,D-Max d.o.o,Gold,Živinice,Tuzlanski kanton,21,1,0,0,18,nije_auto,prvi,shop_category_id nije 17 i histogram nema dominantnu kategoriju 928 (auto dijelovi); nema veze sa automobilima,https://olx.ba/shops/Dmaxmax/aktivni
DNComputers,DNComputers,Gold,Živinice,Tuzlanski kanton,115,112,0,0,18,nije_auto,prvi,shop_category_id nije 17 i histogram nema dominantnu kategoriju 928 (auto dijelovi); nema veze sa automobilima,https://olx.ba/shops/DNComputers/aktivni
Dr_Djuly,LuxMobile,Gold,Živinice,Tuzlanski kanton,58,37,0,0,18,nije_auto,prvi,shop_category_id nije 17 i histogram nema dominantnu kategoriju 928 (auto dijelovi); nema veze sa automobilima,https://olx.ba/shops/Dr_Djuly/aktivni
dzdzolabrat,dzdzolabrat,Gold,Živinice,Tuzlanski kanton,0,0,0,0,18,neaktivan,prvi,,https://olx.ba/shops/dzdzolabrat/aktivni
Elmox283,Elmox283,Gold,Živinice,Tuzlanski kanton,0,0,0,0,18,neaktivan,prvi,,https://olx.ba/shops/Elmox283/aktivni
Elmox524,Elmox,Gold,Živinice,Tuzlanski kanton,0,0,0,0,18,neaktivan,prvi,,https://olx.ba/shops/Elmox524/aktivni
Elvirbec,Olx shop,Gold,Živinice,Tuzlanski kanton,0,0,0,0,,neaktivan,prvi,,https://olx.ba/shops/Elvirbec/aktivni
elvisa1,elvisa1,Gold,Živinice,Tuzlanski kanton,422,420,0,0,18,nije_auto,prvi,shop_category_id nije 17 i histogram nema dominantnu kategoriju 928 (auto dijelovi); nema veze sa automobilima,https://olx.ba/shops/elvisa1/aktivni
farkanfarkan,Prodaja kupovina,Gold,Živinice,Tuzlanski kanton,0,0,0,0,18,neaktivan,prvi,,https://olx.ba/shops/farkanfarkan/aktivni
ForzaVenditaCar,alii,Gold,Živinice,Tuzlanski kanton,4,1,0,0,1,nije_auto,prvi,shop_category_id nije 17 i histogram nema dominantnu kategoriju 928 (auto dijelovi); nema veze sa automobilima,https://olx.ba/shops/ForzaVenditaCar/aktivni
Granux,Shopa,Gold,Živinice,Tuzlanski kanton,0,0,0,0,,neaktivan,prvi,,https://olx.ba/shops/Granux/aktivni
IBAAuto,IBA Transkop,Gold,Živinice,Tuzlanski kanton,1,0,0,0,1,neaktivan,prvi,,https://olx.ba/shops/IBAAuto/aktivni
Infobirocomm,INFOBIRO Commerce,Gold,Živinice,Tuzlanski kanton,89,75,0,0,18,nije_auto,prvi,shop_category_id nije 17 i histogram nema dominantnu kategoriju 928 (auto dijelovi); nema veze sa automobilima,https://olx.ba/shops/Infobirocomm/aktivni
kenansmajo,Kenansmajo,Gold,Živinice,Tuzlanski kanton,0,0,0,0,,neaktivan,prvi,,https://olx.ba/shops/kenansmajo/aktivni
Keradisk,Kera&DIsk - Salon Keramike Granita i Laminata,Gold,Živinice,Tuzlanski kanton,31,40,0,0,18,nije_auto,prvi,shop_category_id nije 17 i histogram nema dominantnu kategoriju 928 (auto dijelovi); nema veze sa automobilima,https://olx.ba/shops/Keradisk/aktivni
kravakonj,Dot480,Gold,Živinice,Tuzlanski kanton,0,0,0,0,18,neaktivan,prvi,,https://olx.ba/shops/kravakonj/aktivni
LimexShop,Limex d.o.o. Živinice,Gold,Živinice,Tuzlanski kanton,393,341,77,0.15,18,mjesovito,drugi,"Dublji uzorak (40) pokazuje udio vozila 0.225, tezisno i vozila i dijelovi.",https://olx.ba/shops/LimexShop/aktivni
LOVRANdoo,LOVRAN doo,Gold,Živinice,Tuzlanski kanton,69,70,0,0,17,dijelovi,prvi,,https://olx.ba/shops/LOVRANdoo/aktivni
M_GlasDesign,M_GlasDesign,Gold,Živinice,Tuzlanski kanton,15,15,0,0,18,nije_auto,prvi,shop_category_id nije 17 i histogram nema dominantnu kategoriju 928 (auto dijelovi); nema veze sa automobilima,https://olx.ba/shops/M_GlasDesign/aktivni
Macak12_Deluxe,Delux,Gold,Živinice,Tuzlanski kanton,0,0,0,0,18,neaktivan,prvi,,https://olx.ba/shops/Macak12_Deluxe/aktivni
maidkabaric,Kabarara,Gold,Živinice,Tuzlanski kanton,0,0,0,0,,neaktivan,prvi,,https://olx.ba/shops/maidkabaric/aktivni
MAX_COM,MAXCOM,Gold,Živinice,Tuzlanski kanton,20251,20195,0,0,18,nije_auto,prvi,shop_category_id nije 17 i histogram nema dominantnu kategoriju 928 (auto dijelovi); nema veze sa automobilima,https://olx.ba/shops/MAX_COM/aktivni
MBDESIGNBIH,MB_DESIGN_BIH,Gold,Živinice,Tuzlanski kanton,0,0,0,0,18,neaktivan,prvi,,https://olx.ba/shops/MBDESIGNBIH/aktivni
MiniPlay,MiniPlay,Gold,Živinice,Tuzlanski kanton,216,212,8,0.1,18,nije_auto,drugi,"Dublji uzorak (52) pokazuje udio vozila 0.0385, naslovi su dijelovi/oprema/usluge.",https://olx.ba/shops/MiniPlay/aktivni
mukylica,AZ0093,Gold,Živinice,Tuzlanski kanton,0,0,0,0,18,neaktivan,prvi,,https://olx.ba/shops/mukylica/aktivni
MultElectronics,Multi Electronics,Gold,Živinice,Tuzlanski kanton,712,706,0,0,18,nije_auto,prvi,shop_category_id nije 17 i histogram nema dominantnu kategoriju 928 (auto dijelovi); nema veze sa automobilima,https://olx.ba/shops/MultElectronics/aktivni
Murebmc,Mbmc,Gold,Živinice,Tuzlanski kanton,276,223,0,0,18,nije_auto,prvi,shop_category_id nije 17 i histogram nema dominantnu kategoriju 928 (auto dijelovi); nema veze sa automobilima,https://olx.ba/shops/Murebmc/aktivni
PointShop,Point Shop,Gold,Živinice,Tuzlanski kanton,360,339,0,0,18,nije_auto,prvi,shop_category_id nije 17 i histogram nema dominantnu kategoriju 928 (auto dijelovi); nema veze sa automobilima,https://olx.ba/shops/PointShop/aktivni
puzaa,LikeMobile,Gold,Živinice,Tuzlanski kanton,15,0,0,0,18,neaktivan,prvi,,https://olx.ba/shops/puzaa/aktivni
RefreshDoo,KlimaCentar_Refresh,Gold,Živinice,Tuzlanski kanton,0,0,0,0,,neaktivan,prvi,,https://olx.ba/shops/RefreshDoo/aktivni
Sarajgarte1,Sarajgarte,Gold,Živinice,Tuzlanski kanton,120,0,0,0,18,neaktivan,prvi,,https://olx.ba/shops/Sarajgarte1/aktivni
sentmond,Nekretnine,Gold,Živinice,Tuzlanski kanton,0,0,0,0,2,neaktivan,prvi,,https://olx.ba/shops/sentmond/aktivni
Sepet_ba,Sepet d.o.o.,Gold,Živinice,Tuzlanski kanton,40,27,0,0,18,nije_auto,prvi,shop_category_id nije 17 i histogram nema dominantnu kategoriju 928 (auto dijelovi); nema veze sa automobilima,https://olx.ba/shops/Sepet_ba/aktivni
shhsc,Šoping,Gold,Živinice,Tuzlanski kanton,0,0,0,0,18,neaktivan,prvi,,https://olx.ba/shops/shhsc/aktivni
SmartFindsBiH,SelloraBiH,Gold,Živinice,Tuzlanski kanton,116,115,0,0,18,nije_auto,prvi,shop_category_id nije 17 i histogram nema dominantnu kategoriju 928 (auto dijelovi); nema veze sa automobilima,https://olx.ba/shops/SmartFindsBiH/aktivni
SmartPointdoo,Smart Point d.o.o,Gold,Živinice,Tuzlanski kanton,1633,1420,0,0,18,nije_auto,prvi,shop_category_id nije 17 i histogram nema dominantnu kategoriju 928 (auto dijelovi); nema veze sa automobilima,https://olx.ba/shops/SmartPointdoo/aktivni
SmartXshop,SmartX Shop,Gold,Živinice,Tuzlanski kanton,197,194,0,0,18,nije_auto,prvi,shop_category_id nije 17 i histogram nema dominantnu kategoriju 928 (auto dijelovi); nema veze sa automobilima,https://olx.ba/shops/SmartXshop/aktivni
termoGLASdoo,Termoglas,Gold,Živinice,Tuzlanski kanton,22,22,0,0,18,nije_auto,prvi,shop_category_id nije 17 i histogram nema dominantnu kategoriju 928 (auto dijelovi); nema veze sa automobilima,https://olx.ba/shops/termoGLASdoo/aktivni
TeselProm,TESEL - PROM d.o.o.,Gold,Živinice,Tuzlanski kanton,38,1,0,0,17,dijelovi,prvi,,https://olx.ba/shops/TeselProm/aktivni
TrendyShop1,TrendyShop1,Gold,Živinice,Tuzlanski kanton,60,56,0,0,18,nije_auto,prvi,shop_category_id nije 17 i histogram nema dominantnu kategoriju 928 (auto dijelovi); nema veze sa automobilima,https://olx.ba/shops/TrendyShop1/aktivni
Uni_Zivinice,Uni_Zivinice,Gold,Živinice,Tuzlanski kanton,1658,726,0,0,18,nije_auto,prvi,shop_category_id nije 17 i histogram nema dominantnu kategoriju 928 (auto dijelovi); nema veze sa automobilima,https://olx.ba/shops/Uni_Zivinice/aktivni
varilackaoprema,varilackaoprema,Gold,Živinice,Tuzlanski kanton,11,0,0,0,18,neaktivan,prvi,,https://olx.ba/shops/varilackaoprema/aktivni
Zehrid61,Zehrid61,Gold,Živinice,Tuzlanski kanton,1,1,0,0,18,nije_auto,prvi,shop_category_id nije 17 i histogram nema dominantnu kategoriju 928 (auto dijelovi); nema veze sa automobilima,https://olx.ba/shops/Zehrid61/aktivni
FinishLine7,FinishLine7.olx.ba,Platinum,Zvornik,Regija Bijeljina,369,369,0,0,18,nije_auto,prvi,shop_category_id nije 17 i histogram nema dominantnu kategoriju 928 (auto dijelovi); nema veze sa automobilima,https://olx.ba/shops/FinishLine7/aktivni
KidaMotors,KidaMotors,Platinum,Zvornik,Regija Bijeljina,12,12,12,1,1,salon,prvi,,https://olx.ba/shops/KidaMotors/aktivni
LuxuryStore,LuxuryStore,Platinum,Zvornik,Regija Bijeljina,239,239,0,0,18,nije_auto,prvi,shop_category_id nije 17 i histogram nema dominantnu kategoriju 928 (auto dijelovi); nema veze sa automobilima,https://olx.ba/shops/LuxuryStore/aktivni
Pickora,Pickora,Platinum,Zvornik,Regija Bijeljina,0,0,0,0,18,neaktivan,prvi,,https://olx.ba/shops/Pickora/aktivni
Velja20_nestor,Veljo,Platinum,Zvornik,Regija Bijeljina,0,0,0,0,18,neaktivan,prvi,,https://olx.ba/shops/Velja20_nestor/aktivni
bule67,Kupujem,Gold,Zvornik,Regija Bijeljina,0,0,0,0,18,neaktivan,prvi,,https://olx.ba/shops/bule67/aktivni
draskovicmico,Nekretnine,Gold,Zvornik,Regija Bijeljina,0,0,0,0,18,neaktivan,prvi,,https://olx.ba/shops/draskovicmico/aktivni
Grome,Transport I mehanika 12 MAJ,Gold,Zvornik,Regija Bijeljina,0,0,0,0,,neaktivan,prvi,,https://olx.ba/shops/Grome/aktivni
laka23,laka23,Gold,Zvornik,Regija Bijeljina,0,0,0,0,,neaktivan,prvi,,https://olx.ba/shops/laka23/aktivni
mangol,mangol,Gold,Zvornik,Regija Bijeljina,0,0,0,0,,neaktivan,prvi,,https://olx.ba/shops/mangol/aktivni
maxtrayddoo,Max outlet shop,Gold,Zvornik,Regija Bijeljina,2,0,0,0,1,neaktivan,prvi,,https://olx.ba/shops/maxtrayddoo/aktivni
miljadin,miljadin,Gold,Zvornik,Regija Bijeljina,0,0,0,0,18,neaktivan,prvi,,https://olx.ba/shops/miljadin/aktivni
nedjocdshop,Cd Shop Kod Nedje,Gold,Zvornik,Regija Bijeljina,6,0,0,0,,neaktivan,prvi,,https://olx.ba/shops/nedjocdshop/aktivni
nn_sport_shop,Nn sport shop,Gold,Zvornik,Regija Bijeljina,77,0,0,0,18,neaktivan,prvi,,https://olx.ba/shops/nn_sport_shop/aktivni
PatikeZv2023,PatikeZv2023,Gold,Zvornik,Regija Bijeljina,0,0,0,0,18,neaktivan,prvi,,https://olx.ba/shops/PatikeZv2023/aktivni
profaaa123,Profa,Gold,Zvornik,Regija Bijeljina,0,0,0,0,18,neaktivan,prvi,,https://olx.ba/shops/profaaa123/aktivni
turboXperts,DOO.TURBOXPERTS ZVORNIK,Gold,Zvornik,Regija Bijeljina,42,43,0,0,17,dijelovi,prvi,,https://olx.ba/shops/turboXperts/aktivni
